customer,draw0,draw1,draw2,draw3,draw4,customer_value
0,0.7221450805664062,0.5224603414535522,0.5278353691101074,0.5635720491409302,0.674275279045105,358.20000000000005
4,0.5587477684020996,0.6693112850189209,0.6336687207221985,0.7127684354782104,0.7572658061981201,848.4000000000001
5,0.7225286960601807,0.6538275480270386,0.626223087310791,0.7306251525878906,0.7363113164901733,1195.8000000000002
8,0.4362105131149292,0.4724835455417633,0.4748079180717468,0.5434681177139282,0.5525177121162415,1257.6
11,0.04063871130347252,0.06830283254384995,0.011202950030565262,0.022540142759680748,0.03229482099413872,227.39999999999998
29,0.4901721775531769,0.24548253417015076,0.37617695331573486,0.4564703106880188,0.32989633083343506,776.4000000000001
30,0.03478379175066948,0.1345546543598175,0.02970958687365055,0.017456823959946632,0.027466285973787308,1156.1999999999998
32,0.17151179909706116,0.02461327612400055,0.07056272774934769,0.02985335886478424,0.049373846501111984,793.8000000000001
35,0.0806342139840126,0.030493121594190598,0.029589369893074036,0.020709743723273277,0.010425143875181675,1198.8000000000002
36,0.49803227186203003,0.5792030692100525,0.5871586203575134,0.7111627459526062,0.6798702478408813,836.4000000000001
37,0.15714745223522186,0.3603871464729309,0.26879405975341797,0.439042329788208,0.22446146607398987,897.5999999999999
42,0.18303240835666656,0.01567104086279869,0.008278712630271912,0.020725827664136887,0.03707892447710037,249.0
50,0.1458131968975067,0.718946099281311,0.5332159996032715,0.3755768835544586,0.4798606038093567,1083.0
55,0.537230908870697,0.7686894536018372,0.6185299754142761,0.5357385873794556,0.7055658102035522,1145.4
56,0.3353484272956848,0.06531894952058792,0.09729725122451782,0.07620808482170105,0.07853308320045471,1195.8000000000002
73,0.04188500717282295,0.017391491681337357,0.005249846260994673,0.015031528659164906,0.03961065784096718,291.0
74,0.27862441539764404,0.2779156565666199,0.3746567964553833,0.18305645883083344,0.295835942029953,774.0
75,0.08656088262796402,0.19190701842308044,0.33729851245880127,0.0591752715408802,0.13816151022911072,1326.0
79,0.11114431917667389,0.022607726976275444,0.008517433889210224,0.020535456016659737,0.07108768820762634,310.79999999999995
80,0.8570623993873596,0.5136557817459106,0.6544179916381836,0.7384458780288696,0.794324517250061,952.1999999999999
83,0.10531207919120789,0.4198954999446869,0.2910119891166687,0.33591675758361816,0.22032450139522552,1245.6
84,0.050415024161338806,0.03694096952676773,0.0057459743693470955,0.018043629825115204,0.04368019104003906,241.79999999999998
94,0.06528956443071365,0.1853601485490799,0.096687912940979,0.1912461519241333,0.06328975409269333,1210.8000000000002
96,0.09899338334798813,0.022437039762735367,0.029694700613617897,0.01750410906970501,0.020793557167053223,802.1999999999999
102,0.24168244004249573,0.13503699004650116,0.13641218841075897,0.2732003927230835,0.2277359515428543,1140.0
103,0.15834340453147888,0.21986117959022522,0.09236766397953033,0.10096433758735657,0.0964980274438858,546.5999999999999
104,0.13726335763931274,0.14557096362113953,0.04377157986164093,0.1303083598613739,0.06803426146507263,1320.0
106,0.17600135505199432,0.060004666447639465,0.2339283972978592,0.06898123770952225,0.037804197520017624,1249.8000000000002
108,0.2505717873573303,0.18741372227668762,0.20659230649471283,0.33953857421875,0.2908521592617035,1132.1999999999998
116,0.038973286747932434,0.06617705523967743,0.10725874453783035,0.055128782987594604,0.04915596917271614,372.6
117,0.672339677810669,0.3821892738342285,0.5401889085769653,0.4851659834384918,0.48965558409690857,1203.0
119,0.46615251898765564,0.36385080218315125,0.20084229111671448,0.4069749414920807,0.4990231394767761,1022.4000000000001
121,0.0807545930147171,0.17635439336299896,0.05414905026555061,0.07656628638505936,0.14340868592262268,248.39999999999998
123,0.3781324625015259,0.1547863781452179,0.2818778455257416,0.2089221477508545,0.2594262957572937,608.4000000000001
129,0.03514489158987999,0.21682050824165344,0.28255388140678406,0.04754652827978134,0.04634754732251167,677.4000000000001
130,0.42202308773994446,0.5778681635856628,0.6087894439697266,0.6510204076766968,0.6767562031745911,1031.4
131,0.35758882761001587,0.169565349817276,0.26959049701690674,0.1655491143465042,0.2331923395395279,703.2
134,0.5810426473617554,0.48829567432403564,0.5803217887878418,0.5779426693916321,0.554888129234314,532.2
135,0.021831853315234184,0.08527307212352753,0.010317577980458736,0.01749536395072937,0.05641824007034302,308.4
136,0.09257015585899353,0.37865883111953735,0.36069849133491516,0.2925820052623749,0.2561419904232025,900.0
148,0.35200873017311096,0.060894228518009186,0.12823490798473358,0.18978351354599,0.1270546317100525,774.0
151,0.7019302248954773,0.5602419376373291,0.5119792819023132,0.6011160612106323,0.6416599154472351,1140.0
152,0.24390050768852234,0.048804063349962234,0.07820015400648117,0.042139824479818344,0.0500815249979496,1297.8000000000002
153,0.05696764215826988,0.017300162464380264,0.09469980001449585,0.025594772771000862,0.011386007070541382,1033.1999999999998
157,0.16049432754516602,0.01424294151365757,0.0076421708799898624,0.021530603989958763,0.033412136137485504,241.79999999999998
160,0.1359790861606598,0.2130352109670639,0.4688565731048584,0.22172895073890686,0.2932359278202057,672.0
164,0.23578989505767822,0.019478250294923782,0.009847182780504227,0.024395303800702095,0.055161766707897186,247.20000000000002
165,0.038022469729185104,0.02095244824886322,0.006144698243588209,0.012031450867652893,0.010683389380574226,238.79999999999998
169,0.16298700869083405,0.06106414645910263,0.05036502331495285,0.11065623164176941,0.1238531768321991,244.79999999999998
172,0.3163275718688965,0.1413276195526123,0.09995527565479279,0.18384945392608643,0.14130908250808716,983.4000000000001
181,0.638529896736145,0.4455854296684265,0.5416439175605774,0.5088504552841187,0.6233177185058594,543.5999999999999
185,0.8025145530700684,0.5247671604156494,0.5283942222595215,0.6045159101486206,0.661233127117157,297.6
188,0.07036817073822021,0.049552883952856064,0.03520262613892555,0.04747401550412178,0.058546554297208786,235.79999999999998
192,0.03660593926906586,0.009542446583509445,0.0049903434701263905,0.0118568679317832,0.010476129129529,237.0
195,0.2300306260585785,0.4441523849964142,0.4464900493621826,0.27129101753234863,0.2097051590681076,1158.6
199,0.26507362723350525,0.14052489399909973,0.08916673064231873,0.08854115754365921,0.19487309455871582,249.0
200,0.2768637239933014,0.1631622612476349,0.16850730776786804,0.09633396565914154,0.13014809787273407,1222.8000000000002
202,0.1806964874267578,0.032339297235012054,0.1700408160686493,0.07681895792484283,0.021700695157051086,1266.6
204,0.17018970847129822,0.34946680068969727,0.26841098070144653,0.3808790445327759,0.1600162386894226,826.1999999999999
212,0.02065466344356537,0.012940406799316406,0.006319443695247173,0.012327289208769798,0.011109367944300175,237.0
216,0.037339091300964355,0.018724756315350533,0.025144362822175026,0.016795748844742775,0.009625699371099472,543.0
217,0.040404725819826126,0.04636511206626892,0.04045164957642555,0.03183625638484955,0.017049165442585945,679.2
221,0.039072249084711075,0.02742885798215866,0.005422807298600674,0.011793006211519241,0.013130228966474533,297.0
225,0.11844673752784729,0.09999000281095505,0.24500858783721924,0.10890059173107147,0.10860897600650787,607.2
229,0.12193552404642105,0.0407378263771534,0.04366214945912361,0.02632896415889263,0.08139223605394363,1023.5999999999999
234,0.044534530490636826,0.14936181902885437,0.09963028132915497,0.10435030609369278,0.09579765796661377,301.79999999999995
235,0.5285148620605469,0.5693374276161194,0.4745784103870392,0.5149532556533813,0.682028591632843,652.8
237,0.49690476059913635,0.4842528998851776,0.4920520782470703,0.6895335912704468,0.6328936815261841,877.8000000000001
239,0.03380240499973297,0.05901753529906273,0.011262493208050728,0.021734803915023804,0.02974214032292366,237.0
241,0.058548055589199066,0.1244652047753334,0.055250853300094604,0.08739059418439865,0.027734171599149704,1310.4
242,0.2241075187921524,0.03608764708042145,0.07337582111358643,0.03888045996427536,0.04594265669584274,896.4000000000001
244,0.23495161533355713,0.6519985198974609,0.5113516449928284,0.3759589195251465,0.439357727766037,657.5999999999999
252,0.8109362125396729,0.7400301694869995,0.5810191631317139,0.4441203474998474,0.5803842544555664,482.40000000000003
255,0.06233426183462143,0.06540407240390778,0.11293472349643707,0.1500457525253296,0.052378952503204346,714.5999999999999
258,0.668745756149292,0.4631304144859314,0.3628743588924408,0.5947504043579102,0.6658937335014343,535.2
262,0.16799716651439667,0.6384615898132324,0.3958984613418579,0.2744753658771515,0.39957791566848755,1078.1999999999998
264,0.20329555869102478,0.08255156874656677,0.1622544229030609,0.048826079815626144,0.13598017394542694,1359.6
266,0.021713418886065483,0.049488067626953125,0.00752195855602622,0.015426874160766602,0.020944461226463318,298.79999999999995
268,0.01982872374355793,0.026827886700630188,0.006710118148475885,0.01390371099114418,0.010841011069715023,232.20000000000002
270,0.2819983661174774,0.7051395773887634,0.5325593948364258,0.4149606227874756,0.37372371554374695,1133.4
272,0.7408018708229065,0.4205756187438965,0.4605824947357178,0.47812044620513916,0.5546703934669495,297.6
273,0.47705113887786865,0.6890863180160522,0.4938667416572571,0.3305041491985321,0.5453048944473267,1284.6
276,0.3190489709377289,0.4079951047897339,0.4634832739830017,0.4494441747665405,0.39527657628059387,1260.6
278,0.38320082426071167,0.504104733467102,0.49140775203704834,0.5076444745063782,0.2876594662666321,660.0
279,0.3444209694862366,0.4291824400424957,0.3771781623363495,0.46768173575401306,0.4927205741405487,606.5999999999999
280,0.11627796292304993,0.3266220986843109,0.427446573972702,0.17762482166290283,0.29260313510894775,661.8
281,0.2453853189945221,0.39154529571533203,0.5069120526313782,0.44523411989212036,0.38640862703323364,614.4000000000001
283,0.0548325851559639,0.1571667492389679,0.2277347445487976,0.07897858321666718,0.04439903423190117,653.4000000000001
284,0.7472701668739319,0.29279008507728577,0.2995608448982239,0.49752745032310486,0.4476318359375,1141.8000000000002
285,0.31867605447769165,0.2496969997882843,0.20660291612148285,0.39659953117370605,0.464095801115036,912.0
292,0.3555699586868286,0.08444719761610031,0.09788689762353897,0.2033574879169464,0.21702653169631958,1041.6
298,0.6003031730651855,0.21281826496124268,0.40307626128196716,0.4815515875816345,0.3943410813808441,894.5999999999999
303,0.0850844457745552,0.04388756304979324,0.03582929074764252,0.06634452193975449,0.030070312321186066,723.5999999999999
310,0.23936106264591217,0.2668614387512207,0.09344032406806946,0.1096457913517952,0.40582939982414246,231.0
316,0.02330615743994713,0.031699202954769135,0.007298197131603956,0.014780983328819275,0.02886226214468479,238.79999999999998
319,0.4208376705646515,0.456146240234375,0.24344274401664734,0.464111864566803,0.3616739511489868,1098.0
322,0.7014976143836975,0.4848024547100067,0.6217467188835144,0.649293839931488,0.728156566619873,537.5999999999999
326,0.46372678875923157,0.6958839893341064,0.48161348700523376,0.5024695992469788,0.40928345918655396,994.8000000000001
333,0.46457427740097046,0.5962357521057129,0.6139720678329468,0.7267956137657166,0.7196649312973022,886.1999999999999
336,0.0946040004491806,0.24837419390678406,0.3366699814796448,0.36853379011154175,0.3495449125766754,1255.1999999999998
339,0.2983570694923401,0.37501683831214905,0.42140504717826843,0.3952226936817169,0.23451516032218933,1240.8000000000002
344,0.046841830015182495,0.02200079895555973,0.010735034942626953,0.01957296021282673,0.05846823751926422,243.0
345,0.6907522678375244,0.8297255635261536,0.6821717619895935,0.6530766487121582,0.8037598133087158,865.1999999999999
346,0.802346408367157,0.7167766094207764,0.6673166751861572,0.6989172697067261,0.7140477895736694,1084.8000000000002
354,0.11712624132633209,0.6194239258766174,0.553545355796814,0.20029394328594208,0.19902455806732178,502.79999999999995
360,0.12990081310272217,0.10513132810592651,0.046296872198581696,0.08455392718315125,0.13580434024333954,242.39999999999998
368,0.3300975561141968,0.13662207126617432,0.08553668111562729,0.2250724881887436,0.09834131598472595,1183.8000000000002
370,0.12257256358861923,0.011983202770352364,0.007300649303942919,0.01821090839803219,0.025118932127952576,247.20000000000002
371,0.8182750940322876,0.7395507097244263,0.6639604568481445,0.7778559923171997,0.7527201175689697,1027.8000000000002
376,0.7525351047515869,0.4279977083206177,0.5077823400497437,0.44355708360671997,0.5328196287155151,304.20000000000005
378,0.02385193295776844,0.04430237412452698,0.15331727266311646,0.028449947014451027,0.02938227728009224,1075.8000000000002
381,0.5746123194694519,0.45668309926986694,0.5306069850921631,0.46037015318870544,0.6248323917388916,607.8
382,0.04200815036892891,0.06306062638759613,0.032087042927742004,0.019597334787249565,0.029935937374830246,777.5999999999999
386,0.14874577522277832,0.5562317967414856,0.3833754062652588,0.3081892132759094,0.34193503856658936,1025.4
393,0.04202834889292717,0.12522268295288086,0.03979144245386124,0.06261781603097916,0.09183114767074585,238.79999999999998
394,0.377567857503891,0.6899041533470154,0.5098121166229248,0.42507535219192505,0.58795166015625,1140.6
402,0.533735990524292,0.20332130789756775,0.15526436269283295,0.31433168053627014,0.16478298604488373,1193.4
408,0.2108270525932312,0.2760130763053894,0.11153256893157959,0.08869060128927231,0.35931727290153503,238.79999999999998
413,0.07233081758022308,0.3884456753730774,0.3531894087791443,0.3543677031993866,0.21198618412017822,1048.1999999999998
427,0.7440825700759888,0.3918636739253998,0.5328079462051392,0.6366984844207764,0.6513852477073669,1031.4
433,0.3226314187049866,0.32950836420059204,0.3043211102485657,0.5420076847076416,0.47755166888237,544.8
434,0.04162457585334778,0.04673684388399124,0.014289814978837967,0.04005860537290573,0.044738397002220154,237.0
439,0.5809878706932068,0.4527583122253418,0.4600677192211151,0.4272196292877197,0.478805273771286,660.5999999999999
444,0.24226126074790955,0.37321001291275024,0.4671618640422821,0.45480698347091675,0.249538391828537,964.8000000000001
446,0.6384505033493042,0.6012418270111084,0.588456392288208,0.6240184307098389,0.7435911893844604,834.5999999999999
447,0.04877394810318947,0.020739950239658356,0.005801953841000795,0.01628243736922741,0.04870638996362686,300.6
449,0.08045851439237595,0.030700277537107468,0.03172549605369568,0.019914353266358376,0.009106063283979893,1266.0
451,0.06902475655078888,0.40549182891845703,0.30517345666885376,0.07855693995952606,0.13153709471225739,837.0
456,0.4641833007335663,0.07562149316072464,0.0841132402420044,0.22884753346443176,0.16357822716236115,1114.8000000000002
462,0.8989999890327454,0.4956222176551819,0.5438582301139832,0.700293779373169,0.7070497870445251,1213.8000000000002
463,0.6712865829467773,0.6468682289123535,0.6332599520683289,0.6691702604293823,0.7167919874191284,1197.6
465,0.028522193431854248,0.08601526916027069,0.0726214200258255,0.11222442239522934,0.04040282964706421,480.59999999999997
471,0.7077812552452087,0.5033256411552429,0.6376944780349731,0.612321138381958,0.6478922367095947,660.0
474,0.778930127620697,0.4967496693134308,0.546389102935791,0.671733021736145,0.8347169756889343,896.4000000000001
485,0.1670542061328888,0.08017803728580475,0.05233215540647507,0.18073692917823792,0.06488063931465149,1014.0
486,0.4636240005493164,0.6502487659454346,0.6341959238052368,0.6164194345474243,0.6825356483459473,1201.8000000000002
487,0.0401059165596962,0.10038313269615173,0.034815628081560135,0.07861526310443878,0.048652518540620804,1063.1999999999998
491,0.6076606512069702,0.5936684608459473,0.5973149538040161,0.5947248935699463,0.6478705406188965,708.0
495,0.2263212502002716,0.1804482489824295,0.222020223736763,0.2395421266555786,0.3083927631378174,525.0
496,0.10443028807640076,0.18676626682281494,0.22384002804756165,0.07395762205123901,0.0658029243350029,730.8
500,0.17185211181640625,0.11532998085021973,0.20767998695373535,0.06915613263845444,0.1824236810207367,1395.0
501,0.04585739225149155,0.2420017421245575,0.057560794055461884,0.04151863977313042,0.039482586085796356,968.4000000000001
502,0.1365242898464203,0.022368809208273888,0.054623525589704514,0.029925718903541565,0.028594082221388817,782.4000000000001
503,0.14621460437774658,0.11157262325286865,0.1248907595872879,0.1114301085472107,0.06620455533266068,1008.5999999999999
505,0.26686134934425354,0.7254854440689087,0.5719237327575684,0.4094238877296448,0.7429574728012085,1129.1999999999998
506,0.5940277576446533,0.37976640462875366,0.3671071231365204,0.6382008790969849,0.6824110746383667,936.0
515,0.26211151480674744,0.3801272511482239,0.29670727252960205,0.379352331161499,0.3768575191497803,1257.6
521,0.2995418608188629,0.6063864231109619,0.40487244725227356,0.3549588620662689,0.4255369305610657,619.2
531,0.03532204031944275,0.010567585937678814,0.0049628508277237415,0.011228322051465511,0.010003107599914074,240.60000000000002
533,0.39455240964889526,0.13725519180297852,0.05047282204031944,0.10429412126541138,0.12168506532907486,1285.8000000000002
537,0.1524057686328888,0.0279784444719553,0.08616767078638077,0.056138403713703156,0.1063583493232727,701.4000000000001
540,0.07937841862440109,0.02756578102707863,0.030415987595915794,0.021315783262252808,0.01744849421083927,1357.1999999999998
541,0.3575613498687744,0.39852893352508545,0.4112018346786499,0.5011463165283203,0.5240688920021057,707.4000000000001
544,0.22187355160713196,0.31862109899520874,0.38630855083465576,0.17040368914604187,0.1461692601442337,546.5999999999999
547,0.09268487244844437,0.24400612711906433,0.12068039178848267,0.1551259160041809,0.10582850128412247,1260.6
552,0.03942751884460449,0.011194920167326927,0.0046070413663983345,0.013956358656287193,0.011368541046977043,232.20000000000002
554,0.1885850429534912,0.4756443500518799,0.3263128101825714,0.5036799907684326,0.5238664746284485,964.1999999999999
557,0.05639619752764702,0.05287044867873192,0.14211046695709229,0.03704819828271866,0.022590862587094307,847.1999999999999
558,0.359631210565567,0.470674991607666,0.5703467130661011,0.6130957007408142,0.46079906821250916,842.4000000000001
564,0.5124233365058899,0.3670048713684082,0.3307894468307495,0.4421728551387787,0.28147172927856445,771.5999999999999
565,0.04733855277299881,0.01733384281396866,0.01947679929435253,0.016708355396986008,0.01321396604180336,850.1999999999999
572,0.3150183856487274,0.1092727780342102,0.15997183322906494,0.1884767711162567,0.17496176064014435,778.8000000000001
575,0.03552301228046417,0.0503656305372715,0.052364833652973175,0.023358670994639397,0.015547985211014748,972.5999999999999
576,0.5365749597549438,0.05942646414041519,0.1315246969461441,0.15137960016727448,0.2111317217350006,1176.6
577,0.4166668951511383,0.5250250697135925,0.5860131978988647,0.6975505352020264,0.596294641494751,846.0
582,0.7480463981628418,0.8155266046524048,0.6359651684761047,0.6706739664077759,0.7663017511367798,1070.4
583,0.4379745423793793,0.13565856218338013,0.058641623705625534,0.09107854962348938,0.38822197914123535,228.0
592,0.14587123692035675,0.02445342391729355,0.03626728802919388,0.02516721747815609,0.03497983142733574,1002.0
594,0.6902273893356323,0.42645588517189026,0.5345170497894287,0.5129550099372864,0.6159671545028687,547.2
596,0.10095340013504028,0.09825780987739563,0.15388572216033936,0.05131974443793297,0.04238342493772507,658.2
597,0.4473252594470978,0.43610548973083496,0.4227909743785858,0.4034017026424408,0.39206576347351074,786.5999999999999
608,0.1181841716170311,0.02419217675924301,0.027980264276266098,0.01966741867363453,0.01270113792270422,1374.6
620,0.6194642186164856,0.43536293506622314,0.26348814368247986,0.3858063519001007,0.5417042970657349,414.59999999999997
633,0.08102216571569443,0.0463736429810524,0.017953595146536827,0.02809124067425728,0.05949517711997032,244.20000000000002
638,0.36419588327407837,0.10712888836860657,0.10612563788890839,0.07301591336727142,0.18453314900398254,1254.6
639,0.6250209212303162,0.5477740168571472,0.5586878657341003,0.6892496347427368,0.7010680437088013,1023.0
641,0.4120514392852783,0.16317185759544373,0.37847620248794556,0.3507487177848816,0.1360442042350769,673.8
643,0.07915155589580536,0.27777326107025146,0.1747550368309021,0.17528070509433746,0.2109737992286682,1078.1999999999998
648,0.5825361013412476,0.831459105014801,0.634644091129303,0.478178471326828,0.7443227767944336,1074.0
650,0.5055557489395142,0.6114871501922607,0.4770510196685791,0.691100537776947,0.7300083637237549,834.5999999999999
651,0.692502498626709,0.6677855253219604,0.5767039060592651,0.6658932566642761,0.8093618154525757,895.1999999999999
658,0.4091394543647766,0.03453633561730385,0.01851779595017433,0.03470053896307945,0.08788614720106125,238.20000000000002
661,0.25269615650177,0.3028488755226135,0.3908127248287201,0.45030710101127625,0.3475326597690582,543.0
664,0.04015148803591728,0.010530348867177963,0.004444365855306387,0.012328298762440681,0.01158813200891018,234.0
665,0.5020907521247864,0.6280049681663513,0.5072950124740601,0.6428625583648682,0.7332926988601685,897.0
666,0.5501098036766052,0.6417219042778015,0.6324433088302612,0.6814169883728027,0.6967944502830505,835.8000000000001
668,0.3857291638851166,0.4308924078941345,0.4389650523662567,0.4907362461090088,0.4541466236114502,547.8
672,0.6936006546020508,0.6678887605667114,0.5995887517929077,0.6979151368141174,0.8032470941543579,900.5999999999999
675,0.047302521765232086,0.1556120216846466,0.1747710108757019,0.0504365973174572,0.04989517480134964,1324.1999999999998
680,0.8668760061264038,0.4098881483078003,0.563156008720398,0.6753734350204468,0.7178940773010254,960.0
681,0.12016477435827255,0.03920033946633339,0.027486445382237434,0.11275216937065125,0.04378867521882057,885.5999999999999
683,0.1884041726589203,0.2849498987197876,0.164243683218956,0.18717007339000702,0.4308621287345886,1245.0
693,0.645240306854248,0.6804215312004089,0.5243208408355713,0.7098996043205261,0.7655752897262573,901.1999999999999
697,0.7731547951698303,0.36204078793525696,0.42402082681655884,0.6341543793678284,0.6672376394271851,601.8
699,0.05739569291472435,0.01776399090886116,0.015311295166611671,0.020031064748764038,0.014817425981163979,798.0
701,0.3485123813152313,0.4406144618988037,0.5518743395805359,0.563461184501648,0.365315705537796,997.8000000000001
710,0.25272318720817566,0.25495439767837524,0.10260607302188873,0.09043389558792114,0.17792914807796478,234.60000000000002
715,0.17819605767726898,0.34877490997314453,0.3082459270954132,0.2470684051513672,0.1724013239145279,1069.8000000000002
717,0.252645879983902,0.4646768271923065,0.359128475189209,0.5352026224136353,0.5643295049667358,1027.8000000000002
720,0.40646880865097046,0.03780099377036095,0.019777879118919373,0.0323096364736557,0.09268467128276825,242.39999999999998
725,0.16506284475326538,0.32344695925712585,0.04310847818851471,0.08053825050592422,0.2826201915740967,255.0
730,0.10154925286769867,0.37509918212890625,0.3895081579685211,0.42864924669265747,0.2727324962615967,1047.0
733,0.07558607310056686,0.03041194938123226,0.04856619983911514,0.04602060094475746,0.017900198698043823,948.5999999999999
734,0.4519646167755127,0.4082638621330261,0.318992018699646,0.5077512860298157,0.5734931230545044,1081.8000000000002
742,0.4243607521057129,0.5322369933128357,0.6221883296966553,0.44551149010658264,0.40639686584472656,1182.6
744,0.5025926232337952,0.4425486922264099,0.40582242608070374,0.5703473091125488,0.5915775299072266,528.5999999999999
745,0.0829668715596199,0.1999027580022812,0.03757692128419876,0.06843817234039307,0.0683169886469841,1329.6
756,0.02130524255335331,0.02524447813630104,0.005544829182326794,0.012402351945638657,0.01234233658760786,236.39999999999998
758,0.378823459148407,0.37197020649909973,0.3894834816455841,0.5093376636505127,0.555978536605835,1030.8000000000002
759,0.041321150958538055,0.030219972133636475,0.026386093348264694,0.021670524030923843,0.015213780105113983,1084.1999999999998
761,0.39864081144332886,0.4866766035556793,0.5970555543899536,0.5427860021591187,0.3613935708999634,1071.0
765,0.46068885922431946,0.46249231696128845,0.41264015436172485,0.4896679222583771,0.42662397027015686,429.59999999999997
768,0.06738464534282684,0.4062696695327759,0.3951171040534973,0.4241500794887543,0.14138484001159668,891.0
772,0.2208971232175827,0.24949607253074646,0.10778750479221344,0.08099262416362762,0.16783113777637482,238.79999999999998
773,0.3919218182563782,0.5039067268371582,0.4294346868991852,0.33235788345336914,0.4838876724243164,1066.8000000000002
775,0.07390110939741135,0.08426957577466965,0.060881637036800385,0.04108526557683945,0.030315930023789406,1327.8000000000002
777,0.5963531136512756,0.7021521329879761,0.6398510932922363,0.6898624300956726,0.8054811954498291,984.0
780,0.08575915545225143,0.050343774259090424,0.025695815682411194,0.06849178671836853,0.026363283395767212,880.1999999999999
785,0.08974579721689224,0.2605080306529999,0.38831308484077454,0.09162917733192444,0.3069019913673401,1320.0
787,0.12942996621131897,0.2317885458469391,0.18254198133945465,0.11586367338895798,0.15282763540744781,730.2
788,0.41307491064071655,0.053704917430877686,0.2694527804851532,0.09726902842521667,0.1765730381011963,940.8000000000001
791,0.05075912922620773,0.05939468741416931,0.0890379399061203,0.03144082799553871,0.0574556365609169,922.8000000000001
801,0.4849735200405121,0.6039994955062866,0.5723276734352112,0.6411957144737244,0.5851364135742188,1182.0
802,0.052667148411273956,0.022927165031433105,0.006739037577062845,0.020345300436019897,0.059132013469934464,285.6
803,0.0844043716788292,0.10869073122739792,0.04624651372432709,0.12051668763160706,0.05425649136304855,770.4000000000001
804,0.5999934673309326,0.6342999935150146,0.5955381393432617,0.6886592507362366,0.6582451462745667,1024.1999999999998
805,0.18073755502700806,0.04770255833864212,0.04344656690955162,0.15133598446846008,0.08965320885181427,921.5999999999999
814,0.10863432288169861,0.3569139540195465,0.05815202742815018,0.08198204636573792,0.20034125447273254,240.60000000000002
815,0.3652987778186798,0.5260780453681946,0.41345134377479553,0.5908218622207642,0.5512346625328064,1015.1999999999999
816,0.6085144877433777,0.65657639503479,0.5400099754333496,0.6210283637046814,0.7433749437332153,1034.4
819,0.03637656569480896,0.07021588087081909,0.032282084226608276,0.023278675973415375,0.020687390118837357,1056.0
822,0.2016458958387375,0.23250499367713928,0.38242506980895996,0.36177322268486023,0.3659420907497406,1237.1999999999998
825,0.7343230843544006,0.3754875957965851,0.28503409028053284,0.5769829750061035,0.5687238574028015,1073.4
828,0.34303903579711914,0.06860052049160004,0.20042619109153748,0.23622803390026093,0.06332230567932129,1091.4
832,0.0796249657869339,0.015495527535676956,0.03252260386943817,0.013573214411735535,0.010911786928772926,889.1999999999999
834,0.6314258575439453,0.8146989941596985,0.6585698127746582,0.641335666179657,0.6648968458175659,946.1999999999999
835,0.1720602810382843,0.33947619795799255,0.3437481224536896,0.09829383343458176,0.14498507976531982,1119.0
836,0.12667761743068695,0.015583913773298264,0.03584558144211769,0.01902012526988983,0.01402490958571434,856.8000000000001
837,0.6740526556968689,0.4302351772785187,0.5380075573921204,0.5063319802284241,0.6141735315322876,532.8
838,0.1150311604142189,0.22310717403888702,0.25605130195617676,0.10531259328126907,0.08312182128429413,950.4000000000001
840,0.18787646293640137,0.2572402358055115,0.3159758448600769,0.23845773935317993,0.32462555170059204,1200.0
845,0.22096101939678192,0.016622383147478104,0.00828616414219141,0.021463170647621155,0.05027497187256813,246.60000000000002
846,0.017320480197668076,0.04751782864332199,0.04079721122980118,0.018433067947626114,0.01683907024562359,1018.1999999999999
851,0.04762263596057892,0.03456073999404907,0.06582099944353104,0.03166070207953453,0.057261958718299866,1021.8000000000001
854,0.02135695517063141,0.026766791939735413,0.006373332813382149,0.010647139512002468,0.01176188513636589,246.0
860,0.06348282843828201,0.04167715460062027,0.012153810821473598,0.020454304292798042,0.03785466030240059,237.60000000000002
861,0.1547096073627472,0.03030095063149929,0.05543047562241554,0.049449414014816284,0.048421572893857956,1120.8000000000002
862,0.3027127981185913,0.6924436092376709,0.4598258137702942,0.4229741096496582,0.45242249965667725,883.8000000000001
864,0.5386512279510498,0.5851863622665405,0.4462893307209015,0.5909227132797241,0.6145676374435425,1135.8000000000002
865,0.5362894535064697,0.5220462083816528,0.3549550175666809,0.560538649559021,0.5740724802017212,967.1999999999999
867,0.07762934267520905,0.22763435542583466,0.056823305785655975,0.08703530579805374,0.2967517375946045,246.0
871,0.38984939455986023,0.09194648265838623,0.0812980979681015,0.2525150179862976,0.11591208726167679,1170.6
879,0.15648716688156128,0.35327231884002686,0.2732555568218231,0.3873295187950134,0.4002504348754883,655.8
880,0.2600432336330414,0.48467928171157837,0.5131351947784424,0.3143085837364197,0.3247488737106323,1321.1999999999998
883,0.1556905210018158,0.0781615674495697,0.1909421980381012,0.05922931432723999,0.04353650286793709,1335.0
884,0.11136308312416077,0.02343754842877388,0.06120700761675835,0.03115217015147209,0.044085413217544556,429.59999999999997
887,0.1609620302915573,0.32322490215301514,0.3031008839607239,0.10711053758859634,0.4188673794269562,1326.0
890,0.3481862246990204,0.16008248925209045,0.34730827808380127,0.21109455823898315,0.20501738786697388,1071.6
900,0.1331583857536316,0.24018418788909912,0.08226252347230911,0.07831573486328125,0.15297576785087585,234.0
901,0.7192597389221191,0.58887779712677,0.49401429295539856,0.6309159398078918,0.6585497856140137,1179.6
902,0.2733164131641388,0.40893590450286865,0.5785094499588013,0.37845906615257263,0.22942060232162476,1126.1999999999998
904,0.09216877073049545,0.020541664212942123,0.0347752645611763,0.022146541625261307,0.015850186347961426,976.1999999999999
925,0.16156542301177979,0.09595170617103577,0.1655907928943634,0.0582561232149601,0.089384064078331,915.5999999999999
932,0.04100915789604187,0.02103784680366516,0.006283391732722521,0.013533680699765682,0.013233048841357231,231.60000000000002
933,0.5587317943572998,0.8151973485946655,0.6391825079917908,0.568422794342041,0.7536121010780334,1015.1999999999999
934,0.09400833398103714,0.08550544828176498,0.17868490517139435,0.06079152598977089,0.10498717427253723,403.20000000000005
935,0.7579964995384216,0.837257444858551,0.6019744873046875,0.6584254503250122,0.7161205410957336,999.0
936,0.354855477809906,0.0744052529335022,0.14503708481788635,0.08518432080745697,0.18419025838375092,970.1999999999999
943,0.030645418912172318,0.03409605845808983,0.036334216594696045,0.017788369208574295,0.011579995974898338,786.0
945,0.5466576814651489,0.6261374950408936,0.5006241202354431,0.6735027432441711,0.7022490501403809,892.8000000000001
946,0.28801438212394714,0.12895461916923523,0.028462957590818405,0.09098277986049652,0.30163684487342834,246.0
949,0.06161348894238472,0.014285000041127205,0.005408226978033781,0.01697627827525139,0.02019776776432991,246.0
955,0.7863519787788391,0.4098946154117584,0.4097933769226074,0.5526461005210876,0.6215204000473022,536.4000000000001
956,0.037500545382499695,0.012440597638487816,0.005195257719606161,0.011463792994618416,0.012264512479305267,305.4
960,0.3043206036090851,0.465358704328537,0.28829002380371094,0.15916569530963898,0.2429322600364685,357.6
965,0.35641035437583923,0.6223543882369995,0.4491575360298157,0.17297431826591492,0.25353845953941345,1203.6
971,0.19453027844429016,0.33986571431159973,0.26231884956359863,0.2275613695383072,0.1884293258190155,1126.1999999999998
974,0.09975230693817139,0.058658987283706665,0.032122597098350525,0.08048397302627563,0.04288699850440025,911.4000000000001
975,0.03626727685332298,0.06959059834480286,0.15044662356376648,0.061598680913448334,0.021550465375185013,1296.6
978,0.31286945939064026,0.2799496650695801,0.2687375247478485,0.18190938234329224,0.2816191017627716,1245.0
981,0.04221644625067711,0.012844677083194256,0.005011262837797403,0.014206096529960632,0.013710473664104939,235.20000000000002
984,0.037351783365011215,0.012348114512860775,0.0057364702224731445,0.012330207973718643,0.013323454186320305,285.0
987,0.2430076152086258,0.25294551253318787,0.0902237594127655,0.10575413703918457,0.20948727428913116,237.0
989,0.12782730162143707,0.01218954287469387,0.007672384846955538,0.019234757870435715,0.026565182954072952,235.20000000000002
991,0.019590137526392937,0.050016529858112335,0.00711180130019784,0.01240074634552002,0.015647640451788902,292.20000000000005
992,0.10625007003545761,0.03204693645238876,0.007770792581140995,0.018462123349308968,0.03925805166363716,303.0
993,0.16569089889526367,0.04278597980737686,0.010697037912905216,0.02676352672278881,0.060479044914245605,313.20000000000005
994,0.047794707119464874,0.07272735238075256,0.01149587333202362,0.026015613228082657,0.03715595230460167,240.0
997,0.7340832352638245,0.8300995826721191,0.6645514369010925,0.6056138873100281,0.7634530663490295,1131.6
998,0.04072624444961548,0.02107393369078636,0.006317786872386932,0.012736893258988857,0.013588333502411842,248.39999999999998
1006,0.22613760828971863,0.5278476476669312,0.4996631145477295,0.5542882680892944,0.5427089929580688,1081.1999999999998
1007,0.5577996969223022,0.6374141573905945,0.6403217315673828,0.66668701171875,0.7043666839599609,827.4000000000001
1011,0.03523373603820801,0.0215659961104393,0.051041752099990845,0.018646955490112305,0.010970299132168293,703.8
1016,0.029088076204061508,0.03387651592493057,0.03141793608665466,0.017138689756393433,0.02025863155722618,961.1999999999999
1017,0.035409409552812576,0.04149731621146202,0.011510766111314297,0.018985604867339134,0.05457625538110733,292.79999999999995
1018,0.4143863916397095,0.48660340905189514,0.519547164440155,0.4870310127735138,0.41065138578414917,480.59999999999997
1019,0.03349551558494568,0.15398381650447845,0.03893423080444336,0.0670708417892456,0.17267122864723206,234.0
1022,0.5299768447875977,0.8037738800048828,0.6392821073532104,0.5542590022087097,0.679075300693512,1016.4000000000001
1023,0.18386200070381165,0.5339832901954651,0.41104763746261597,0.3534151315689087,0.3198016881942749,1033.1999999999998
1024,0.1250491440296173,0.368019700050354,0.31933724880218506,0.47498729825019836,0.2526519000530243,844.1999999999999
1027,0.1570790410041809,0.09020998328924179,0.1570528894662857,0.10338661819696426,0.10607927292585373,1138.8000000000002
1028,0.758926272392273,0.34350451827049255,0.4862223267555237,0.6603795886039734,0.5771647095680237,1005.0
1031,0.554591953754425,0.22535505890846252,0.1858871430158615,0.2987615466117859,0.25760123133659363,859.1999999999999
1036,0.135618656873703,0.03136470913887024,0.03470701724290848,0.028921226039528847,0.031022710725665092,1376.4
1037,0.5127556324005127,0.5297423601150513,0.5842111706733704,0.5248123407363892,0.35630422830581665,589.8
1040,0.5584999322891235,0.6687197685241699,0.4549751579761505,0.4326630234718323,0.4507445693016052,1085.4
1047,0.3406367599964142,0.42729032039642334,0.40103328227996826,0.443413108587265,0.445995569229126,603.0
1056,0.5026992559432983,0.5872809886932373,0.6194880604743958,0.656208872795105,0.6352136135101318,960.0
1058,0.8903793692588806,0.4677097797393799,0.42346322536468506,0.6994207501411438,0.7152400016784668,1074.6
1059,0.3405753970146179,0.5433480739593506,0.5007466673851013,0.6106081008911133,0.4650002121925354,1087.1999999999998
1063,0.22501543164253235,0.2768527865409851,0.34212207794189453,0.1811651587486267,0.1355779469013214,747.0
1070,0.5422084331512451,0.6362911462783813,0.4948572516441345,0.6500256061553955,0.7049522399902344,837.0
1072,0.16799093782901764,0.1398148089647293,0.11721417307853699,0.170430988073349,0.09568928182125092,681.0
1077,0.09470018744468689,0.32816609740257263,0.3334341049194336,0.13890516757965088,0.2785523533821106,1374.0
1081,0.44930845499038696,0.5568848848342896,0.4529247283935547,0.45017826557159424,0.5642526149749756,1186.1999999999998
1082,0.24609240889549255,0.05440344288945198,0.025895820930600166,0.03443136811256409,0.10715153813362122,309.0
1083,0.6613755822181702,0.6457116007804871,0.6358641386032104,0.6923643350601196,0.7046071290969849,971.4000000000001
1089,0.4606470763683319,0.5187532901763916,0.4215088486671448,0.6342963576316833,0.646608293056488,897.0
1090,0.10839223861694336,0.09914626181125641,0.20130503177642822,0.08152292668819427,0.11817694455385208,1289.4
1092,0.026994071900844574,0.0307634137570858,0.01872016303241253,0.012549997307360172,0.007253671996295452,779.4000000000001
1095,0.8371036052703857,0.6911166906356812,0.6850179433822632,0.7607048153877258,0.7765045762062073,966.5999999999999
1096,0.4587578773498535,0.3210044503211975,0.3058346211910248,0.19262540340423584,0.1961553990840912,975.0
1097,0.6314095258712769,0.13962501287460327,0.28879106044769287,0.43889662623405457,0.3292434811592102,1084.8000000000002
1100,0.09006602317094803,0.12057232111692429,0.08857759088277817,0.15217351913452148,0.27958598732948303,297.6
1104,0.0328092984855175,0.037823185324668884,0.01188569888472557,0.020948262885212898,0.05867299437522888,234.60000000000002
1106,0.07535284757614136,0.1986566185951233,0.11793388426303864,0.18200720846652985,0.09592784196138382,1169.4
1112,0.02480309084057808,0.09786161780357361,0.048540763556957245,0.013731203973293304,0.02495686709880829,1078.1999999999998
1115,0.06418747454881668,0.12327756732702255,0.05883431062102318,0.1679447591304779,0.1286134272813797,646.2
1116,0.04224025085568428,0.05847259610891342,0.03541669249534607,0.045461058616638184,0.09276898205280304,291.0
1119,0.06017031520605087,0.01592455804347992,0.02840537391602993,0.02277403697371483,0.010170715861022472,714.0
1123,0.22263365983963013,0.036677636206150055,0.08110658824443817,0.07246704399585724,0.1478588581085205,739.2
1128,0.03333238512277603,0.16022047400474548,0.0827028751373291,0.12277554720640182,0.19023579359054565,232.79999999999998
1134,0.22960098087787628,0.2063237726688385,0.40531712770462036,0.23928098380565643,0.2156878411769867,983.4000000000001
1136,0.03781268000602722,0.011464648880064487,0.004662199877202511,0.010678548365831375,0.009518303908407688,240.0
1142,0.7659040689468384,0.5899477005004883,0.3161439299583435,0.564494252204895,0.6661361455917358,902.4000000000001
1146,0.0559811145067215,0.045514825731515884,0.14445683360099792,0.03651180863380432,0.03156602010130882,427.20000000000005
1151,0.23723891377449036,0.2383575737476349,0.16675904393196106,0.15502548217773438,0.22009171545505524,226.20000000000002
1158,0.11126728355884552,0.31131628155708313,0.22268101572990417,0.11196520179510117,0.14370575547218323,1129.1999999999998
1161,0.7086917161941528,0.3234255611896515,0.4636392891407013,0.4351990222930908,0.6765536069869995,376.20000000000005
1162,0.03212008625268936,0.03637877106666565,0.0647369921207428,0.02348523959517479,0.021409673616290092,868.1999999999999
1174,0.2388911247253418,0.18290959298610687,0.2024308741092682,0.2904711067676544,0.41648635268211365,651.0
1175,0.2427729070186615,0.528168797492981,0.4359133243560791,0.3702199161052704,0.4534907639026642,960.0
1176,0.5701107978820801,0.6406259536743164,0.45561686158180237,0.5351999998092651,0.6329739093780518,1318.8000000000002
1185,0.7304850816726685,0.5749479532241821,0.644492506980896,0.634787917137146,0.69818115234375,721.8
1186,0.07234475761651993,0.046580616384744644,0.051395662128925323,0.03380083665251732,0.047927360981702805,732.5999999999999
1190,0.11332764476537704,0.19910620152950287,0.4165492653846741,0.18547317385673523,0.26374533772468567,1258.1999999999998
1195,0.23531028628349304,0.5921814441680908,0.43517234921455383,0.2878603935241699,0.37587666511535645,720.0
1197,0.1404525190591812,0.15677300095558167,0.027126062661409378,0.0901557132601738,0.23038209974765778,233.39999999999998
1206,0.49214375019073486,0.6401771903038025,0.6280092597007751,0.7033259272575378,0.7370367050170898,841.8000000000001
1214,0.40491873025894165,0.5102994441986084,0.41809073090553284,0.6063831448554993,0.6530370712280273,1032.0
1219,0.46384191513061523,0.18845567107200623,0.1601696014404297,0.2754250764846802,0.19858437776565552,845.4000000000001
1220,0.20783764123916626,0.25096219778060913,0.35268253087997437,0.1748168021440506,0.24340763688087463,789.0
1221,0.4123300313949585,0.37849336862564087,0.3635862171649933,0.46063703298568726,0.48226723074913025,295.20000000000005
1224,0.8297629952430725,0.3282281756401062,0.3816896677017212,0.5710451602935791,0.7178979516029358,550.2
1225,0.4336644411087036,0.4620533287525177,0.46464404463768005,0.4922937750816345,0.26574045419692993,599.4000000000001
1228,0.22560852766036987,0.3339427709579468,0.3191314935684204,0.2184666395187378,0.22425486147403717,1210.1999999999998
1229,0.06494835019111633,0.03641495853662491,0.027184754610061646,0.017593316733837128,0.023405998945236206,904.1999999999999
1232,0.6099309921264648,0.23796813189983368,0.44430220127105713,0.5267499685287476,0.23076029121875763,939.5999999999999
1233,0.03561301529407501,0.012247161939740181,0.005024812649935484,0.011479389853775501,0.012509724125266075,296.4
1238,0.5151526927947998,0.7796865701675415,0.6427001953125,0.5333235859870911,0.7329140901565552,1153.8000000000002
1239,0.8052754402160645,0.39293172955513,0.32541945576667786,0.5244269371032715,0.6137281656265259,704.4000000000001
1243,0.6996213793754578,0.456160306930542,0.6231922507286072,0.5882984399795532,0.638139545917511,543.5999999999999
1246,0.2988511323928833,0.2324003279209137,0.45584285259246826,0.24525441229343414,0.3016529381275177,1261.8000000000002
1248,0.4732232689857483,0.575788140296936,0.5531790852546692,0.6139878034591675,0.47259521484375,1081.8000000000002
1250,0.15370626747608185,0.1160617396235466,0.05854683741927147,0.17020092904567719,0.1118442639708519,1238.4
1260,0.4651446044445038,0.5037853717803955,0.4900358021259308,0.47796630859375,0.6677253246307373,603.5999999999999
1262,0.32726967334747314,0.3917650580406189,0.4311881959438324,0.50885009765625,0.4746273159980774,615.0
1264,0.1623149812221527,0.06832092255353928,0.03546696528792381,0.13077163696289062,0.02798585593700409,1142.4
1275,0.02409270778298378,0.037761982530355453,0.044362738728523254,0.01919029839336872,0.011159028857946396,681.5999999999999
1279,0.14472761750221252,0.04381466656923294,0.010475694201886654,0.031288519501686096,0.10682487487792969,251.39999999999998
1281,0.04262861609458923,0.04172743111848831,0.011228729039430618,0.023910757154226303,0.07820694148540497,231.0
1287,0.4947499930858612,0.34360796213150024,0.42539769411087036,0.46748122572898865,0.5779881477355957,1290.0
1292,0.04159419983625412,0.09169525653123856,0.04621058702468872,0.07633602619171143,0.052163802087306976,1014.0
1293,0.22150519490242004,0.0734715685248375,0.039899930357933044,0.12073490023612976,0.08068259805440903,1334.4
1297,0.524735689163208,0.6038390398025513,0.640280544757843,0.6825335621833801,0.6649773716926575,907.1999999999999
1307,0.037605930119752884,0.06028187274932861,0.12858161330223083,0.032209597527980804,0.0591176338493824,906.5999999999999
1311,0.31386488676071167,0.07255524396896362,0.08970819413661957,0.18392595648765564,0.19903558492660522,541.2
1314,0.2755255401134491,0.10230331122875214,0.19202689826488495,0.24624215066432953,0.3423704504966736,1074.6
1318,0.19307127594947815,0.39932796359062195,0.5472418665885925,0.30361050367355347,0.3092425763607025,800.4000000000001
1320,0.2459793984889984,0.043038297444581985,0.13620823621749878,0.07233734428882599,0.1195930764079094,1137.6
1324,0.28215086460113525,0.0992017611861229,0.029803916811943054,0.07028841227293015,0.13765466213226318,244.20000000000002
1326,0.13927391171455383,0.035601820796728134,0.08251133561134338,0.03584442660212517,0.0498291477560997,615.0
1327,0.38093820214271545,0.15135134756565094,0.11798626184463501,0.31573501229286194,0.2130862921476364,1194.0
1334,0.7221837639808655,0.7159203886985779,0.6059812307357788,0.46707478165626526,0.6805019378662109,302.4
1340,0.2628072202205658,0.06045449525117874,0.09905204176902771,0.0479523167014122,0.0988604724407196,672.5999999999999
1347,0.028115054592490196,0.06905847787857056,0.010481431148946285,0.025811895728111267,0.07520243525505066,239.39999999999998
1354,0.37182724475860596,0.5377936363220215,0.5104987621307373,0.6147864460945129,0.48957985639572144,1060.1999999999998
1360,0.54833984375,0.792737603187561,0.6347251534461975,0.5438272953033447,0.7260629534721375,1140.6
1365,0.11971087753772736,0.28534266352653503,0.18751077353954315,0.2838346064090729,0.17236125469207764,492.59999999999997
1367,0.1437714695930481,0.6434131860733032,0.37699413299560547,0.28265687823295593,0.2569114565849304,985.8000000000001
1369,0.056934062391519547,0.2565709948539734,0.328695148229599,0.13356256484985352,0.20922842621803284,730.8
1370,0.0272624883800745,0.06880810111761093,0.008551949635148048,0.023498930037021637,0.06695795059204102,243.0
1371,0.7843360304832458,0.8097994327545166,0.7031654715538025,0.6621478796005249,0.7726547122001648,950.4000000000001
1372,0.27626317739486694,0.4987049698829651,0.411726713180542,0.41873663663864136,0.3576253354549408,1143.6
1383,0.6878659725189209,0.560390293598175,0.48312506079673767,0.6328117251396179,0.7281994819641113,599.4000000000001
1387,0.03824330493807793,0.012260330840945244,0.005689505487680435,0.01279841735959053,0.013191991485655308,291.6
1389,0.259829044342041,0.6237772703170776,0.48602283000946045,0.3786587417125702,0.703493058681488,1131.0
1392,0.1447339504957199,0.013510419055819511,0.007652088534086943,0.018685126677155495,0.029206300154328346,241.20000000000002
1394,0.3129895329475403,0.08947142958641052,0.19147957861423492,0.1592276692390442,0.15050970017910004,1329.6
1395,0.389625608921051,0.12805095314979553,0.2501063346862793,0.33703669905662537,0.30049195885658264,876.0
1398,0.09049537777900696,0.4391557276248932,0.4606310725212097,0.2780469059944153,0.2758387625217438,1012.1999999999999
1399,0.2261972576379776,0.01651906780898571,0.00841470155864954,0.022305792197585106,0.04341539740562439,234.60000000000002
1406,0.020655786618590355,0.025627773255109787,0.0063457731157541275,0.013804261572659016,0.03503600135445595,303.6
1415,0.0713825523853302,0.149369016289711,0.14232075214385986,0.06552311778068542,0.03565771132707596,1203.6
1423,0.7525783181190491,0.5544437170028687,0.5517237186431885,0.7215891480445862,0.7263516187667847,1213.1999999999998
1427,0.129347026348114,0.5567134618759155,0.45395898818969727,0.3331495225429535,0.19125932455062866,886.1999999999999
1431,0.2369609773159027,0.10182903707027435,0.07178214937448502,0.1888541281223297,0.1553858369588852,778.1999999999999
1437,0.21547463536262512,0.2707970142364502,0.3053169846534729,0.3548377752304077,0.28096282482147217,588.0
1439,0.5510697960853577,0.7208266258239746,0.47796630859375,0.5807311534881592,0.6715471148490906,906.5999999999999
1445,0.342897891998291,0.5451318025588989,0.39522242546081543,0.49917441606521606,0.5191791653633118,1182.6
1447,0.6664018034934998,0.45535534620285034,0.3712135851383209,0.5455182194709778,0.5744360685348511,969.5999999999999
1449,0.09083333611488342,0.33616214990615845,0.058008186519145966,0.0741974413394928,0.1858522891998291,234.0
1453,0.22413380444049835,0.5206784605979919,0.5451815128326416,0.5474076271057129,0.3496914803981781,1134.0
1454,0.10038851201534271,0.061868272721767426,0.01997275836765766,0.0625968873500824,0.14677664637565613,247.79999999999998
1456,0.60406494140625,0.6354140043258667,0.5727981328964233,0.6197705864906311,0.6928122043609619,1200.0
1461,0.46853381395339966,0.39065879583358765,0.2999497950077057,0.21316084265708923,0.23510704934597015,1150.8000000000002
1463,0.46171438694000244,0.5993213653564453,0.6197735071182251,0.6594032049179077,0.6376768350601196,844.8000000000001
1466,0.32867440581321716,0.16484153270721436,0.3842929005622864,0.305621862411499,0.305257648229599,590.4000000000001
1479,0.1472010463476181,0.1775510609149933,0.3390713334083557,0.293459951877594,0.15836310386657715,588.5999999999999
1481,0.04413941502571106,0.022189173847436905,0.028694234788417816,0.02089686319231987,0.015835246071219444,781.1999999999999
1483,0.10675864666700363,0.026877913624048233,0.057933636009693146,0.02269192598760128,0.03416665643453598,837.0
1486,0.4394536316394806,0.4989030659198761,0.4225291609764099,0.4103567600250244,0.5188270807266235,660.5999999999999
1490,0.19173751771450043,0.22761273384094238,0.07146884500980377,0.11724952608346939,0.18501117825508118,850.1999999999999
1497,0.13079100847244263,0.1533069610595703,0.1686267852783203,0.14304092526435852,0.10563801229000092,949.8000000000001
1503,0.2405983805656433,0.3200888931751251,0.21311286091804504,0.26632896065711975,0.47027701139450073,1225.8000000000002
1505,0.7464641332626343,0.8346441388130188,0.6854461431503296,0.6620898246765137,0.8103271126747131,896.4000000000001
1508,0.45293083786964417,0.46104729175567627,0.2621915340423584,0.36918169260025024,0.5458205938339233,1061.4
1511,0.034988172352313995,0.012211808003485203,0.005544497165828943,0.013983608223497868,0.0280949454754591,231.0
1521,0.059366609901189804,0.054633978754282,0.21765998005867004,0.040510017424821854,0.06905615329742432,809.4000000000001
1525,0.23547837138175964,0.06787797063589096,0.025135284289717674,0.06958089023828506,0.12521101534366608,247.79999999999998
1526,0.6708172559738159,0.6762896180152893,0.6256754398345947,0.5925464034080505,0.6509377956390381,1144.8000000000002
1527,0.033744584769010544,0.01019542571157217,0.006021157372742891,0.012755395844578743,0.012271254323422909,252.0
1530,0.792883038520813,0.41888198256492615,0.33176669478416443,0.5183714032173157,0.5721449255943298,1080.0
1532,0.07102847099304199,0.14742213487625122,0.04139525443315506,0.07600759714841843,0.1150311604142189,235.20000000000002
1534,0.034540366381406784,0.010156465694308281,0.004933394491672516,0.010800935328006744,0.009526124224066734,237.60000000000002
1536,0.04615601897239685,0.016630737110972404,0.018629951402544975,0.018223222345113754,0.011507438495755196,909.0
1537,0.078734390437603,0.05878406763076782,0.0973302572965622,0.10188135504722595,0.043535731732845306,947.4000000000001
1539,0.41107308864593506,0.25715911388397217,0.4328339993953705,0.27733922004699707,0.32753482460975647,603.5999999999999
1547,0.29357317090034485,0.18341059982776642,0.28440141677856445,0.2413349449634552,0.1688431203365326,1290.0
1553,0.2911989688873291,0.2168833613395691,0.1556011438369751,0.3973590135574341,0.22382470965385437,978.0
1563,0.4823131561279297,0.7586833834648132,0.6205219030380249,0.5612636208534241,0.5985421538352966,832.1999999999999
1564,0.6632503271102905,0.7880616784095764,0.6474595069885254,0.596821129322052,0.7332659363746643,1144.1999999999998
1565,0.06858542561531067,0.3804139792919159,0.42543408274650574,0.3850511908531189,0.19127030670642853,978.5999999999999
1566,0.11334995925426483,0.049183450639247894,0.0368930920958519,0.12274087965488434,0.05430389195680618,904.8000000000001
1567,0.7118377685546875,0.4388514459133148,0.316709965467453,0.5651859045028687,0.45192012190818787,813.5999999999999
1571,0.26474815607070923,0.13758371770381927,0.08908915519714355,0.08716335147619247,0.19141803681850433,240.60000000000002
1575,0.14260423183441162,0.3525150418281555,0.4188404381275177,0.3045670986175537,0.10456692427396774,1194.0
1576,0.07374447584152222,0.15041349828243256,0.04171469807624817,0.062466658651828766,0.06483320146799088,727.8
1577,0.621985673904419,0.10921116918325424,0.13211384415626526,0.28889867663383484,0.2869848906993866,1183.1999999999998
1578,0.37201163172721863,0.38429126143455505,0.40339767932891846,0.4731736183166504,0.3283492624759674,714.0
1579,0.4592553377151489,0.6652632355690002,0.530268669128418,0.49208202958106995,0.5347576141357422,965.4000000000001
1581,0.12300614267587662,0.38180047273635864,0.3022282123565674,0.25914090871810913,0.2199093997478485,432.0
1583,0.7648322582244873,0.32637888193130493,0.26346707344055176,0.5845264792442322,0.6295979022979736,587.4000000000001
1584,0.04491843283176422,0.3223472237586975,0.1096397116780281,0.12043392658233643,0.14506259560585022,642.0
1586,0.1500595211982727,0.02867373265326023,0.037168510258197784,0.03646180033683777,0.0301273874938488,1308.6
1597,0.12339946627616882,0.12027277052402496,0.09340599179267883,0.12634336948394775,0.1529366672039032,1162.8000000000002
1598,0.07100830972194672,0.043849632143974304,0.006193492561578751,0.02060951106250286,0.028200095519423485,234.60000000000002
1601,0.37368136644363403,0.18531528115272522,0.29339599609375,0.3895871341228485,0.3359375,1135.8000000000002
1609,0.2198878526687622,0.08317265659570694,0.24420896172523499,0.09700635075569153,0.13638469576835632,1338.6
1617,0.20134301483631134,0.33321064710617065,0.3804972469806671,0.3286152482032776,0.21766404807567596,713.4000000000001
1624,0.2651289403438568,0.2381177693605423,0.308837890625,0.2995789647102356,0.24386590719223022,1179.0
1626,0.14119243621826172,0.2260594516992569,0.2461395412683487,0.11709894239902496,0.14143645763397217,710.4000000000001
1628,0.368507444858551,0.7659302353858948,0.5168933868408203,0.43412724137306213,0.6198331713676453,1080.6
1629,0.031434912234544754,0.04111830145120621,0.036034464836120605,0.019962875172495842,0.018577905371785164,851.4000000000001
1631,0.3076149523258209,0.6082523465156555,0.34576505422592163,0.2818276286125183,0.4743042290210724,1024.1999999999998
1634,0.06370944529771805,0.03198821097612381,0.16941280663013458,0.06639876961708069,0.024610068649053574,708.0
1637,0.06591278314590454,0.06305336952209473,0.08386246114969254,0.08414825797080994,0.03749903291463852,353.4
1638,0.1496230512857437,0.0751524567604065,0.04816640540957451,0.17613407969474792,0.10225396603345871,1012.8000000000001
1640,0.3067609667778015,0.019416462630033493,0.010693486779928207,0.027221573516726494,0.06625835597515106,247.79999999999998
1644,0.13059499859809875,0.3872058391571045,0.4204728603363037,0.2255747765302658,0.39518290758132935,1317.6
1647,0.7954698204994202,0.3469482660293579,0.2774486243724823,0.6996049880981445,0.5474672317504883,954.0
1650,0.7371371388435364,0.6404848098754883,0.5962756872177124,0.6071599721908569,0.7261734008789062,1029.6
1652,0.22839497029781342,0.22394222021102905,0.27218255400657654,0.1687297523021698,0.14966240525245667,412.79999999999995
1654,0.4655490517616272,0.03725726902484894,0.028449835255742073,0.03689032047986984,0.12375201284885406,225.60000000000002
1655,0.6577965021133423,0.3008221387863159,0.3056265413761139,0.4871827960014343,0.5359819531440735,531.5999999999999
1656,0.05474404618144035,0.27308663725852966,0.43315738439559937,0.15202118456363678,0.11341094970703125,1089.6
1659,0.09590024501085281,0.04752153158187866,0.02215614914894104,0.05381900444626808,0.03207649663090706,849.5999999999999
1663,0.39532986283302307,0.4730404019355774,0.4735713601112366,0.5337362885475159,0.34586456418037415,1135.8000000000002
1668,0.07822402566671371,0.3127620816230774,0.4691317677497864,0.16360250115394592,0.23013409972190857,1387.8000000000002
1669,0.5470873713493347,0.5776792764663696,0.47377073764801025,0.6925254464149475,0.7079469561576843,895.1999999999999
1670,0.7580952048301697,0.548843502998352,0.48780617117881775,0.4624343812465668,0.7368758320808411,601.8
1671,0.20757989585399628,0.04455634951591492,0.08778080344200134,0.06200141832232475,0.03770214319229126,1237.8000000000002
1677,0.19110068678855896,0.03554448485374451,0.01162096206098795,0.028867647051811218,0.06351982057094574,304.79999999999995
1678,0.09532156586647034,0.14492738246917725,0.06469113379716873,0.019961943849921227,0.06157344579696655,1264.8000000000002
1685,0.27231159806251526,0.6432275772094727,0.46243053674697876,0.45313477516174316,0.34450411796569824,846.5999999999999
1688,0.02007276564836502,0.037785883992910385,0.007451105397194624,0.013996768742799759,0.014780750498175621,241.79999999999998
1694,0.8084954023361206,0.5982258319854736,0.6364730596542358,0.6351313591003418,0.6397900581359863,416.40000000000003
1695,0.26126807928085327,0.06707850098609924,0.14413946866989136,0.15824827551841736,0.112725168466568,848.4000000000001
1700,0.020611340180039406,0.03409649431705475,0.006217175163328648,0.015023130923509598,0.01541756559163332,245.39999999999998
1708,0.6251410245895386,0.4974522292613983,0.5118861198425293,0.5868974328041077,0.37536582350730896,892.8000000000001
1716,0.5084836483001709,0.3560340106487274,0.4023192524909973,0.5210853815078735,0.4351784288883209,657.0
1726,0.3163658082485199,0.30615371465682983,0.39520713686943054,0.420487642288208,0.2920152544975281,598.8
1733,0.24435186386108398,0.24251218140125275,0.09870090335607529,0.09461918473243713,0.20136740803718567,228.60000000000002
1748,0.04949330538511276,0.02996261604130268,0.005297449883073568,0.011990693397819996,0.012723713181912899,240.60000000000002
1750,0.035957977175712585,0.12459219247102737,0.07631482928991318,0.20922788977622986,0.08223553001880646,1076.4
1754,0.05296795442700386,0.0818147361278534,0.12059219926595688,0.042811017483472824,0.033600326627492905,891.5999999999999
1755,0.1473400741815567,0.3928344249725342,0.435503751039505,0.3967101573944092,0.3119490146636963,651.5999999999999
1757,0.08586067706346512,0.06724180281162262,0.03913227468729019,0.1529875099658966,0.06018051132559776,959.4000000000001
1764,0.07565091550350189,0.015439968556165695,0.03029594197869301,0.020103707909584045,0.01960867829620838,908.4000000000001
1765,0.20581203699111938,0.10365791618824005,0.12339329719543457,0.07396946102380753,0.12631694972515106,1327.8000000000002
1766,0.1490999162197113,0.019457697868347168,0.008005883544683456,0.021187178790569305,0.0798410028219223,246.60000000000002
1767,0.06838051229715347,0.06272243708372116,0.039953846484422684,0.02116224728524685,0.022334730252623558,1381.8000000000002
1768,0.09681427478790283,0.07597265392541885,0.09627227485179901,0.1162317544221878,0.06005823612213135,702.5999999999999
1779,0.3971950113773346,0.6869523525238037,0.6165347695350647,0.4734342396259308,0.5566856265068054,1093.8000000000002
1780,0.07403094321489334,0.019245222210884094,0.011435247957706451,0.023938562721014023,0.0512799471616745,241.79999999999998
1784,0.092087522149086,0.20990002155303955,0.0651564970612526,0.07434036582708359,0.1384444385766983,244.20000000000002
1787,0.267027884721756,0.21742141246795654,0.17624591290950775,0.09442048519849777,0.3302229344844818,1262.4
1788,0.043751172721385956,0.033332377672195435,0.005662201903760433,0.01701716147363186,0.035311680287122726,235.20000000000002
1793,0.03287166729569435,0.01209933403879404,0.00563045172020793,0.012220684438943863,0.012954696081578732,297.0
1801,0.19987544417381287,0.4013054072856903,0.36403560638427734,0.5418758988380432,0.39477723836898804,836.4000000000001
1803,0.029197892174124718,0.07604434341192245,0.11366841197013855,0.03536136448383331,0.052971165627241135,637.2
1805,0.06281667202711105,0.018678830936551094,0.02413490042090416,0.019878888502717018,0.0147893400862813,773.4000000000001
1807,0.719563364982605,0.6669304370880127,0.6528297662734985,0.6955985426902771,0.7689207196235657,916.1999999999999
1810,0.1071186363697052,0.03046388179063797,0.03718850761651993,0.0218125581741333,0.026176568120718002,1141.8000000000002
1813,0.762041449546814,0.5387384295463562,0.5649427175521851,0.5900009870529175,0.5151482820510864,906.0
1817,0.12331058830022812,0.32810524106025696,0.06893036514520645,0.10599729418754578,0.08675763010978699,1180.1999999999998
1818,0.3678390085697174,0.17096872627735138,0.156028613448143,0.3626111149787903,0.16353419423103333,892.1999999999999
1826,0.16753897070884705,0.4373427927494049,0.36763155460357666,0.3378283977508545,0.20574016869068146,1087.8000000000002
1829,0.5124940872192383,0.5795737504959106,0.6061954498291016,0.7414930462837219,0.7143117189407349,898.1999999999999
1833,0.3535134494304657,0.43006932735443115,0.6189212203025818,0.3158148229122162,0.3996947407722473,575.4000000000001
1841,0.0997580885887146,0.03450818359851837,0.019495338201522827,0.03096536546945572,0.026585379615426064,291.6
1846,0.06069061905145645,0.03994243964552879,0.01521165668964386,0.022464817389845848,0.046089112758636475,225.60000000000002
1852,0.7327659130096436,0.42047119140625,0.5130139589309692,0.5481733083724976,0.6272172927856445,554.4000000000001
1861,0.6377754807472229,0.473349004983902,0.5285628437995911,0.5177468061447144,0.6218907237052917,551.4000000000001
1865,0.16519933938980103,0.44713228940963745,0.3656676411628723,0.21973714232444763,0.4282490313053131,1188.0
1872,0.05665833503007889,0.013430348597466946,0.00482182577252388,0.014930028468370438,0.017447631806135178,236.39999999999998
1874,0.09847789257764816,0.07998231053352356,0.06424838304519653,0.025993885472416878,0.07295002043247223,1037.4
1875,0.07031527161598206,0.06001227721571922,0.03410542011260986,0.022315170615911484,0.01626722887158394,1369.1999999999998
1880,0.7094137668609619,0.6843090057373047,0.6542549133300781,0.717873215675354,0.7583387494087219,1032.0
1883,0.1845821738243103,0.5765939950942993,0.27818751335144043,0.11555291712284088,0.2695518136024475,1206.0
1886,0.04159773141145706,0.017810925841331482,0.018945930525660515,0.02383541874587536,0.01484666671603918,724.8
1891,0.6222612857818604,0.6841801404953003,0.5591109991073608,0.41405510902404785,0.6004281640052795,541.2
1899,0.38702717423439026,0.5229337215423584,0.4107385277748108,0.5042856931686401,0.51936274766922,1091.4
1900,0.19716915488243103,0.0353333055973053,0.009832107461988926,0.02897879295051098,0.0500960648059845,238.79999999999998
1901,0.07387357205152512,0.05209481716156006,0.035326384007930756,0.05138574168086052,0.06192886084318161,241.79999999999998
1905,0.038525909185409546,0.052472662180662155,0.013818173669278622,0.022132132202386856,0.0776429995894432,298.20000000000005
1907,0.2031862884759903,0.39603883028030396,0.5197596549987793,0.22430650889873505,0.21854308247566223,942.0
1908,0.021059749647974968,0.028967589139938354,0.0061532361432909966,0.011513403616845608,0.01096472330391407,239.39999999999998
1909,0.2803386151790619,0.017970532178878784,0.011151589453220367,0.029352102428674698,0.06038190796971321,247.79999999999998
1915,0.17890888452529907,0.29594048857688904,0.24745911359786987,0.32185816764831543,0.1953967809677124,613.2
1917,0.04808107763528824,0.09488882124423981,0.022713694721460342,0.01070664543658495,0.023565754294395447,1069.1999999999998
1923,0.06437358260154724,0.013272770680487156,0.0049987430684268475,0.016833478584885597,0.019210703670978546,237.60000000000002
1928,0.09355786442756653,0.05756329745054245,0.019477620720863342,0.0569278821349144,0.13928940892219543,234.60000000000002
1934,0.1879013180732727,0.6496807336807251,0.5904710292816162,0.4119076728820801,0.5573463439941406,949.1999999999999
1935,0.04126514121890068,0.033696871250867844,0.009839152917265892,0.020791003480553627,0.057445403188467026,238.20000000000002
1940,0.03806406259536743,0.03923230990767479,0.1492420732975006,0.02509295381605625,0.0199168398976326,858.0
1941,0.5004717111587524,0.40589678287506104,0.4597163498401642,0.4647665023803711,0.43458980321884155,655.8
1945,0.03492511808872223,0.009611794725060463,0.0050620026886463165,0.011850906535983086,0.011385230347514153,246.0
1946,0.6164309978485107,0.21650360524654388,0.16941896080970764,0.44007524847984314,0.2654355764389038,1084.8000000000002
1947,0.051831189543008804,0.11552628129720688,0.07702572643756866,0.12012280523777008,0.061695925891399384,1083.0
1948,0.6139692068099976,0.6110022664070129,0.6484804749488831,0.6430680155754089,0.6677042841911316,969.0
1950,0.252208411693573,0.3988226354122162,0.1970824897289276,0.370380163192749,0.18368956446647644,1102.1999999999998
1952,0.5498588681221008,0.3470051884651184,0.25014248490333557,0.5026852488517761,0.6059346795082092,1146.0
1958,0.28764092922210693,0.498291939496994,0.35064783692359924,0.5628414750099182,0.6346809267997742,1018.1999999999999
1969,0.03002583608031273,0.0723927915096283,0.23941504955291748,0.08692666888237,0.025567958131432533,643.2
1970,0.7080971002578735,0.5788744688034058,0.5577723979949951,0.7334486246109009,0.6052818298339844,973.1999999999999
1973,0.05285332724452019,0.017952600494027138,0.07926546037197113,0.03672458603978157,0.011515017598867416,969.5999999999999
1976,0.8624825477600098,0.8323862552642822,0.6945405006408691,0.6610716581344604,0.8065673112869263,1122.6
1983,0.28767484426498413,0.06917161494493484,0.14025649428367615,0.06101016700267792,0.11148376017808914,970.1999999999999
1988,0.17589175701141357,0.21462175250053406,0.28295862674713135,0.07507337629795074,0.18781660497188568,1306.1999999999998
1989,0.14045077562332153,0.038085345178842545,0.06573217362165451,0.04483838006854057,0.04669669643044472,556.2
1991,0.4722897410392761,0.05985373258590698,0.0728784054517746,0.18318964540958405,0.21142445504665375,945.0
1993,0.8123652935028076,0.35031890869140625,0.5002890229225159,0.6320154666900635,0.7397459745407104,548.4000000000001
1996,0.04932123050093651,0.014443766325712204,0.027060916647315025,0.01852552965283394,0.007842237129807472,814.1999999999999
1999,0.32039058208465576,0.4886798560619354,0.5442343950271606,0.6427206993103027,0.5790305733680725,899.4000000000001
2006,0.5316488742828369,0.44103142619132996,0.5566564202308655,0.5698496103286743,0.5044101476669312,565.8
2008,0.5603187084197998,0.4957122504711151,0.395237535238266,0.5638422966003418,0.677918016910553,1045.1999999999998
2013,0.06216523051261902,0.017562007531523705,0.010670769959688187,0.017365071922540665,0.031240899115800858,241.20000000000002
2015,0.4575163722038269,0.15927347540855408,0.21282875537872314,0.3461911082267761,0.3119710087776184,598.8
2016,0.4818649888038635,0.5427682399749756,0.6193654537200928,0.6249412298202515,0.6360673904418945,1037.4
2020,0.11322630941867828,0.060980960726737976,0.11067665368318558,0.05904232710599899,0.048483118414878845,904.8000000000001
2026,0.10813397914171219,0.28955361247062683,0.10241676867008209,0.0754995048046112,0.07289820909500122,1269.0
2031,0.6893512010574341,0.2233515977859497,0.28837379813194275,0.40241605043411255,0.4650593400001526,300.6
2041,0.04906917363405228,0.06630242615938187,0.014343434944748878,0.029256461188197136,0.037876032292842865,233.39999999999998
2045,0.04708775877952576,0.152784526348114,0.06457778066396713,0.11473146080970764,0.06656451523303986,1326.0
2050,0.02542942203581333,0.039128731936216354,0.031140899285674095,0.023006603121757507,0.016468271613121033,571.2
2052,0.1487884223461151,0.3724539279937744,0.4149166941642761,0.4394693374633789,0.31575578451156616,1246.1999999999998
2053,0.23682865500450134,0.35575374960899353,0.20417456328868866,0.46075439453125,0.39610549807548523,1000.1999999999999
2054,0.5927140712738037,0.5785007476806641,0.5851794481277466,0.6536663174629211,0.6711623668670654,592.8
2056,0.12202416360378265,0.38975346088409424,0.2554513216018677,0.35392269492149353,0.22764968872070312,972.0
2057,0.2818300426006317,0.3427143096923828,0.4490451514720917,0.229744553565979,0.2118300199508667,950.4000000000001
2064,0.1475156545639038,0.012882332317531109,0.007393914274871349,0.02006801962852478,0.03248709440231323,234.60000000000002
2065,0.34149169921875,0.45111083984375,0.5670582056045532,0.5672430992126465,0.37797048687934875,1024.1999999999998
2066,0.03478781506419182,0.01684306561946869,0.005920953582972288,0.014825750142335892,0.031849123537540436,297.6
2068,0.09155363589525223,0.2844788730144501,0.3011888861656189,0.10902862250804901,0.09097513556480408,1209.0
2079,0.26823610067367554,0.15830007195472717,0.3467409610748291,0.14227695763111115,0.06743615865707397,1272.6
2080,0.06538604199886322,0.16004402935504913,0.03773048520088196,0.021741997450590134,0.06350753456354141,1009.1999999999999
2083,0.21696728467941284,0.28877100348472595,0.1083911657333374,0.0905836820602417,0.3773975968360901,241.79999999999998
2084,0.7837761640548706,0.405273973941803,0.500016987323761,0.6587105989456177,0.761634111404419,837.0
2089,0.0402379184961319,0.1014680340886116,0.06604310870170593,0.080974280834198,0.03933023661375046,476.40000000000003
2091,0.026171967387199402,0.016806745901703835,0.0063731493428349495,0.012438296340405941,0.014162193983793259,241.79999999999998
2094,0.04236477613449097,0.1256101280450821,0.0410732664167881,0.06035303324460983,0.08540160953998566,235.79999999999998
2095,0.8397080302238464,0.6952986717224121,0.6913374662399292,0.7623421549797058,0.7848492860794067,959.4000000000001
2108,0.09660042822360992,0.2298589050769806,0.23424121737480164,0.28074440360069275,0.12980687618255615,539.4000000000001
2114,0.03290542587637901,0.21790578961372375,0.24060040712356567,0.0735376700758934,0.057351045310497284,742.8
2116,0.7764536738395691,0.5856589674949646,0.622519850730896,0.6136707067489624,0.6712654829025269,652.2
2121,0.2619171440601349,0.2670150399208069,0.10565106570720673,0.08909744769334793,0.18395838141441345,245.39999999999998
2124,0.642864465713501,0.45371943712234497,0.4399683475494385,0.5994690656661987,0.5626209378242493,299.4
2125,0.10462731122970581,0.033838819712400436,0.14956197142601013,0.06655655056238174,0.038627710193395615,906.0
2126,0.6811738014221191,0.4204859733581543,0.5240321755409241,0.5231616497039795,0.614642858505249,533.4000000000001
2132,0.15342918038368225,0.01356631238013506,0.007872999645769596,0.01991349644958973,0.030811607837677002,235.79999999999998
2136,0.6220493316650391,0.4390689730644226,0.5694493055343628,0.6711024045944214,0.6746823787689209,1092.0
2144,0.3535206615924835,0.46083134412765503,0.4119684398174286,0.44883474707603455,0.4434128999710083,606.0
2145,0.431598037481308,0.4968727231025696,0.5717346668243408,0.6207904815673828,0.5027157068252563,874.8000000000001
2148,0.11192478984594345,0.0812242180109024,0.03809560090303421,0.08228213340044022,0.12124305963516235,234.60000000000002
2151,0.02065141685307026,0.04468534514307976,0.00683746999129653,0.015853293240070343,0.03775660693645477,289.79999999999995
2153,0.3140653371810913,0.4525318741798401,0.4467770755290985,0.6013361811637878,0.45190736651420593,895.1999999999999
2155,0.3454926311969757,0.46233731508255005,0.5113086700439453,0.5700325965881348,0.5816052556037903,1020.0
2156,0.6125524044036865,0.6239200830459595,0.6398522853851318,0.6267516613006592,0.6548879742622375,966.5999999999999
2160,0.03770510107278824,0.015891678631305695,0.019835716113448143,0.014493593014776707,0.013035587035119534,1004.4000000000001
2161,0.6162095069885254,0.6952604651451111,0.621051549911499,0.7214792966842651,0.783362627029419,909.5999999999999
2164,0.07655218243598938,0.027157220989465714,0.024356981739401817,0.024856198579072952,0.012166296131908894,1213.1999999999998
2169,0.04558022320270538,0.03399677202105522,0.042316049337387085,0.022762421518564224,0.010235818102955818,972.0
2172,0.6994221210479736,0.453535795211792,0.5081813335418701,0.5424360036849976,0.6340723037719727,527.4000000000001
2173,0.6300254464149475,0.5789371132850647,0.6053214073181152,0.6324074268341064,0.6471347808837891,1032.6
2175,0.1808246672153473,0.42655596137046814,0.4651481807231903,0.445078581571579,0.1547357439994812,1021.8000000000001
2181,0.3284493684768677,0.06540130823850632,0.05195637419819832,0.1266401708126068,0.2086901217699051,1009.8000000000001
2186,0.05322588235139847,0.012453240342438221,0.0047215428203344345,0.013735819607973099,0.012788338586688042,239.39999999999998
2192,0.04912188649177551,0.12904897332191467,0.038263048976659775,0.018822558224201202,0.041776712983846664,1027.8000000000002
2193,0.032820116728544235,0.020015805959701538,0.0104380426928401,0.01808125711977482,0.0437849722802639,254.39999999999998
2196,0.13915234804153442,0.04993028938770294,0.018887009471654892,0.0560557059943676,0.08666872978210449,242.39999999999998
2199,0.040218450129032135,0.014429811388254166,0.005368227604776621,0.013361077755689621,0.015377217903733253,309.0
2205,0.1868782490491867,0.35056421160697937,0.3911864161491394,0.27711614966392517,0.3540031611919403,1198.1999999999998
2213,0.1454959362745285,0.04017963260412216,0.009438097476959229,0.025351621210575104,0.05497810244560242,303.0
2215,0.028114743530750275,0.035576231777668,0.03448325768113136,0.02850913442671299,0.019508235156536102,598.2
2216,0.0995885506272316,0.34749847650527954,0.21385647356510162,0.06851758062839508,0.09514141082763672,1307.4
2217,0.09358179569244385,0.01717233844101429,0.020190123468637466,0.012739604339003563,0.019865766167640686,1078.8000000000002
2220,0.03061005100607872,0.04350052401423454,0.02684807777404785,0.01753855124115944,0.011950952932238579,952.1999999999999
2221,0.03397824987769127,0.01450857799500227,0.015546247363090515,0.01153026893734932,0.007340282201766968,768.5999999999999
2226,0.11810791492462158,0.026263879612088203,0.06881585717201233,0.03760282322764397,0.036672577261924744,415.20000000000005
2227,0.07631399482488632,0.015515994280576706,0.016825875267386436,0.031732626259326935,0.045554619282484055,234.60000000000002
2229,0.5778335332870483,0.556012749671936,0.539945125579834,0.6956442594528198,0.629719614982605,846.0
2234,0.2326515018939972,0.07123017311096191,0.056934699416160583,0.13950534164905548,0.14851680397987366,716.4000000000001
2242,0.101686030626297,0.01575339026749134,0.01645047962665558,0.034867867827415466,0.032019346952438354,298.20000000000005
2244,0.05129224434494972,0.07197998464107513,0.12408427894115448,0.043251704424619675,0.10420709103345871,772.8000000000001
2245,0.13862541317939758,0.0983816608786583,0.04221908748149872,0.12811854481697083,0.04318125918507576,1264.1999999999998
2246,0.8002698421478271,0.4904932379722595,0.5692028403282166,0.5312049984931946,0.6310610771179199,1229.4
2250,0.07916204631328583,0.04785877466201782,0.015715815126895905,0.02348182164132595,0.05210914835333824,241.20000000000002
2252,0.08264970779418945,0.00974377989768982,0.007109000813215971,0.015352672897279263,0.015096526592969894,237.60000000000002
2255,0.41706061363220215,0.2834817171096802,0.508056104183197,0.2294541299343109,0.3952638804912567,614.4000000000001
2256,0.1626303642988205,0.040000975131988525,0.10793713480234146,0.038654595613479614,0.09292210638523102,787.1999999999999
2262,0.7458221912384033,0.7267903089523315,0.673098623752594,0.7400902509689331,0.7400240898132324,962.4000000000001
2266,0.16413646936416626,0.1424163579940796,0.09855856001377106,0.048894334584474564,0.06066222861409187,1253.4
2267,0.05577894300222397,0.06330163031816483,0.03541887551546097,0.020103633403778076,0.018103796988725662,1363.8000000000002
2270,0.7257198095321655,0.8017703890800476,0.647786021232605,0.6624349355697632,0.7309075593948364,1042.1999999999998
2271,0.18526490032672882,0.6792380809783936,0.5389243364334106,0.38946476578712463,0.3068651556968689,1098.6
2273,0.13959898054599762,0.03028099052608013,0.009595301933586597,0.019313005730509758,0.032997976988554,237.60000000000002
2276,0.3023907542228699,0.49943578243255615,0.40580490231513977,0.28853845596313477,0.40994107723236084,1249.8000000000002
2282,0.5603913068771362,0.3336603045463562,0.16128024458885193,0.2652209401130676,0.22616928815841675,1194.0
2284,0.33789393305778503,0.2875974774360657,0.40748873353004456,0.22121557593345642,0.3576463758945465,670.8
2285,0.1824321746826172,0.2331300973892212,0.4071841835975647,0.18785521388053894,0.13980597257614136,1126.8000000000002
2286,0.5079981088638306,0.4669024646282196,0.2741875648498535,0.33530575037002563,0.33323025703430176,772.8000000000001
2289,0.11336822807788849,0.021052513271570206,0.044143252074718475,0.026674184948205948,0.013145213946700096,1289.4
2294,0.6122371554374695,0.6142765283584595,0.6136004328727722,0.6668087244033813,0.725767195224762,1280.4
2295,0.7579073905944824,0.4849207401275635,0.5987982749938965,0.6069944500923157,0.6602592468261719,301.79999999999995
2297,0.25082656741142273,0.15229184925556183,0.25821685791015625,0.1717553734779358,0.16387586295604706,1324.1999999999998
2299,0.02392926625907421,0.07223719358444214,0.08411115407943726,0.032197028398513794,0.028701454401016235,666.0
2301,0.4847687780857086,0.5402657389640808,0.5247189402580261,0.6191371083259583,0.6015018224716187,1083.0
2313,0.5252358913421631,0.10685154050588608,0.07829200476408005,0.2603881359100342,0.39638158679008484,1251.6
2319,0.8234422206878662,0.34073594212532043,0.5034018754959106,0.6516531705856323,0.48909232020378113,1087.1999999999998
2323,0.4449097514152527,0.51641845703125,0.3986870348453522,0.5546776056289673,0.6214977502822876,1183.1999999999998
2325,0.2658010423183441,0.12154267728328705,0.06593581289052963,0.1510365903377533,0.3338008224964142,239.39999999999998
2330,0.4316011965274811,0.22010551393032074,0.3971366584300995,0.34136882424354553,0.372697651386261,772.8000000000001
2334,0.7035766243934631,0.7223807573318481,0.36828339099884033,0.5665097236633301,0.6491527557373047,1020.5999999999999
2336,0.4071224331855774,0.403263658285141,0.27777206897735596,0.6286426186561584,0.5069745182991028,844.8000000000001
2337,0.14472612738609314,0.33349618315696716,0.1898796558380127,0.19603246450424194,0.3930453062057495,1257.0
2347,0.2935328781604767,0.027839697897434235,0.01297486200928688,0.033091798424720764,0.0705864280462265,292.79999999999995
2348,0.13410070538520813,0.07251977920532227,0.12749437987804413,0.09198657423257828,0.04928788170218468,403.20000000000005
2351,0.019002722576260567,0.04733561351895332,0.04297599196434021,0.01969250477850437,0.015835169702768326,808.8000000000001
2357,0.08367042243480682,0.0360112190246582,0.07631751149892807,0.0278506837785244,0.038521911948919296,901.1999999999999
2363,0.7070528268814087,0.47000041604042053,0.6114451885223389,0.6487019062042236,0.7266876697540283,537.0
2365,0.44497159123420715,0.5840357542037964,0.33485907316207886,0.40761101245880127,0.4778313636779785,1126.8000000000002
2367,0.8341223001480103,0.6864414215087891,0.565280556678772,0.6947226524353027,0.7981069087982178,1026.6
2378,0.20954638719558716,0.40677371621131897,0.4577639698982239,0.534163236618042,0.321999192237854,843.5999999999999
2379,0.5076742172241211,0.5917788743972778,0.3437497615814209,0.3813907504081726,0.6797488927841187,1276.1999999999998
2391,0.6420262455940247,0.4644930362701416,0.5879882574081421,0.6684775352478027,0.542631208896637,711.0
2400,0.2748359441757202,0.24966871738433838,0.34641653299331665,0.1968265324831009,0.2763899862766266,1116.0
2401,0.2408943921327591,0.4722895622253418,0.41575363278388977,0.2884967625141144,0.3183625340461731,654.5999999999999
2405,0.8403897285461426,0.4039683938026428,0.5206311941146851,0.6926905512809753,0.6465268731117249,1130.4
2408,0.04467785730957985,0.012305652722716331,0.00486402865499258,0.012728423811495304,0.013429734855890274,250.20000000000002
2409,0.4178389310836792,0.09293726831674576,0.09242113679647446,0.1753665804862976,0.1925899237394333,720.0
2412,0.11358651518821716,0.08278872072696686,0.10437652468681335,0.09838854521512985,0.06463942676782608,402.59999999999997
2421,0.09971842914819717,0.2730480432510376,0.22447696328163147,0.2895931899547577,0.15711770951747894,478.79999999999995
2425,0.03563515841960907,0.16328173875808716,0.08458583056926727,0.12020519375801086,0.1925659477710724,243.60000000000002
2426,0.4484967887401581,0.4124322533607483,0.25157052278518677,0.4240337312221527,0.438407838344574,427.79999999999995
2428,0.5155346393585205,0.30731359124183655,0.33101439476013184,0.5531007647514343,0.5698422789573669,1191.0
2429,0.0855843722820282,0.17523449659347534,0.08148227632045746,0.044196583330631256,0.05589335411787033,995.4000000000001
2432,0.09612470120191574,0.0926239937543869,0.02774946577847004,0.030737638473510742,0.054263852536678314,302.4
2434,0.30614787340164185,0.10416063666343689,0.03245208412408829,0.07320673018693924,0.13880595564842224,235.79999999999998
2435,0.6495952606201172,0.28981292247772217,0.32592788338661194,0.506880521774292,0.4229103922843933,717.5999999999999
2439,0.20266182720661163,0.01612837053835392,0.008539553731679916,0.027373285964131355,0.05476967245340347,238.79999999999998
2441,0.6634449362754822,0.7797865271568298,0.5798586010932922,0.5475441217422485,0.6541337370872498,978.0
2451,0.47476354241371155,0.08843223005533218,0.3418779671192169,0.16167201101779938,0.26519775390625,1273.1999999999998
2461,0.04832082986831665,0.022294027730822563,0.010772688314318657,0.01622205413877964,0.0199622493237257,236.39999999999998
2462,0.3824848532676697,0.2849348485469818,0.4025439918041229,0.1596107929944992,0.3710920512676239,845.4000000000001
2465,0.7274454236030579,0.4909355044364929,0.4940958619117737,0.5294974446296692,0.6725448369979858,423.0
2466,0.03462548553943634,0.010224085301160812,0.005159852094948292,0.011474793776869774,0.00942363403737545,246.60000000000002
2468,0.7363549470901489,0.5928143262863159,0.5416092872619629,0.5991151928901672,0.5534852743148804,582.5999999999999
2485,0.46041375398635864,0.5842337608337402,0.5757033228874207,0.6965121030807495,0.6836955547332764,965.4000000000001
2486,0.413287878036499,0.146388441324234,0.24466244876384735,0.3151469826698303,0.4561770558357239,1085.4
2490,0.18169116973876953,0.1048249900341034,0.11747285723686218,0.2325114905834198,0.2162933051586151,1206.6
2491,0.0946655422449112,0.09766345471143723,0.019803360104560852,0.04960101097822189,0.06038177013397217,244.20000000000002
2492,0.2951905429363251,0.34655752778053284,0.47651779651641846,0.272611528635025,0.15661627054214478,653.4000000000001
2493,0.5898681282997131,0.6357228755950928,0.5729711055755615,0.633520781993866,0.7490963339805603,1089.0
2494,0.2905771732330322,0.41354677081108093,0.31915318965911865,0.44688236713409424,0.34570273756980896,904.1999999999999
2498,0.14344513416290283,0.3376462459564209,0.3303208649158478,0.32204174995422363,0.19173699617385864,645.5999999999999
2500,0.17612335085868835,0.02622683160007,0.1667986959218979,0.0469687394797802,0.019487271085381508,906.0
2502,0.040260519832372665,0.030950380489230156,0.011348973959684372,0.015720771625638008,0.01882133260369301,312.6
2510,0.7266426086425781,0.666300892829895,0.5925712585449219,0.700584888458252,0.801953136920929,891.0
2511,0.20827555656433105,0.18369463086128235,0.15180477499961853,0.07708510756492615,0.15481877326965332,1081.1999999999998
2512,0.1516997069120407,0.061824504286050797,0.08958490937948227,0.05027642846107483,0.10121583193540573,825.0
2518,0.35919189453125,0.5929046869277954,0.43626901507377625,0.559148907661438,0.6420315504074097,1195.8000000000002
2519,0.8788174390792847,0.7245402336120605,0.5819517374038696,0.7771244049072266,0.7702028155326843,1097.4
2520,0.11587853729724884,0.02807813696563244,0.06162382289767265,0.02935253269970417,0.03779575228691101,1017.0
2523,0.055215783417224884,0.013327302411198616,0.004894083831459284,0.012819403782486916,0.013960073702037334,243.0
2525,0.061641961336135864,0.037955962121486664,0.027443550527095795,0.01821179874241352,0.01636676862835884,1173.0
2529,0.07514604926109314,0.12769165635108948,0.13261909782886505,0.02875344455242157,0.056992728263139725,752.4000000000001
2532,0.11906502395868301,0.25549519062042236,0.14987604320049286,0.19354113936424255,0.20608070492744446,1213.1999999999998
2534,0.12386812269687653,0.06674039363861084,0.05683457851409912,0.02570662833750248,0.035731323063373566,1286.4
2535,0.042305804789066315,0.10782349109649658,0.029289068654179573,0.0129637960344553,0.0526881217956543,1106.4
2538,0.22272846102714539,0.07059020549058914,0.15251703560352325,0.27603137493133545,0.10200370848178864,486.59999999999997
2542,0.17828357219696045,0.06996414065361023,0.11757439374923706,0.20006224513053894,0.101602703332901,865.1999999999999
2543,0.3886542320251465,0.45747458934783936,0.4765009880065918,0.32161498069763184,0.3842178285121918,1177.8000000000002
2545,0.1332181841135025,0.018158510327339172,0.037514589726924896,0.029509693384170532,0.020314091816544533,849.0
2547,0.019158756360411644,0.04578731954097748,0.08655399084091187,0.021360522136092186,0.0142587311565876,469.20000000000005
2553,0.14502409100532532,0.42633819580078125,0.14543484151363373,0.12991108000278473,0.2202276885509491,230.39999999999998
2556,0.16011065244674683,0.27888625860214233,0.24453017115592957,0.2279917597770691,0.221948504447937,1014.5999999999999
2559,0.05648212879896164,0.06226225569844246,0.1273273229598999,0.04015535116195679,0.016413932666182518,1386.6
2560,0.0594792477786541,0.3564445972442627,0.4967496395111084,0.20845694839954376,0.2515762746334076,1124.4
2564,0.4294433891773224,0.16856719553470612,0.15659287571907043,0.25595784187316895,0.35744279623031616,984.0
2567,0.2979309558868408,0.36482810974121094,0.4048807919025421,0.443160742521286,0.24384260177612305,1149.0
2571,0.21226613223552704,0.0864308774471283,0.1555139273405075,0.3215716481208801,0.13249924778938293,1204.8000000000002
2572,0.04039439558982849,0.02707355096936226,0.005765298847109079,0.012238260358572006,0.014059722423553467,300.0
2574,0.30930763483047485,0.678365170955658,0.38631105422973633,0.45015159249305725,0.5750367045402527,1147.8000000000002
2580,0.31040364503860474,0.5606231093406677,0.4718017578125,0.36682042479515076,0.555986762046814,1215.6
2581,0.08785111457109451,0.16777350008487701,0.04462745413184166,0.0828341469168663,0.12950824201107025,240.0
2582,0.6374711394309998,0.4765305519104004,0.5903570652008057,0.6373894810676575,0.7397909760475159,1263.6
2585,0.01921883597970009,0.04022473096847534,0.008332802914083004,0.01423152070492506,0.016299165785312653,237.60000000000002
2589,0.5949888229370117,0.8365856409072876,0.6451607942581177,0.6459778547286987,0.7715114951133728,912.5999999999999
2597,0.16586780548095703,0.09225909411907196,0.23807117342948914,0.0804111659526825,0.045759305357933044,1315.1999999999998
2605,0.03735381364822388,0.08252869546413422,0.012795375660061836,0.026603735983371735,0.09261709451675415,244.79999999999998
2607,0.7007030248641968,0.8024893403053284,0.6816422343254089,0.631877601146698,0.7923951148986816,837.0
2609,0.3204176723957062,0.37050268054008484,0.4234721064567566,0.41878631711006165,0.2955753803253174,1266.6
2611,0.4831092953681946,0.4663536548614502,0.5101882815361023,0.7025963664054871,0.5707389712333679,843.5999999999999
2613,0.6178191900253296,0.6972408294677734,0.5854406356811523,0.6135390996932983,0.81385338306427,962.4000000000001
2616,0.6610926389694214,0.2359454482793808,0.21906918287277222,0.5804876685142517,0.5722396373748779,535.2
2619,0.14785932004451752,0.6112431287765503,0.4828040301799774,0.31335318088531494,0.592588484287262,1325.4
2620,0.1583094745874405,0.3127250373363495,0.42515552043914795,0.23825496435165405,0.14068660140037537,820.1999999999999
2621,0.06417961418628693,0.08119918406009674,0.0231066532433033,0.07379531115293503,0.02657676301896572,949.1999999999999
2625,0.04496895521879196,0.32719185948371887,0.4244309365749359,0.20161423087120056,0.11478665471076965,1036.8000000000002
2645,0.25150251388549805,0.2507364749908447,0.09992833435535431,0.09051694720983505,0.19320032000541687,237.60000000000002
2647,0.1340663731098175,0.2866252660751343,0.08468329906463623,0.085433728992939,0.33805376291275024,240.0
2657,0.08914592862129211,0.3095523715019226,0.5058887004852295,0.2087625116109848,0.24665728211402893,793.1999999999999
2661,0.016500817611813545,0.04736970365047455,0.06285855174064636,0.024963250383734703,0.016363024711608887,568.8
2663,0.20113599300384521,0.10491932928562164,0.12787529826164246,0.07052244246006012,0.11827221512794495,1309.8000000000002
2666,0.05158611387014389,0.05178990960121155,0.03257223218679428,0.08183430880308151,0.03499153256416321,954.0
2670,0.24744665622711182,0.048739075660705566,0.08640521764755249,0.07408477365970612,0.07919006049633026,1141.8000000000002
2672,0.05425712466239929,0.03434823453426361,0.011015856638550758,0.022311927750706673,0.039339594542980194,241.20000000000002
2673,0.29374387860298157,0.4805789291858673,0.44841957092285156,0.35475414991378784,0.42239910364151,1216.1999999999998
2679,0.6743576526641846,0.6465880870819092,0.5648186802864075,0.7548121213912964,0.7605506181716919,895.8000000000001
2682,0.4965660572052002,0.44929730892181396,0.4292933940887451,0.5044711828231812,0.5029131770133972,604.8
2683,0.1929318904876709,0.530551552772522,0.4933137893676758,0.4019855856895447,0.48942774534225464,955.8000000000001
2692,0.06773452460765839,0.3199860453605652,0.4909990131855011,0.24038106203079224,0.22447532415390015,597.5999999999999
2693,0.02556701749563217,0.023037653416395187,0.006783413700759411,0.013576279394328594,0.013969704508781433,231.60000000000002
2704,0.30063721537590027,0.03907910734415054,0.057775918394327164,0.12659472227096558,0.08222167193889618,727.2
2706,0.7359375953674316,0.6250457763671875,0.5589154362678528,0.7078061699867249,0.723082959651947,916.8000000000001
2712,0.1685909926891327,0.22766250371932983,0.3771798014640808,0.1871105134487152,0.19001373648643494,352.20000000000005
2713,0.23695121705532074,0.3059283196926117,0.10409334301948547,0.10124380886554718,0.36335837841033936,245.39999999999998
2717,0.06667213141918182,0.014256859198212624,0.0191151425242424,0.011902667582035065,0.01105817686766386,1111.8000000000002
2718,0.02093803696334362,0.05069933459162712,0.050677016377449036,0.02608095109462738,0.020728232339024544,524.4000000000001
2728,0.11459153145551682,0.11973361670970917,0.399125337600708,0.09063762426376343,0.09833348542451859,732.5999999999999
2729,0.67319655418396,0.6985676288604736,0.6569411754608154,0.703203022480011,0.7626346349716187,1028.4
2734,0.06354445219039917,0.15345148742198944,0.04417237639427185,0.07481719553470612,0.11787262558937073,243.0
2735,0.14176052808761597,0.5963712334632874,0.280066579580307,0.3660849332809448,0.2936630845069885,875.4000000000001
2736,0.15610161423683167,0.616211473941803,0.4071577787399292,0.20451606810092926,0.262607216835022,1073.4
2737,0.17137417197227478,0.1594519317150116,0.09060447663068771,0.16784633696079254,0.09604912996292114,1255.8000000000002
2744,0.1562405228614807,0.15614984929561615,0.0698276162147522,0.24171337485313416,0.12466893345117569,1188.0
2745,0.87824547290802,0.8256334066390991,0.6328935027122498,0.7000550031661987,0.7878400683403015,1032.6
2746,0.06072345748543739,0.016484128311276436,0.005395746789872646,0.014217352494597435,0.02006547898054123,252.0
2755,0.07244174182415009,0.08816240727901459,0.045658569782972336,0.09375050663948059,0.06100976839661598,235.20000000000002
2756,0.21235278248786926,0.27076417207717896,0.11118742823600769,0.08002214878797531,0.1817389726638794,251.39999999999998
2758,0.08713303506374359,0.1884288489818573,0.050935760140419006,0.08543383330106735,0.13157352805137634,243.0
2762,0.15395216643810272,0.18511950969696045,0.1278906762599945,0.26504993438720703,0.1550438404083252,1191.6
2767,0.20546631515026093,0.23712098598480225,0.1837407350540161,0.3628755807876587,0.2780963182449341,1017.5999999999999
2768,0.07468582689762115,0.044145431369543076,0.015464480035007,0.023182639852166176,0.043191853910684586,236.39999999999998
2774,0.26260456442832947,0.3191516399383545,0.38197630643844604,0.38808009028434753,0.27667152881622314,600.5999999999999
2776,0.43762415647506714,0.6854453682899475,0.31827816367149353,0.4321109652519226,0.5037981271743774,891.5999999999999
2777,0.06908497214317322,0.16203877329826355,0.09895919263362885,0.1535463035106659,0.14986687898635864,240.0
2781,0.2645096182823181,0.6311631202697754,0.5099486708641052,0.28922411799430847,0.42319902777671814,532.8
2784,0.6665650606155396,0.4656829833984375,0.39650171995162964,0.5851600170135498,0.5820571780204773,1177.1999999999998
2785,0.1393151581287384,0.2312004119157791,0.29431039094924927,0.293620228767395,0.2964435815811157,1306.8000000000002
2788,0.06862535327672958,0.05535169318318367,0.08718596398830414,0.04492455720901489,0.03796596825122833,1025.4
2791,0.033536117523908615,0.06950055062770844,0.07847301661968231,0.0580478273332119,0.036350540816783905,892.1999999999999
2801,0.33970022201538086,0.1300295889377594,0.07395315915346146,0.1279027909040451,0.12316188216209412,1272.6
2822,0.21977674961090088,0.10837152600288391,0.13911741971969604,0.04844433069229126,0.12905579805374146,958.8000000000001
2823,0.05341307818889618,0.04380400851368904,0.006515168584883213,0.02299252711236477,0.05408860743045807,245.39999999999998
2826,0.3596630096435547,0.12283018976449966,0.25612667202949524,0.31418848037719727,0.24927836656570435,525.5999999999999
2832,0.29954224824905396,0.11058814823627472,0.07862044870853424,0.13700637221336365,0.11739033460617065,849.0
2835,0.033881887793540955,0.15853163599967957,0.06545818597078323,0.016694411635398865,0.039765868335962296,766.2
2840,0.2134537249803543,0.1895868480205536,0.2446289360523224,0.11857762932777405,0.14712944626808167,1012.8000000000001
2841,0.6178575754165649,0.4739077389240265,0.5545313954353333,0.5267329216003418,0.4554949104785919,301.20000000000005
2842,0.20233367383480072,0.32722702622413635,0.4040831923484802,0.1251555234193802,0.16536983847618103,579.0
2849,0.055362191051244736,0.15604336559772491,0.04483649879693985,0.06768541038036346,0.11102958768606186,243.60000000000002
2851,0.07295895367860794,0.019946498796343803,0.0329602025449276,0.01982959546148777,0.038764435797929764,1087.1999999999998
2857,0.08413886278867722,0.04349817335605621,0.03659314662218094,0.0728062316775322,0.046236492693424225,765.5999999999999
2858,0.14936640858650208,0.1671978086233139,0.03222089260816574,0.083740234375,0.24144324660301208,246.60000000000002
2860,0.2446146309375763,0.4674704074859619,0.24729228019714355,0.26915979385375977,0.21380677819252014,1216.8000000000002
2862,0.5374585390090942,0.4815894365310669,0.5176537036895752,0.7168796062469482,0.6424941420555115,832.1999999999999
2865,0.1678958535194397,0.034128326922655106,0.06515675038099289,0.0429026260972023,0.04375138878822327,1311.0
2866,0.2922864556312561,0.5453484058380127,0.5804010629653931,0.5500156879425049,0.5698693990707397,1015.1999999999999
2867,0.05961018055677414,0.042716190218925476,0.012570531107485294,0.019696243107318878,0.039580121636390686,245.39999999999998
2877,0.41969767212867737,0.29392820596694946,0.40043190121650696,0.3662134110927582,0.25760340690612793,1189.8000000000002
2878,0.5707919001579285,0.4521125853061676,0.2961423397064209,0.6252232789993286,0.48527660965919495,1044.0
2881,0.10149458795785904,0.06525423377752304,0.21519798040390015,0.06451447308063507,0.06939662247896194,768.0
2882,0.5045793056488037,0.4427785575389862,0.5974181890487671,0.5819261074066162,0.38994860649108887,778.8000000000001
2889,0.14175696671009064,0.02548646554350853,0.09560178220272064,0.048181936144828796,0.025025177747011185,600.0
2890,0.3138265609741211,0.3582957088947296,0.20212429761886597,0.2924010157585144,0.17635458707809448,846.5999999999999
2892,0.2619171440601349,0.2670150399208069,0.10565106570720673,0.08909744769334793,0.18395838141441345,245.39999999999998
2896,0.06985413283109665,0.06329712271690369,0.03571632504463196,0.0607660710811615,0.14224672317504883,239.39999999999998
2900,0.8125135898590088,0.6585900783538818,0.5758931040763855,0.6255704164505005,0.8077512383460999,831.0
2903,0.42028623819351196,0.2075432538986206,0.23132199048995972,0.2664082944393158,0.22500227391719818,426.0
2904,0.17220193147659302,0.3614277243614197,0.3438727557659149,0.453217089176178,0.2761310338973999,851.4000000000001
2908,0.48736631870269775,0.48628300428390503,0.5603649020195007,0.45813098549842834,0.4390343427658081,1192.8000000000002
2909,0.04333066940307617,0.08984287828207016,0.20476019382476807,0.11375558376312256,0.04579060152173042,665.4000000000001
2916,0.04459930211305618,0.18438932299613953,0.2592892646789551,0.07263820618391037,0.05578624829649925,533.4000000000001
2919,0.14621946215629578,0.14319808781147003,0.09506659209728241,0.17501264810562134,0.09151268750429153,595.8
2922,0.2721465229988098,0.4054925739765167,0.3697730600833893,0.27178072929382324,0.2000831663608551,1108.1999999999998
2925,0.3452942967414856,0.06372392922639847,0.09221895784139633,0.1821289360523224,0.07750723510980606,1236.6
2929,0.05153960734605789,0.024396799504756927,0.11042698472738266,0.02523406222462654,0.02638528123497963,483.0
2933,0.03513595834374428,0.016533780843019485,0.005540558602660894,0.014299212954938412,0.03232625871896744,288.0
2934,0.20516157150268555,0.0611148439347744,0.019586071372032166,0.07569613307714462,0.1366925835609436,232.79999999999998
2936,0.224416583776474,0.4720621407032013,0.3789029121398926,0.4671178460121155,0.5405896902084351,1231.8000000000002
2940,0.11148413270711899,0.6141553521156311,0.4733876585960388,0.2757794260978699,0.2706467807292938,653.4000000000001
2941,0.06651640683412552,0.07305629551410675,0.049191758036613464,0.05392996966838837,0.02723296917974949,1175.4
2944,0.17278027534484863,0.32973283529281616,0.3564469516277313,0.15212216973304749,0.16091644763946533,611.4000000000001
2958,0.2685832679271698,0.23912379145622253,0.09808284789323807,0.09115303307771683,0.20032867789268494,234.60000000000002
2959,0.42796337604522705,0.2333245575428009,0.4044857621192932,0.2224506437778473,0.22813478112220764,1209.0
2966,0.3907451629638672,0.7468532919883728,0.5866525173187256,0.42425721883773804,0.4635009765625,556.2
2971,0.10560518503189087,0.01871534436941147,0.026483483612537384,0.01562504842877388,0.033786166459321976,1083.6
2973,0.33803555369377136,0.22582194209098816,0.37516292929649353,0.35011905431747437,0.173950657248497,1201.8000000000002
2974,0.15114252269268036,0.424988329410553,0.39970001578330994,0.20673903822898865,0.3796812891960144,1134.0
2975,0.3780321478843689,0.4192262887954712,0.43577447533607483,0.38572293519973755,0.30449503660202026,727.8
2977,0.24805964529514313,0.2862807810306549,0.1029200553894043,0.1042557805776596,0.3861749470233917,234.0
2980,0.023404311388731003,0.03529244288802147,0.007377216126769781,0.012033035047352314,0.013880260288715363,305.4
2984,0.15234079957008362,0.04487038403749466,0.013450557366013527,0.020654335618019104,0.050677962601184845,312.0
2985,0.05022173374891281,0.13994666934013367,0.16860276460647583,0.07515628635883331,0.18417011201381683,1358.4
2986,0.1641102433204651,0.07730595022439957,0.05703899636864662,0.26517701148986816,0.08826997876167297,828.5999999999999
2998,0.5227789282798767,0.6561233997344971,0.6098394393920898,0.6560867428779602,0.7767454385757446,897.0
3000,0.6575137972831726,0.6146682500839233,0.6161084771156311,0.743439257144928,0.6483163833618164,1013.4000000000001
3002,0.11211398243904114,0.0709872618317604,0.2645547688007355,0.06630907207727432,0.05295369029045105,980.4000000000001
3004,0.9026416540145874,0.4523162543773651,0.45921799540519714,0.6136911511421204,0.6929926872253418,1069.8000000000002
3005,0.03894669562578201,0.3246687352657318,0.052616629749536514,0.057387825101614,0.18589924275875092,243.60000000000002
3010,0.15887638926506042,0.4050668478012085,0.306232750415802,0.1598227620124817,0.23708830773830414,965.4000000000001
3012,0.07565021514892578,0.029833227396011353,0.025216905400156975,0.02143721655011177,0.03863177448511124,787.8000000000001
3014,0.44971656799316406,0.5778191685676575,0.4549383521080017,0.4800575375556946,0.4673634469509125,1070.4
3020,0.10312973707914352,0.023272821679711342,0.10468286275863647,0.03070385567843914,0.0374533087015152,408.59999999999997
3023,0.082590751349926,0.013268771581351757,0.017959611490368843,0.011271906085312366,0.010140619240701199,1076.4
3024,0.0931456908583641,0.07966786623001099,0.03819633647799492,0.07955487072467804,0.11912813782691956,244.79999999999998
3025,0.03335081785917282,0.012699948623776436,0.005555680952966213,0.01170673593878746,0.010887011885643005,315.6
3028,0.1696653515100479,0.3719099760055542,0.3863760530948639,0.14026549458503723,0.23726575076580048,519.0
3031,0.13739585876464844,0.5886598825454712,0.4209800958633423,0.3555099070072174,0.20895960927009583,852.5999999999999
3038,0.13524289429187775,0.26671963930130005,0.2739986181259155,0.056428346782922745,0.0902019739151001,1267.1999999999998
3039,0.03657474368810654,0.10895995795726776,0.037346236407756805,0.019622085615992546,0.02913735806941986,773.4000000000001
3040,0.11370770633220673,0.13830870389938354,0.03894050046801567,0.10502787679433823,0.049625176936388016,1303.1999999999998
3047,0.23249408602714539,0.3700578510761261,0.280310720205307,0.37120142579078674,0.32147422432899475,1009.8000000000001
3051,0.06879407912492752,0.013792079873383045,0.018337145447731018,0.012772489339113235,0.013814673759043217,1078.8000000000002
3053,0.2680779695510864,0.06565607339143753,0.03731824457645416,0.16756409406661987,0.09800265729427338,1249.1999999999998
3057,0.15455271303653717,0.015856830403208733,0.01608133129775524,0.042276881635189056,0.04139983281493187,235.20000000000002
3058,0.4212861955165863,0.09402000904083252,0.15598364174365997,0.2995787560939789,0.42836230993270874,670.2
3059,0.03359343111515045,0.017866142094135284,0.0059792217798531055,0.013640238903462887,0.0320950448513031,288.6
3064,0.21772709488868713,0.43305397033691406,0.534546971321106,0.5998369455337524,0.4196634590625763,823.8000000000001
3065,0.6929113268852234,0.48147720098495483,0.5191667675971985,0.5596590042114258,0.7167118191719055,549.5999999999999
3067,0.4324052631855011,0.5590231418609619,0.59228515625,0.5818924307823181,0.6291332840919495,1012.8000000000001
3068,0.14925852417945862,0.13071607053279877,0.12626130878925323,0.07872512936592102,0.1682123839855194,1156.8000000000002
3071,0.11796744912862778,0.02838699147105217,0.04978428781032562,0.032352037727832794,0.08749538660049438,1086.0
3073,0.029498422518372536,0.09417307376861572,0.1206606924533844,0.06067575141787529,0.05940522253513336,705.0
3078,0.7663787007331848,0.8607621788978577,0.6759629845619202,0.6735028624534607,0.762596070766449,1026.6
3079,0.5732040405273438,0.5367264747619629,0.45850715041160583,0.520003080368042,0.5522211194038391,823.8000000000001
3080,0.6485819816589355,0.42575469613075256,0.465575635433197,0.4322531223297119,0.48986828327178955,291.6
3082,0.06660772860050201,0.048301100730895996,0.0734838917851448,0.026825405657291412,0.03556649759411812,718.8
3084,0.07644122838973999,0.06314337998628616,0.01961377263069153,0.034921206533908844,0.14442534744739532,241.79999999999998
3089,0.017502805218100548,0.04664457589387894,0.037874720990657806,0.01563793607056141,0.013850471004843712,989.4000000000001
3094,0.1394515037536621,0.1499931514263153,0.1592629849910736,0.22983333468437195,0.14331389963626862,703.2
3095,0.46318209171295166,0.48841947317123413,0.5844296216964722,0.5806705355644226,0.5251637697219849,1017.5999999999999
3099,0.06753518432378769,0.03927089646458626,0.013979101553559303,0.02154724672436714,0.04068939387798309,241.79999999999998
3104,0.48825299739837646,0.7878050804138184,0.6061579585075378,0.6030645370483398,0.6885180473327637,888.5999999999999
3106,0.02037050388753414,0.036863721907138824,0.006682217121124268,0.01288959477096796,0.013316958211362362,232.79999999999998
3107,0.053599581122398376,0.0574340783059597,0.03886326402425766,0.023939434438943863,0.01851438730955124,1363.8000000000002
3110,0.224405437707901,0.22870779037475586,0.11032415926456451,0.08330440521240234,0.19532690942287445,229.20000000000002
3112,0.03529133275151253,0.06879957020282745,0.03771022707223892,0.02200506441295147,0.01655234955251217,1206.6
3119,0.49264734983444214,0.7054001688957214,0.335286945104599,0.45567119121551514,0.5623643398284912,1031.4
3123,0.407428503036499,0.4580405652523041,0.3681662082672119,0.594200849533081,0.46065038442611694,839.4000000000001
3124,0.06288786977529526,0.018446560949087143,0.023983076214790344,0.01407114788889885,0.008329351432621479,994.1999999999999
3127,0.13073235750198364,0.4112553894519806,0.4505268335342407,0.3706475794315338,0.3256618082523346,367.20000000000005
3129,0.24769222736358643,0.1354728639125824,0.09055620431900024,0.2337631732225418,0.10174394398927689,1140.0
3133,0.07859234511852264,0.09358134865760803,0.06048206239938736,0.10010316222906113,0.05671682208776474,612.5999999999999
3140,0.3944889307022095,0.47549018263816833,0.5620868802070618,0.6044284701347351,0.45134976506233215,917.4000000000001
3141,0.5216396450996399,0.6930119395256042,0.4676513671875,0.4121093153953552,0.6376165151596069,1141.1999999999998
3143,0.6734845042228699,0.3207012712955475,0.3537592887878418,0.48850923776626587,0.43247008323669434,873.5999999999999
3148,0.07016493380069733,0.29789119958877563,0.2970937490463257,0.15004727244377136,0.07179506123065948,905.4000000000001
3149,0.2722322940826416,0.3370729684829712,0.3674725592136383,0.36258718371391296,0.25192567706108093,769.1999999999999
3150,0.29158732295036316,0.3294889032840729,0.33951613306999207,0.4081166982650757,0.40075892210006714,307.79999999999995
3154,0.3396398425102234,0.7749634981155396,0.6083371043205261,0.4779054820537567,0.6207095980644226,873.0
3157,0.3042195737361908,0.2998287081718445,0.3685104250907898,0.4720030426979065,0.3322765529155731,539.4000000000001
3158,0.36356672644615173,0.33317118883132935,0.22661417722702026,0.4667534828186035,0.3882639706134796,594.5999999999999
3163,0.14700186252593994,0.7082159519195557,0.5102849006652832,0.28504085540771484,0.5093993544578552,1088.4
3165,0.155081644654274,0.013653894886374474,0.007918410003185272,0.019068926572799683,0.0333840511739254,243.0
3166,0.3139047622680664,0.2578681409358978,0.21358734369277954,0.3750448226928711,0.21364745497703552,585.5999999999999
3176,0.04128803685307503,0.039459191262722015,0.006801453419029713,0.013463428243994713,0.017354799434542656,306.0
3178,0.1826077550649643,0.27720972895622253,0.40655517578125,0.24580302834510803,0.06007731705904007,1009.1999999999999
3182,0.12624824047088623,0.17594091594219208,0.07572083175182343,0.22435441613197327,0.09129544347524643,1142.4
3183,0.7626965641975403,0.7179531455039978,0.4138961434364319,0.4387986660003662,0.5720231533050537,437.40000000000003
3187,0.5399488210678101,0.2902425229549408,0.41228559613227844,0.56732177734375,0.3572978973388672,1078.1999999999998
3188,0.1227760910987854,0.3827534019947052,0.5323934555053711,0.33042415976524353,0.35245683789253235,598.2
3189,0.16682419180870056,0.056849442422389984,0.020764339715242386,0.06160980090498924,0.10302707552909851,237.60000000000002
3190,0.11968515813350677,0.03817606717348099,0.03362853825092316,0.09791377186775208,0.02857181802392006,655.8
3192,0.020277831703424454,0.03687611222267151,0.00646640919148922,0.01741029880940914,0.03751518577337265,229.79999999999998
3198,0.43861520290374756,0.23493868112564087,0.19261643290519714,0.389612078666687,0.5082095265388489,1272.0
3202,0.7114557027816772,0.5148955583572388,0.6242691278457642,0.6251033544540405,0.6534209251403809,663.0
3205,0.08965963870286942,0.03165500983595848,0.0319826677441597,0.021557824686169624,0.01977717876434326,1411.1999999999998
3211,0.07246222347021103,0.046742748469114304,0.014178087003529072,0.02303195744752884,0.05131952464580536,240.60000000000002
3215,0.22402022778987885,0.4426126778125763,0.4234020411968231,0.49554455280303955,0.4189721941947937,963.0
3217,0.12534646689891815,0.292072057723999,0.0840521976351738,0.08691325783729553,0.34635502099990845,245.39999999999998
3221,0.43447145819664,0.4814000725746155,0.4726395905017853,0.4960026443004608,0.429783433675766,357.0
3228,0.4875483810901642,0.10618173331022263,0.270947128534317,0.3120344281196594,0.32594847679138184,1263.0
3230,0.03233370929956436,0.010122017003595829,0.005085541866719723,0.01132360938936472,0.008740742690861225,234.60000000000002
3231,0.14681431651115417,0.29290470480918884,0.3801451027393341,0.11035825312137604,0.1321425586938858,1013.4000000000001
3232,0.1449550837278366,0.020213976502418518,0.0885125994682312,0.04319428652524948,0.05132000893354416,643.8
3234,0.07174071669578552,0.016790438443422318,0.006046729162335396,0.015649396926164627,0.0217912420630455,236.39999999999998
3235,0.0334157794713974,0.039110373705625534,0.08453594148159027,0.018382778391242027,0.01533583179116249,524.4000000000001
3238,0.08568623661994934,0.019740629941225052,0.005630516447126865,0.016009069979190826,0.023161977529525757,235.79999999999998
3240,0.21246394515037537,0.11058962345123291,0.16158223152160645,0.08018899708986282,0.11203974485397339,1278.6
3243,0.20268216729164124,0.46202102303504944,0.5153943300247192,0.4149603545665741,0.42778560519218445,476.40000000000003
3246,0.640133798122406,0.45508918166160583,0.4994044899940491,0.526347815990448,0.47563010454177856,661.8
3254,0.4143781065940857,0.6793016195297241,0.584532618522644,0.47071534395217896,0.6023616790771484,1221.6
3265,0.48339971899986267,0.2522149682044983,0.414307177066803,0.5742185115814209,0.36895912885665894,849.0
3266,0.036417603492736816,0.009540455415844917,0.00594693049788475,0.012209638953208923,0.012532602995634079,241.20000000000002
3270,0.5805869102478027,0.6633913516998291,0.4885251224040985,0.5829108953475952,0.6037966012954712,1210.1999999999998
3272,0.48380905389785767,0.6651952862739563,0.6587738394737244,0.5359667539596558,0.6190323233604431,980.4000000000001
3273,0.15519094467163086,0.36613228917121887,0.4962449073791504,0.500135064125061,0.22093482315540314,819.0
3278,0.12404259294271469,0.06535139679908752,0.029203012585639954,0.08592425286769867,0.08533470332622528,952.8000000000001
3282,0.33833563327789307,0.15643192827701569,0.1270543783903122,0.2388903945684433,0.15649406611919403,1230.0
3284,0.3132942318916321,0.4692205786705017,0.5348258018493652,0.6131165027618408,0.401795357465744,1018.8000000000001
3287,0.659381091594696,0.17468155920505524,0.27839744091033936,0.4099990725517273,0.481753408908844,1211.4
3289,0.3448863625526428,0.33315062522888184,0.3011482357978821,0.4713900685310364,0.4521026015281677,1062.0
3293,0.4531894624233246,0.5233317613601685,0.5720552206039429,0.5289794206619263,0.6086975336074829,768.0
3296,0.2877311706542969,0.3369353115558624,0.29400748014450073,0.43912118673324585,0.34281203150749207,591.5999999999999
3302,0.30269676446914673,0.2709559202194214,0.424646258354187,0.4285753071308136,0.5290077328681946,1241.4
3304,0.10267599672079086,0.22901630401611328,0.13641870021820068,0.12157495319843292,0.0989854484796524,1319.4
3306,0.5987131595611572,0.48019692301750183,0.45048415660858154,0.5672441720962524,0.6686800122261047,960.0
3308,0.10161673277616501,0.08124524354934692,0.011692171916365623,0.02197892591357231,0.04825780540704727,302.4
3317,0.10375980287790298,0.04074044153094292,0.057982951402664185,0.019962921738624573,0.01062488742172718,849.5999999999999
3321,0.03612338751554489,0.03175545111298561,0.006378547754138708,0.012652162462472916,0.012997841462492943,306.6
3324,0.719603955745697,0.6533207893371582,0.6656093597412109,0.6858514547348022,0.7670900225639343,906.5999999999999
3326,0.12478967010974884,0.2092883288860321,0.11168811470270157,0.11319370567798615,0.1276993453502655,841.8000000000001
3333,0.0570497140288353,0.027619823813438416,0.00945478305220604,0.028394360095262527,0.046498436480760574,232.20000000000002
3338,0.274036705493927,0.500619649887085,0.4921109974384308,0.5563783645629883,0.4237098693847656,1072.8000000000002
3339,0.0831514298915863,0.015279417857527733,0.01961655355989933,0.011980108916759491,0.01647205464541912,1056.0
3340,0.6848584413528442,0.8179911375045776,0.5343791246414185,0.6074473857879639,0.7134011387825012,997.8000000000001
3342,0.0980682373046875,0.07743005454540253,0.19991397857666016,0.05088925361633301,0.06367380172014236,744.5999999999999
3344,0.4063456058502197,0.5110178589820862,0.4315186142921448,0.6509214639663696,0.6622114181518555,889.8000000000001
3348,0.10947678983211517,0.27586886286735535,0.2847684323787689,0.1388966143131256,0.13742491602897644,1270.8000000000002
3352,0.7354015111923218,0.6619659662246704,0.6006473898887634,0.6619064807891846,0.7851683497428894,1025.4
3360,0.5897645950317383,0.5482854843139648,0.5858943462371826,0.7116053104400635,0.5500378608703613,998.4000000000001
3365,0.030528657138347626,0.0505119264125824,0.010813808999955654,0.02036188170313835,0.025851648300886154,235.79999999999998
3371,0.19351932406425476,0.07673387974500656,0.02309786155819893,0.07680802792310715,0.25791171193122864,231.0
3373,0.5424651503562927,0.8168349266052246,0.5743524432182312,0.5791101455688477,0.7710896134376526,905.4000000000001
3375,0.035627689212560654,0.009665630757808685,0.005093936342746019,0.011885205283761024,0.011190449818968773,238.79999999999998
3378,0.033496659249067307,0.025766607373952866,0.03494228050112724,0.01414352934807539,0.007720649242401123,1013.4000000000001
3382,0.03538931906223297,0.014150231145322323,0.0052789123728871346,0.012078311294317245,0.011651402339339256,306.6
3383,0.6304806470870972,0.5845757722854614,0.5602861642837524,0.7513085007667542,0.7477033138275146,906.0
3386,0.07116220146417618,0.05687015503644943,0.16684652864933014,0.04564807936549187,0.05711447820067406,820.8000000000001
3389,0.6744381785392761,0.605348527431488,0.5760064125061035,0.6647541522979736,0.796533465385437,847.1999999999999
3392,0.18409273028373718,0.03801404684782028,0.06929635256528854,0.17957863211631775,0.10363592952489853,529.2
3393,0.18442335724830627,0.1284312903881073,0.047646887600421906,0.1805790513753891,0.09580996632575989,1291.1999999999998
3394,0.08542396873235703,0.09292128682136536,0.30735519528388977,0.07491834461688995,0.13736385107040405,738.5999999999999
3398,0.19492045044898987,0.04793381318449974,0.08169970661401749,0.047768980264663696,0.11783260107040405,1208.4
3401,0.020160863175988197,0.03790857642889023,0.006407792679965496,0.01635834015905857,0.037257079035043716,234.60000000000002
3402,0.5257872343063354,0.6750677824020386,0.6292726993560791,0.6126705408096313,0.7533690333366394,1067.4
3403,0.12381836771965027,0.22064106166362762,0.06415985524654388,0.08279642462730408,0.15658991038799286,245.39999999999998
3405,0.15870210528373718,0.1401120275259018,0.1201791763305664,0.09326280653476715,0.06192506477236748,1041.6
3406,0.040885601192712784,0.033053118735551834,0.012119872495532036,0.017272060737013817,0.02689623273909092,251.39999999999998
3407,0.04476706311106682,0.09579010307788849,0.0075111398473382,0.016880255192518234,0.048231374472379684,240.60000000000002
3411,0.29524746537208557,0.6596287488937378,0.45695340633392334,0.3350011706352234,0.4103395342826843,1222.8000000000002
3414,0.025818178430199623,0.0442381277680397,0.07639577239751816,0.029172655194997787,0.016201533377170563,502.79999999999995
3416,0.3450470566749573,0.1872434914112091,0.3826661705970764,0.23660686612129211,0.21670232713222504,838.1999999999999
3419,0.09883613884449005,0.06270065903663635,0.042401500046253204,0.12496599555015564,0.025964250788092613,1105.8000000000002
3423,0.4471089243888855,0.26752880215644836,0.4866624176502228,0.2385077178478241,0.3858175575733185,607.2
3427,0.619286060333252,0.578306257724762,0.5776011347770691,0.6587324738502502,0.6523643136024475,1131.6
3428,0.258800745010376,0.4376755654811859,0.23527246713638306,0.18945404887199402,0.22121647000312805,1125.6
3431,0.6590144634246826,0.5061193108558655,0.5424620509147644,0.6710829734802246,0.6972665786743164,1212.6
3432,0.047938402742147446,0.04124182462692261,0.025956708937883377,0.014522619545459747,0.023598935455083847,1137.6
3436,0.046238213777542114,0.047069404274225235,0.01223175972700119,0.02874777838587761,0.10121628642082214,234.0
3440,0.06437043845653534,0.018189191818237305,0.018312208354473114,0.013260710053145885,0.025243058800697327,1086.6
3443,0.17651250958442688,0.17189666628837585,0.09687001258134842,0.04712945222854614,0.07939044386148453,1177.8000000000002
3446,0.07492906600236893,0.1223541796207428,0.3424265384674072,0.10408658534288406,0.11114540696144104,1293.0
3449,0.478182315826416,0.10256621241569519,0.09042597562074661,0.2855204939842224,0.27415069937705994,1148.4
3450,0.2721068561077118,0.2650650143623352,0.24046778678894043,0.15411318838596344,0.1660671830177307,1257.6
3451,0.13118334114551544,0.2493712604045868,0.08716410398483276,0.18681558966636658,0.09103792905807495,851.4000000000001
3455,0.8578832149505615,0.6554365754127502,0.6818217039108276,0.7214138507843018,0.7533077001571655,1086.6
3458,0.32130658626556396,0.5055989027023315,0.4112376868724823,0.5647144317626953,0.415770947933197,1065.6
3460,0.2651187777519226,0.35656702518463135,0.2027823030948639,0.34912109375,0.16182860732078552,1200.6
3465,0.49105703830718994,0.45343056321144104,0.5335251688957214,0.621764600276947,0.601440966129303,550.8
3468,0.4502563774585724,0.11642764508724213,0.05952868610620499,0.08942888677120209,0.19805969297885895,236.39999999999998
3469,0.435005247592926,0.737404465675354,0.620684802532196,0.49902278184890747,0.5284412503242493,1098.0
3486,0.10425363481044769,0.1133762001991272,0.18139412999153137,0.10494085401296616,0.10705505311489105,1137.6
3492,0.42827552556991577,0.46311941742897034,0.44962945580482483,0.3587653338909149,0.4527132213115692,350.4
3493,0.5617364048957825,0.4916679263114929,0.4061105251312256,0.6127318143844604,0.673282265663147,559.2
3499,0.21319447457790375,0.27355390787124634,0.11377552896738052,0.08391615748405457,0.1741846799850464,250.79999999999998
3504,0.03199506178498268,0.009461955167353153,0.004719204735010862,0.012404331937432289,0.010341880843043327,239.39999999999998
3508,0.033478520810604095,0.06941868364810944,0.06374919414520264,0.025333495810627937,0.024891799315810204,1363.8000000000002
3510,0.4542927145957947,0.5813769102096558,0.6140932440757751,0.7212544679641724,0.7154732942581177,903.0
3511,0.0192597396671772,0.040997933596372604,0.00783991813659668,0.014669157564640045,0.015641087666153908,295.20000000000005
3513,0.21299774944782257,0.06585711240768433,0.01906130462884903,0.08468663692474365,0.13516627252101898,251.39999999999998
3514,0.16189076006412506,0.0347759872674942,0.1430666148662567,0.07772290706634521,0.06046807020902634,1327.1999999999998
3516,0.5239875316619873,0.49969303607940674,0.5547752380371094,0.6272165179252625,0.6307752132415771,519.5999999999999
3520,0.13075539469718933,0.12058589607477188,0.026443801820278168,0.06267240643501282,0.10043059289455414,235.20000000000002
3525,0.2755291163921356,0.5884206891059875,0.4505188465118408,0.37473684549331665,0.4241352677345276,1140.6
3529,0.7181566953659058,0.7616950273513794,0.5575725436210632,0.6599134206771851,0.7668711543083191,890.4000000000001
3531,0.0726659968495369,0.04579424113035202,0.014147776179015636,0.02222522720694542,0.04808920994400978,232.20000000000002
3533,0.07345414906740189,0.06608753651380539,0.017856210470199585,0.031499121338129044,0.13564196228981018,237.60000000000002
3534,0.08566856384277344,0.06932383030653,0.1419355571269989,0.05752453953027725,0.06056498736143112,1262.4
3538,0.08480928093194962,0.02216518297791481,0.023267943412065506,0.019423026591539383,0.008208081126213074,1202.4
3544,0.5214230418205261,0.453429251909256,0.4982762634754181,0.5490835309028625,0.49014392495155334,1125.6
3550,0.17836099863052368,0.48352310061454773,0.4752035140991211,0.4990988075733185,0.21382994949817657,1154.4
3564,0.12021030485630035,0.19835162162780762,0.12556308507919312,0.17138653993606567,0.10325124114751816,1085.4
3565,0.606930136680603,0.5281323790550232,0.6016649007797241,0.5886312127113342,0.7377352118492126,609.0
3566,0.1171882152557373,0.07597669959068298,0.18795210123062134,0.14873984456062317,0.17029938101768494,1015.1999999999999
3570,0.10159573704004288,0.019167181104421616,0.005888799205422401,0.020913152024149895,0.03461046144366264,246.0
3571,0.13772815465927124,0.3181969225406647,0.5123744010925293,0.40677404403686523,0.26346737146377563,745.2
3580,0.4984467029571533,0.3011709749698639,0.34332215785980225,0.43567994236946106,0.32472512125968933,874.8000000000001
3581,0.07336392253637314,0.015296263620257378,0.021695410832762718,0.015217453241348267,0.0076137143187224865,894.0
3593,0.3456417918205261,0.46980375051498413,0.44220060110092163,0.6200924515724182,0.6016407608985901,841.1999999999999
3594,0.31927597522735596,0.4302294850349426,0.5517407655715942,0.404479444026947,0.4014298915863037,489.0
3598,0.6729329824447632,0.7167053818702698,0.6441279649734497,0.48215997219085693,0.6135870218276978,555.5999999999999
3600,0.3321543335914612,0.4192799925804138,0.3589487373828888,0.34725049138069153,0.44796955585479736,1010.4000000000001
3602,0.06921477615833282,0.25663667917251587,0.2611404061317444,0.14208917319774628,0.22883443534374237,793.8000000000001
3604,0.08700894564390182,0.04062952101230621,0.037798959761857986,0.09361502528190613,0.06128723919391632,235.20000000000002
3606,0.3028135299682617,0.14864316582679749,0.24258887767791748,0.25654086470603943,0.11021612584590912,1221.0
3611,0.06359485536813736,0.23423320055007935,0.11203339695930481,0.20125779509544373,0.09782719612121582,1195.8000000000002
3619,0.04591302201151848,0.012929157353937626,0.01900256983935833,0.011927235871553421,0.008260540664196014,1023.5999999999999
3623,0.22215868532657623,0.6032477021217346,0.26494914293289185,0.4240562915802002,0.29872071743011475,867.0
3628,0.2426413893699646,0.366355299949646,0.35536569356918335,0.21691760420799255,0.2014046460390091,834.0
3629,0.10928575694561005,0.03479175642132759,0.008825111202895641,0.027073871344327927,0.10488548874855042,301.79999999999995
3630,0.11126764863729477,0.2049051821231842,0.051534976810216904,0.09238766133785248,0.1848755180835724,251.39999999999998
3632,0.4074135422706604,0.4337764382362366,0.3176470398902893,0.5631866455078125,0.6052852272987366,955.8000000000001
3634,0.042962487787008286,0.13372591137886047,0.05489923059940338,0.018272895365953445,0.024168282747268677,1365.6
3635,0.03912319988012314,0.03218943625688553,0.016367588192224503,0.023945875465869904,0.014359177090227604,294.6
3636,0.10864932835102081,0.07916218042373657,0.03752899169921875,0.06965527683496475,0.12361109256744385,236.39999999999998
3637,0.07132840156555176,0.16044792532920837,0.04415789246559143,0.08360905200242996,0.11739037185907364,243.0
3640,0.37212252616882324,0.6653847098350525,0.4920338988304138,0.40692776441574097,0.7360838651657104,1150.8000000000002
3641,0.04582739248871803,0.09235742688179016,0.0561164952814579,0.15423521399497986,0.06090684235095978,893.4000000000001
3645,0.06315301358699799,0.15700629353523254,0.047849126160144806,0.07440408319234848,0.11659111082553864,228.60000000000002
3649,0.035752519965171814,0.013361300341784954,0.004821299109607935,0.011348971165716648,0.01037281472235918,304.20000000000005
3653,0.07572194933891296,0.0823645293712616,0.09031282365322113,0.0461762435734272,0.05430968105792999,720.0
3659,0.2656460404396057,0.08789872378110886,0.09947384893894196,0.05131231248378754,0.04379154369235039,1318.8000000000002
3662,0.3094877302646637,0.34035131335258484,0.5294638872146606,0.5313736200332642,0.3826286494731903,541.8
3667,0.4461514949798584,0.2356325089931488,0.2574736177921295,0.36576610803604126,0.4051886796951294,1158.6
3668,0.2664794921875,0.08011850714683533,0.11837451159954071,0.11278537660837173,0.13024815917015076,717.0
3669,0.12038994580507278,0.34542232751846313,0.5297070741653442,0.2693365514278412,0.3200281262397766,1338.0
3671,0.7255063056945801,0.7136325836181641,0.6841057538986206,0.756477952003479,0.8041620254516602,901.1999999999999
3686,0.33536744117736816,0.5067281723022461,0.4387211203575134,0.627826452255249,0.6466695666313171,900.0
3687,0.5742514133453369,0.14084921777248383,0.13952456414699554,0.25239256024360657,0.2600867450237274,1200.0
3688,0.3239339292049408,0.40537935495376587,0.369020938873291,0.46075835824012756,0.4402908682823181,1176.6
3689,0.6575936079025269,0.8118032217025757,0.6817847490310669,0.6276622414588928,0.7906989455223083,853.8000000000001
3692,0.8270268440246582,0.4522009491920471,0.30883851647377014,0.5874814391136169,0.6865622401237488,829.8000000000001
3695,0.5858444571495056,0.37996745109558105,0.48836979269981384,0.5311435461044312,0.6531167030334473,1186.1999999999998
3696,0.37540557980537415,0.3808220326900482,0.4120557904243469,0.5305624604225159,0.40496864914894104,589.8
3705,0.06053215265274048,0.018023686483502388,0.022213103249669075,0.016092577949166298,0.01081098336726427,736.8
3706,0.18069049715995789,0.41817334294319153,0.2847687900066376,0.43218332529067993,0.41278162598609924,1011.5999999999999
3710,0.24475137889385223,0.01805027388036251,0.009166058152914047,0.026178618893027306,0.04909312352538109,245.39999999999998
3712,0.056658536195755005,0.05623483285307884,0.22050857543945312,0.054271094501018524,0.02102522924542427,784.8000000000001
3717,0.1991095244884491,0.26408734917640686,0.2578960657119751,0.35947921872138977,0.22958776354789734,587.4000000000001
3720,0.07975980639457703,0.20331937074661255,0.26194146275520325,0.09735694527626038,0.07631521672010422,654.5999999999999
3722,0.09390626847743988,0.031516291201114655,0.11980500817298889,0.031355299055576324,0.04858741909265518,487.79999999999995
3726,0.3662507236003876,0.5448963046073914,0.3724949359893799,0.4926295578479767,0.5257406830787659,1068.6
3729,0.018498053774237633,0.040905632078647614,0.006432303227484226,0.014676639810204506,0.03071185015141964,240.60000000000002
3738,0.2580316662788391,0.4088589549064636,0.5232536792755127,0.42229121923446655,0.21623563766479492,590.4000000000001
3747,0.5744039416313171,0.4015498161315918,0.28517863154411316,0.40336164832115173,0.5513310432434082,702.0
3750,0.31996795535087585,0.1928853541612625,0.25606539845466614,0.08206154406070709,0.18560779094696045,950.4000000000001
3751,0.22266948223114014,0.19843819737434387,0.18549703061580658,0.11427100747823715,0.10352272540330887,1313.4
3752,0.017284365370869637,0.05810534209012985,0.11725351214408875,0.05280710384249687,0.020610444247722626,710.4000000000001
3755,0.6040410995483398,0.6596902012825012,0.6357825994491577,0.7540291547775269,0.7650983333587646,912.5999999999999
3764,0.09524109959602356,0.07438582181930542,0.048516303300857544,0.05820629000663757,0.08305498957633972,302.4
3770,0.048282310366630554,0.026091545820236206,0.004781115334481001,0.013055859133601189,0.013787562027573586,238.79999999999998
3780,0.1085895523428917,0.03866102173924446,0.02147936075925827,0.11669246852397919,0.04758283495903015,663.0
3781,0.04072430729866028,0.03174394741654396,0.012776087038218975,0.01905977539718151,0.02727186679840088,229.20000000000002
3782,0.7265372276306152,0.44270357489585876,0.6017670631408691,0.7186453342437744,0.6754367351531982,1008.5999999999999
3786,0.6075196862220764,0.3024292588233948,0.24305161833763123,0.6014893054962158,0.6038028001785278,909.0
3788,0.0858747810125351,0.06321454048156738,0.061649031937122345,0.03442053869366646,0.023732969537377357,1317.0
3791,0.46437525749206543,0.5138548612594604,0.5961157083511353,0.6996484994888306,0.633466362953186,829.1999999999999
3800,0.05199780315160751,0.0346527025103569,0.03697267919778824,0.03337690234184265,0.02883462980389595,1091.4
3803,0.0937153548002243,0.17209506034851074,0.1639876812696457,0.22842851281166077,0.08517161756753922,1129.1999999999998
3804,0.40974894165992737,0.5751507878303528,0.5829638242721558,0.6133445501327515,0.6264450550079346,958.1999999999999
3815,0.568263053894043,0.683144211769104,0.6524465084075928,0.7512222528457642,0.7641851902008057,891.0
3818,0.07706822454929352,0.114061638712883,0.07159405946731567,0.036456022411584854,0.06353441625833511,1309.1999999999998
3820,0.15835252404212952,0.290526419878006,0.1299235224723816,0.044940363615751266,0.056070342659950256,1354.8000000000002
3828,0.04166276007890701,0.021603960543870926,0.0047966493293643,0.012257752940058708,0.012002680450677872,232.20000000000002
3831,0.22808891534805298,0.34236910939216614,0.34466618299484253,0.12885364890098572,0.35213273763656616,1068.6
3832,0.20195385813713074,0.14953303337097168,0.07944201678037643,0.13778555393218994,0.17183679342269897,943.8000000000001
3833,0.640748143196106,0.43507739901542664,0.39508455991744995,0.509123682975769,0.4866498112678528,897.0
3837,0.5060237646102905,0.3668611943721771,0.40462085604667664,0.37721747159957886,0.4724564552307129,1267.8000000000002
3840,0.04288100451231003,0.10877116769552231,0.007710282225161791,0.014310496859252453,0.025908665731549263,307.79999999999995
3841,0.37975573539733887,0.7144767045974731,0.5107731223106384,0.40521425008773804,0.6602174639701843,1158.0
3862,0.0321190319955349,0.011840835213661194,0.005843764171004295,0.012309703975915909,0.010869981721043587,304.79999999999995
3863,0.6689056158065796,0.582301139831543,0.5451599955558777,0.6486361026763916,0.7321768403053284,1230.6
3870,0.08125169575214386,0.06646326184272766,0.22851181030273438,0.08911517262458801,0.03896107152104378,652.8
3873,0.056080300360918045,0.01786806993186474,0.03699842840433121,0.024112701416015625,0.017983611673116684,410.40000000000003
3884,0.5232378244400024,0.5226436257362366,0.48570263385772705,0.6375529766082764,0.4970724284648895,1066.1999999999998
3885,0.5751261711120605,0.706969141960144,0.6522222757339478,0.7388296127319336,0.766711950302124,899.4000000000001
3886,0.12434211373329163,0.22096925973892212,0.10927502065896988,0.0397631973028183,0.060769446194171906,1282.1999999999998
3887,0.2969740331172943,0.4946866035461426,0.5526216626167297,0.540949821472168,0.5050502419471741,899.4000000000001
3894,0.07991976290941238,0.0572437159717083,0.06644158810377121,0.02400701306760311,0.022705499082803726,1423.1999999999998
3897,0.07092452049255371,0.03111325204372406,0.11391333490610123,0.03545384109020233,0.018755435943603516,1386.0
3901,0.146040678024292,0.13800585269927979,0.05004831776022911,0.1374829113483429,0.07583411782979965,1335.6
3905,0.7027206420898438,0.5416198968887329,0.4711906611919403,0.47239214181900024,0.445068359375,422.40000000000003
3911,0.09351174533367157,0.2516852915287018,0.5000917911529541,0.21808898448944092,0.17243647575378418,592.8
3912,0.14728575944900513,0.029881110414862633,0.04094091057777405,0.023302078247070312,0.047289177775382996,1383.0
3917,0.6811717748641968,0.7929179072380066,0.6816378831863403,0.5970268249511719,0.7243821620941162,829.1999999999999
3918,0.7485811710357666,0.3129071891307831,0.49574342370033264,0.6255289316177368,0.4655417203903198,1082.4
3930,0.21761345863342285,0.04036908596754074,0.17055465281009674,0.05577477440237999,0.04700494557619095,1312.8000000000002
3932,0.6695573329925537,0.8303118348121643,0.6386282444000244,0.6717121601104736,0.7994382977485657,942.5999999999999
3935,0.04303767904639244,0.023258423432707787,0.005328554660081863,0.0110938660800457,0.01220826618373394,238.20000000000002
3943,0.6830635666847229,0.6936675310134888,0.6298224329948425,0.4800720810890198,0.6146668195724487,528.0
3944,0.29779052734375,0.021046262234449387,0.01031368225812912,0.025766124948859215,0.05611333250999451,243.0
3946,0.2257833629846573,0.29119715094566345,0.4189029633998871,0.14621791243553162,0.12800541520118713,702.0
3950,0.23621957004070282,0.6811529397964478,0.518264651298523,0.40792232751846313,0.4247249364852905,1154.4
3951,0.049720004200935364,0.028629381209611893,0.03200801834464073,0.017719663679599762,0.009945064783096313,949.8000000000001
3954,0.6775283813476562,0.7315332889556885,0.5622397661209106,0.5550709962844849,0.7185101509094238,1137.6
3956,0.7679707407951355,0.6715531349182129,0.5706619024276733,0.6800112724304199,0.7526358366012573,1263.6
3958,0.532393217086792,0.4714841842651367,0.3183993101119995,0.6708362102508545,0.6329544186592102,886.1999999999999
3960,0.6987494230270386,0.5546889305114746,0.5924434661865234,0.5908908843994141,0.5338801145553589,690.5999999999999
3965,0.3104044795036316,0.3042832016944885,0.30527496337890625,0.20582398772239685,0.42108091711997986,1278.0
3966,0.10499344766139984,0.03943755850195885,0.03375963121652603,0.020907744765281677,0.014428823255002499,1292.4
3977,0.06346893310546875,0.07556255161762238,0.047522224485874176,0.030702641233801842,0.021728791296482086,1321.1999999999998
3981,0.4607349932193756,0.7651100158691406,0.6265443563461304,0.4975754916667938,0.6582039594650269,1022.4000000000001
3986,0.049285225570201874,0.04916682466864586,0.04753251001238823,0.02585739642381668,0.01895533688366413,1159.1999999999998
3988,0.07342079281806946,0.05731246992945671,0.07758696377277374,0.03623971343040466,0.06878885626792908,973.8000000000001
3990,0.5755348205566406,0.5585142374038696,0.613848865032196,0.6638383865356445,0.5014651417732239,1114.8000000000002
3997,0.051427844911813736,0.10531970858573914,0.04778125882148743,0.1150783896446228,0.06274402141571045,737.4000000000001
3999,0.5292523503303528,0.8038650751113892,0.6513023376464844,0.6273605823516846,0.7337475419044495,835.1999999999999
4005,0.24031753838062286,0.3153291642665863,0.1195010393857956,0.1153687909245491,0.35689157247543335,288.6
4015,0.06639490276575089,0.055251624435186386,0.15315963327884674,0.06380729377269745,0.09036032855510712,653.4000000000001
4016,0.6496784687042236,0.4492923617362976,0.543137788772583,0.5156121850013733,0.6201348304748535,544.2
4020,0.039221420884132385,0.11246706545352936,0.040843963623046875,0.01968732662498951,0.030744975432753563,779.4000000000001
4024,0.43295595049858093,0.36612555384635925,0.340658038854599,0.4222010672092438,0.4037228524684906,300.6
4025,0.5650111436843872,0.5871777534484863,0.4352686107158661,0.6965115070343018,0.7211302518844604,897.5999999999999
4027,0.36582836508750916,0.37198352813720703,0.4020635187625885,0.48852527141571045,0.4153105914592743,293.4
4028,0.03712525591254234,0.07289468497037888,0.06041442230343819,0.02506723813712597,0.012850414030253887,1310.4
4036,0.14620527625083923,0.06573831290006638,0.021952057257294655,0.06924353539943695,0.18948860466480255,243.0
4040,0.10564576834440231,0.02201365865767002,0.0749487578868866,0.04426649212837219,0.028116755187511444,417.59999999999997
4041,0.03893075883388519,0.06467580050230026,0.07906398177146912,0.0432591438293457,0.0357440821826458,729.0
4042,0.3843376338481903,0.45969995856285095,0.5225549340248108,0.5407310724258423,0.590631365776062,616.2
4051,0.10894785076379776,0.20743334293365479,0.07358714193105698,0.16517651081085205,0.07668647915124893,1172.4
4053,0.1629614233970642,0.5469260215759277,0.36326250433921814,0.12465521693229675,0.29638412594795227,723.0
4054,0.16935168206691742,0.6640625,0.5313562154769897,0.3196764886379242,0.43843913078308105,675.0
4061,0.10746970772743225,0.2528464198112488,0.33483991026878357,0.18718239665031433,0.20733457803726196,601.2
4062,0.6639416813850403,0.6348651051521301,0.6832880973815918,0.6875806450843811,0.7505755424499512,846.0
4063,0.44321000576019287,0.6181843280792236,0.604835033416748,0.6128911972045898,0.7408379316329956,1138.1999999999998
4066,0.034001678228378296,0.05582183972001076,0.06947924196720123,0.026735495775938034,0.04823079705238342,775.8000000000001
4068,0.24256275594234467,0.02107035368680954,0.009280236437916756,0.028165020048618317,0.11854404211044312,234.0
4070,0.20653173327445984,0.6181448698043823,0.40573978424072266,0.36232414841651917,0.27742117643356323,888.0
4076,0.08001269400119781,0.08739036321640015,0.055035676807165146,0.056627027690410614,0.03577123582363129,1192.1999999999998
4077,0.7971678972244263,0.6556178331375122,0.5405272841453552,0.5466155409812927,0.7298208475112915,1149.6
4078,0.36838990449905396,0.03317522630095482,0.06653951108455658,0.06475155055522919,0.08615382760763168,810.0
4082,0.18710029125213623,0.04195635765790939,0.19138258695602417,0.0529426634311676,0.06857489794492722,1012.1999999999999
4088,0.536899983882904,0.5332806706428528,0.6063172817230225,0.6828987002372742,0.6309012770652771,883.1999999999999
4093,0.3114628493785858,0.4691705107688904,0.3620421290397644,0.5344573855400085,0.5159599781036377,912.0
4097,0.16475898027420044,0.28774893283843994,0.1809200495481491,0.2068619579076767,0.0866784006357193,1189.8000000000002
4105,0.18754971027374268,0.036024872213602066,0.04050889238715172,0.029796073213219643,0.022462956607341766,1280.4
4108,0.13466334342956543,0.015596557408571243,0.008133834227919579,0.027400827035307884,0.0817137360572815,233.39999999999998
4116,0.19758257269859314,0.014348885975778103,0.007992309518158436,0.023665430024266243,0.045485954731702805,236.39999999999998
4121,0.373217910528183,0.6723439693450928,0.4935169219970703,0.42211079597473145,0.7446120977401733,1146.6
4134,0.34008675813674927,0.40543997287750244,0.25032883882522583,0.3862053453922272,0.3612842261791229,1243.8000000000002
4136,0.11897791177034378,0.022050444036722183,0.008023027330636978,0.019293535500764847,0.025866400450468063,238.79999999999998
4146,0.33054760098457336,0.4443511962890625,0.4525028467178345,0.5835129022598267,0.489168643951416,902.4000000000001
4148,0.04317349195480347,0.12454672157764435,0.03622591868042946,0.05445059761404991,0.0733896940946579,232.20000000000002
4154,0.5501259565353394,0.5994852781295776,0.6156808733940125,0.7379806637763977,0.7334710955619812,898.8000000000001
4155,0.03421088680624962,0.13831564784049988,0.05554899573326111,0.01780037023127079,0.027985697612166405,1408.1999999999998
4163,0.10509571433067322,0.037821292877197266,0.054580457508563995,0.028211263939738274,0.036694567650556564,804.5999999999999
4169,0.4412846565246582,0.6088433861732483,0.5854665637016296,0.5924506187438965,0.5941849946975708,1215.0
4173,0.4320048391819,0.5657960176467896,0.602576494216919,0.6512667536735535,0.6871752738952637,1038.6
4174,0.12379324436187744,0.24753737449645996,0.24727624654769897,0.21253737807273865,0.11993415653705597,343.20000000000005
4180,0.6214584112167358,0.7215299606323242,0.584917426109314,0.4001900851726532,0.5352615714073181,292.20000000000005
4183,0.5957916975021362,0.286728173494339,0.40903955698013306,0.29748180508613586,0.42502257227897644,403.20000000000005
4186,0.12186627089977264,0.07628355175256729,0.1617438793182373,0.22858749330043793,0.10119654983282089,1248.6
4190,0.47973114252090454,0.511566698551178,0.34108635783195496,0.32889649271965027,0.36354610323905945,1154.4
4192,0.060428522527217865,0.036522943526506424,0.012427735142409801,0.023509781807661057,0.050816453993320465,241.79999999999998
4195,0.04209287464618683,0.4641178846359253,0.39859798550605774,0.0736461952328682,0.14328546822071075,840.5999999999999
4197,0.4602968990802765,0.3591720461845398,0.5538166761398315,0.5743203163146973,0.6474199295043945,1017.0
4199,0.30607128143310547,0.15051551163196564,0.21079100668430328,0.2788899838924408,0.1964731067419052,1249.8000000000002
4203,0.11702459305524826,0.0253651924431324,0.01769322343170643,0.028092768043279648,0.07043839246034622,240.60000000000002
4204,0.4438939392566681,0.7610969543457031,0.6124868988990784,0.4531407952308655,0.668069064617157,1026.6
4207,0.11655713617801666,0.28480610251426697,0.35370057821273804,0.14255352318286896,0.0995076447725296,522.5999999999999
4209,0.16013014316558838,0.16343392431735992,0.10647241771221161,0.21220730245113373,0.12129023671150208,658.8
4213,0.29571348428726196,0.3772026002407074,0.3227740228176117,0.4583129584789276,0.4173760414123535,609.5999999999999
4215,0.08406879007816315,0.12762510776519775,0.1289214789867401,0.15242640674114227,0.04043823480606079,1298.4
4218,0.11136776208877563,0.2386995106935501,0.05285689979791641,0.12323088943958282,0.31673097610473633,300.6
4220,0.08180366456508636,0.011008836328983307,0.0075328657403588295,0.015867965295910835,0.014836241491138935,234.0
4221,0.2687152922153473,0.24994680285453796,0.09373749792575836,0.09943310916423798,0.20743384957313538,231.60000000000002
4222,0.09571056813001633,0.09838713705539703,0.15569043159484863,0.04582137614488602,0.04888496547937393,1346.4
4223,0.48824915289878845,0.5885783433914185,0.5081957578659058,0.6434353590011597,0.7159053683280945,843.5999999999999
4226,0.6411907076835632,0.6798322796821594,0.5789551734924316,0.7416728734970093,0.7687234282493591,910.1999999999999
4229,0.0627804547548294,0.1313752979040146,0.03738421946763992,0.017448443919420242,0.026435870677232742,1389.0
4230,0.13804058730602264,0.48187023401260376,0.5580270290374756,0.4392664432525635,0.36468422412872314,882.0
4233,0.10681715607643127,0.05587288737297058,0.07682828605175018,0.04213029146194458,0.03856118023395538,714.5999999999999
4235,0.09130775928497314,0.15732845664024353,0.1806221604347229,0.032083723694086075,0.06339714676141739,1147.8000000000002
4239,0.23382781445980072,0.06051050126552582,0.07128286361694336,0.1631956398487091,0.13560433685779572,433.20000000000005
4240,0.6568994522094727,0.6507606506347656,0.605187714099884,0.7156997323036194,0.7392067313194275,1128.0
4243,0.1448577642440796,0.13994017243385315,0.23314261436462402,0.09686847031116486,0.06292390823364258,769.1999999999999
4247,0.0894109308719635,0.040215760469436646,0.03705586865544319,0.024355238303542137,0.012942356988787651,1276.1999999999998
4250,0.0976700410246849,0.07574822008609772,0.09308464080095291,0.03412094712257385,0.027545278891921043,1254.0
4255,0.6764118075370789,0.19814333319664001,0.17041856050491333,0.3793147802352905,0.45684850215911865,903.5999999999999
4257,0.28234392404556274,0.38178884983062744,0.4506549537181854,0.3862297832965851,0.2064216136932373,1192.8000000000002
4259,0.10183975845575333,0.2695868909358978,0.0696549043059349,0.08458080887794495,0.3023678958415985,235.20000000000002
4260,0.3189924955368042,0.03814119100570679,0.15540960431098938,0.1691533923149109,0.059775181114673615,877.8000000000001
4264,0.16407611966133118,0.6079904437065125,0.5132452845573425,0.33998584747314453,0.5758670568466187,1253.4
4268,0.3580743074417114,0.11613766849040985,0.21303704380989075,0.28967225551605225,0.15335828065872192,1076.4
4277,0.07457798719406128,0.21683332324028015,0.059840600937604904,0.08651235699653625,0.30178117752075195,251.39999999999998
4283,0.5573241710662842,0.7518422603607178,0.5478959083557129,0.6082354784011841,0.6791002154350281,842.4000000000001
4288,0.7855572700500488,0.495419979095459,0.5969769954681396,0.6562883257865906,0.7327877879142761,1102.1999999999998
4289,0.01872355118393898,0.031337082386016846,0.007224023342132568,0.012759070843458176,0.010902953334152699,241.20000000000002
4294,0.2792817950248718,0.2128540724515915,0.2779030501842499,0.217553973197937,0.24865758419036865,1021.8000000000001
4297,0.030057672411203384,0.05626048892736435,0.07640247792005539,0.031115107238292694,0.04505851864814758,882.5999999999999
4298,0.2816314697265625,0.2816380560398102,0.3786003291606903,0.44636303186416626,0.3275144398212433,552.0
4309,0.3777226507663727,0.5402055382728577,0.5564749836921692,0.5416533946990967,0.3714201748371124,607.2
4313,0.0785060003399849,0.460021048784256,0.3214307725429535,0.3669251501560211,0.27451103925704956,949.1999999999999
4316,0.02920621819794178,0.0358794629573822,0.05116556957364082,0.01627480611205101,0.013329247012734413,1087.8000000000002
4319,0.11104270815849304,0.09457527846097946,0.09766284376382828,0.043486736714839935,0.04587020352482796,1320.0
4320,0.08574377000331879,0.021780915558338165,0.018853940069675446,0.027909811586141586,0.01936064288020134,250.20000000000002
4321,0.42592987418174744,0.7186077237129211,0.42736804485321045,0.5723109245300293,0.69022536277771,964.1999999999999
4324,0.06831008195877075,0.22038359940052032,0.45694470405578613,0.1368878036737442,0.08717198669910431,809.4000000000001
4325,0.2590511739253998,0.2615431547164917,0.09767595678567886,0.09610351920127869,0.2014637142419815,249.0
4327,0.3209635317325592,0.47994861006736755,0.4762406349182129,0.6287213563919067,0.6270930767059326,838.8000000000001
4328,0.43069183826446533,0.4129210114479065,0.44476383924484253,0.5762333869934082,0.5225204825401306,613.2
4331,0.02211577445268631,0.030639560893177986,0.0059802113100886345,0.012801554054021835,0.014052183367311954,306.6
4336,0.02765691839158535,0.19885264337062836,0.06800083816051483,0.020531995221972466,0.029639333486557007,1321.1999999999998
4343,0.4034595489501953,0.7853736281394958,0.630130410194397,0.593644380569458,0.7002580165863037,909.0
4344,0.046854324638843536,0.14528636634349823,0.21390563249588013,0.2005021870136261,0.11669205129146576,967.8000000000001
4345,0.074551522731781,0.015014667995274067,0.008513221517205238,0.017408130690455437,0.036362215876579285,246.60000000000002
4350,0.2632687985897064,0.25974565744400024,0.18961331248283386,0.41414445638656616,0.26585638523101807,534.5999999999999
4358,0.7015799880027771,0.10167250037193298,0.26433080434799194,0.39709827303886414,0.2776718735694885,777.0
4359,0.387027382850647,0.6266279816627502,0.45453017950057983,0.5264889001846313,0.6324642896652222,1184.4
4362,0.1208634003996849,0.02468772977590561,0.008250539191067219,0.016542384400963783,0.023641496896743774,248.39999999999998
4364,0.021461786702275276,0.05333450809121132,0.0410597063601017,0.016497230157256126,0.039630163460969925,963.5999999999999
4367,0.21477116644382477,0.1370430737733841,0.056860193610191345,0.09424497187137604,0.08719959855079651,649.2
4377,0.5577236413955688,0.4981246590614319,0.3128044009208679,0.590294361114502,0.43856313824653625,960.0
4390,0.18623045086860657,0.13481396436691284,0.1896604746580124,0.09396686404943466,0.13878071308135986,695.4000000000001
4397,0.04346529394388199,0.0466950386762619,0.03172910958528519,0.026258492842316628,0.016415659338235855,1247.4
4399,0.04402396082878113,0.2135239541530609,0.1905406415462494,0.06130731478333473,0.06674723327159882,1237.1999999999998
4401,0.22607626020908356,0.37868303060531616,0.38873356580734253,0.0958322286605835,0.28099387884140015,1322.4
4404,0.19913211464881897,0.4870612323284149,0.5269935131072998,0.5041348934173584,0.45790770649909973,1074.6
4405,0.7347539067268372,0.38407081365585327,0.34721097350120544,0.5757107138633728,0.6523454189300537,1002.5999999999999
4410,0.5544871091842651,0.563153088092804,0.37343066930770874,0.5731637477874756,0.5572777390480042,1135.8000000000002
4415,0.04529277980327606,0.06036084145307541,0.036171745508909225,0.0336473286151886,0.045298971235752106,793.1999999999999
4418,0.08454888314008713,0.04086978733539581,0.05829623341560364,0.030236337333917618,0.026454059407114983,723.5999999999999
4420,0.1447630673646927,0.06075763702392578,0.11956735700368881,0.04283936321735382,0.04281836003065109,832.1999999999999
4424,0.7903561592102051,0.3152853846549988,0.5695888996124268,0.5220158696174622,0.5762514472007751,297.0
4425,0.4213247001171112,0.15825115144252777,0.2677669823169708,0.1411760300397873,0.2647077441215515,830.4000000000001
4429,0.07193448394536972,0.013460666872560978,0.018594704568386078,0.013946385122835636,0.010656331665813923,956.4000000000001
4430,0.14976361393928528,0.0937710851430893,0.1465834677219391,0.06184007227420807,0.07722365856170654,736.8
4431,0.25701481103897095,0.45354998111724854,0.559938371181488,0.6274393796920776,0.4698229730129242,837.5999999999999
4437,0.2634289860725403,0.15331663191318512,0.0773991197347641,0.2227766364812851,0.11195904016494751,1213.8000000000002
4438,0.04253173992037773,0.019554324448108673,0.005981059279292822,0.017074594274163246,0.045594919472932816,299.4
4445,0.0461110919713974,0.08941485732793808,0.09343167394399643,0.05212846398353577,0.03862372413277626,1176.0
4450,0.277494341135025,0.4197399318218231,0.2906641662120819,0.3579877018928528,0.3553262948989868,703.2
4454,0.09326957166194916,0.21289077401161194,0.05541995167732239,0.08257339149713516,0.1311018168926239,232.79999999999998
4455,0.6880287528038025,0.5518179535865784,0.5140684843063354,0.5637657046318054,0.7444910407066345,605.4000000000001
4456,0.038768358528614044,0.04181308671832085,0.006547890137881041,0.013241508044302464,0.03318265825510025,299.4
4457,0.36338546872138977,0.17040783166885376,0.2339954376220703,0.2490113228559494,0.22214162349700928,900.0
4460,0.3436894714832306,0.3980310559272766,0.39634519815444946,0.49614188075065613,0.2845785617828369,938.4000000000001
4464,0.20559020340442657,0.40794408321380615,0.38557925820350647,0.31825634837150574,0.36024942994117737,980.4000000000001
4466,0.5572150945663452,0.5918582677841187,0.6190181970596313,0.6625969409942627,0.6473807096481323,958.8000000000001
4468,0.08228270709514618,0.22195979952812195,0.053304947912693024,0.0922454297542572,0.23814699053764343,304.79999999999995
4470,0.3841908872127533,0.37565141916275024,0.33536747097969055,0.5824223160743713,0.550597071647644,535.8
4471,0.18324002623558044,0.4743040204048157,0.26296937465667725,0.1863042712211609,0.31252148747444153,1005.0
4472,0.08780312538146973,0.02793545462191105,0.03962288796901703,0.045200448483228683,0.016644515097141266,964.1999999999999
4473,0.5575544834136963,0.6369612216949463,0.37139880657196045,0.49627685546875,0.7469167113304138,1177.1999999999998
4481,0.15455177426338196,0.25474828481674194,0.22988148033618927,0.1894054114818573,0.10778156667947769,481.79999999999995
4484,0.72096848487854,0.627500593662262,0.66690993309021,0.7394183278083801,0.8033082485198975,844.1999999999999
4486,0.14739921689033508,0.2800276279449463,0.27790844440460205,0.2891445755958557,0.1646234393119812,1070.4
4490,0.1559143364429474,0.16413605213165283,0.11497696489095688,0.03592337295413017,0.15823733806610107,1387.1999999999998
4493,0.059269241988658905,0.03839678317308426,0.011201368644833565,0.020580129697918892,0.04849731922149658,303.6
4495,0.6928090453147888,0.6672134399414062,0.6784667372703552,0.7257685661315918,0.8034297227859497,841.1999999999999
4499,0.278665155172348,0.3353661596775055,0.5535421371459961,0.455644816160202,0.46417248249053955,939.5999999999999
4511,0.3407171666622162,0.07571812719106674,0.2617923319339752,0.20234403014183044,0.15680888295173645,970.1999999999999
4512,0.03399999812245369,0.2026015818119049,0.03803269937634468,0.06325783580541611,0.07633282244205475,906.0
4514,0.17206281423568726,0.4748042821884155,0.5342402458190918,0.5241253972053528,0.36004638671875,967.1999999999999
4516,0.06410437822341919,0.015917092561721802,0.018586494028568268,0.015546978451311588,0.018350007012486458,1050.6
4522,0.1576913297176361,0.031205657869577408,0.009700263850390911,0.020495926961302757,0.0369214192032814,248.39999999999998
4523,0.25143963098526,0.6821692585945129,0.5077648162841797,0.28849583864212036,0.3076760768890381,903.5999999999999
4534,0.6286038160324097,0.3811451494693756,0.4517386257648468,0.4456186294555664,0.4630560576915741,588.0
4536,0.7300412058830261,0.6286858320236206,0.655536949634552,0.7401684522628784,0.8148075938224792,832.1999999999999
4537,0.4971793591976166,0.44386303424835205,0.34572726488113403,0.43681955337524414,0.38374975323677063,597.5999999999999
4542,0.329890638589859,0.5535892248153687,0.31357938051223755,0.3572821319103241,0.4536617398262024,951.5999999999999
4554,0.17083138227462769,0.39542528986930847,0.3618978261947632,0.1924433410167694,0.2295905351638794,1298.4
4556,0.5992603302001953,0.63266921043396,0.6350536942481995,0.7207866907119751,0.7569782137870789,813.0
4558,0.2177484780550003,0.7290014624595642,0.5600122809410095,0.41105201840400696,0.632184624671936,1023.0
4561,0.6068596839904785,0.2992965877056122,0.4119892120361328,0.4801356792449951,0.5287022590637207,669.0
4568,0.11731851100921631,0.18741533160209656,0.2578081786632538,0.2762451469898224,0.2157576084136963,1022.4000000000001
4573,0.03354351222515106,0.011168714612722397,0.012309761717915535,0.02399573102593422,0.012834519147872925,246.60000000000002
4575,0.12168414890766144,0.2380487620830536,0.06968505680561066,0.09144972264766693,0.1556869000196457,303.0
4587,0.2933705747127533,0.38487347960472107,0.2652822434902191,0.349445641040802,0.2344968467950821,1030.8000000000002
4588,0.3062939941883087,0.42489150166511536,0.2632104158401489,0.42776253819465637,0.4906156361103058,1140.0
4591,0.057904355227947235,0.20304106175899506,0.10816699266433716,0.14574360847473145,0.29652824997901917,254.39999999999998
4594,0.5203084349632263,0.36456209421157837,0.4258614778518677,0.4659801721572876,0.42805665731430054,1233.6
4599,0.24492084980010986,0.03740815073251724,0.05948677659034729,0.19735175371170044,0.12758491933345795,611.4000000000001
4601,0.20716515183448792,0.401373028755188,0.2710579037666321,0.4055936932563782,0.34784242510795593,1243.8000000000002
4602,0.01865113154053688,0.04742467775940895,0.007770380470901728,0.014683127403259277,0.03197841718792915,313.20000000000005
4604,0.122776098549366,0.5101442933082581,0.25197193026542664,0.2516345977783203,0.17374053597450256,1189.1999999999998
4605,0.053470905870199203,0.07672129571437836,0.04306868463754654,0.0725138783454895,0.04056869447231293,807.0
4607,0.6564269065856934,0.33813461661338806,0.44109976291656494,0.4527420997619629,0.5045205354690552,714.5999999999999
4610,0.15457817912101746,0.07282834500074387,0.06895921379327774,0.031112775206565857,0.024296095594763756,1413.6
4611,0.0375845730304718,0.04125753790140152,0.007294000126421452,0.013258643448352814,0.029154475778341293,289.79999999999995
4614,0.2372061014175415,0.06575319170951843,0.02214684709906578,0.08236230909824371,0.1250140368938446,243.0
4619,0.6252423524856567,0.595944881439209,0.36659640073776245,0.6493940353393555,0.6556000709533691,955.8000000000001
4622,0.15705126523971558,0.3510540723800659,0.26479315757751465,0.3977273404598236,0.1998794972896576,1005.5999999999999
4624,0.7071757316589355,0.5704942345619202,0.6094177961349487,0.701803982257843,0.6385905742645264,1136.4
4625,0.4057183861732483,0.6830449104309082,0.4486635625362396,0.5889989137649536,0.6089845895767212,888.5999999999999
4628,0.17972387373447418,0.2335190325975418,0.2305786907672882,0.1428992599248886,0.15015536546707153,650.4000000000001
4629,0.048986807465553284,0.16894719004631042,0.044545676559209824,0.07810139656066895,0.2276741862297058,231.60000000000002
4630,0.13127529621124268,0.2623957097530365,0.32300159335136414,0.13448596000671387,0.21931152045726776,780.5999999999999
4632,0.4458315968513489,0.10707758367061615,0.05851211026310921,0.08254991471767426,0.19385892152786255,233.39999999999998
4633,0.03344551473855972,0.01729743927717209,0.006678437814116478,0.013534609228372574,0.031520165503025055,288.6
4635,0.05787258222699165,0.013593900948762894,0.004834584891796112,0.014655111357569695,0.01913980022072792,241.79999999999998
4638,0.6110548973083496,0.7237904071807861,0.6559664011001587,0.7470638155937195,0.7793692946434021,906.5999999999999
4640,0.8515831232070923,0.4462081789970398,0.5645141005516052,0.7404187321662903,0.812976598739624,840.0
4642,0.07468287646770477,0.021679898723959923,0.028072461485862732,0.026025179773569107,0.014363129623234272,897.5999999999999
4646,0.6579774618148804,0.6293542981147766,0.5843970775604248,0.6604828834533691,0.8073850870132446,848.4000000000001
4654,0.10207119584083557,0.01816786825656891,0.016257964074611664,0.037070728838443756,0.06645724177360535,228.60000000000002
4655,0.14061419665813446,0.07544708251953125,0.21085025370121002,0.08533903956413269,0.1357487440109253,897.0
4659,0.19917026162147522,0.043041352182626724,0.05655790865421295,0.06289114058017731,0.059368785470724106,1251.6
4665,0.040921930223703384,0.02212687022984028,0.042033154517412186,0.027123499661684036,0.020819151774048805,433.79999999999995
4666,0.04292216897010803,0.16611438989639282,0.037447597831487656,0.06965979933738708,0.16386479139328003,230.39999999999998
4674,0.4141353964805603,0.04364466667175293,0.0851631835103035,0.20661723613739014,0.17359718680381775,604.2
4677,0.5684946775436401,0.5739745497703552,0.49220070242881775,0.5542873740196228,0.43892133235931396,1198.1999999999998
4678,0.8432571887969971,0.596642255783081,0.513748824596405,0.6956373453140259,0.7607674598693848,1130.4
4680,0.17208647727966309,0.5702058672904968,0.3632597029209137,0.12192846834659576,0.30745503306388855,700.8
4683,0.4825775623321533,0.5614880323410034,0.5998117923736572,0.6454088091850281,0.6271771192550659,1129.1999999999998
4688,0.09005420655012131,0.4908437430858612,0.3628539443016052,0.10955726355314255,0.08637936413288116,1090.1999999999998
4694,0.1697262078523636,0.07628333568572998,0.02175207994878292,0.0793997198343277,0.2331925332546234,238.20000000000002
4696,0.07777559757232666,0.14604610204696655,0.25954967737197876,0.30701038241386414,0.05801955610513687,1149.6
4697,0.276349812746048,0.30257096886634827,0.35587653517723083,0.3770889937877655,0.15331268310546875,1135.8000000000002
4699,0.07845158129930496,0.07745623588562012,0.06566640734672546,0.03112231008708477,0.09211497753858566,1279.8000000000002
4700,0.48373210430145264,0.48274296522140503,0.48004111647605896,0.5479137301445007,0.6518958806991577,550.2
4702,0.09909316152334213,0.31243643164634705,0.31980323791503906,0.15554778277873993,0.19522610306739807,665.4000000000001
4710,0.35650888085365295,0.08835691213607788,0.10516250133514404,0.1640249341726303,0.20521187782287598,486.59999999999997
4712,0.3095729351043701,0.05830302834510803,0.28769123554229736,0.13026371598243713,0.2002076655626297,1299.0
4717,0.2662307322025299,0.10207773745059967,0.28709423542022705,0.13299255073070526,0.2323286235332489,1328.4
4722,0.05963858962059021,0.08905720710754395,0.06849223375320435,0.10352917015552521,0.04292011260986328,841.8000000000001
4730,0.2851174771785736,0.5770951509475708,0.3041989505290985,0.408324658870697,0.49183714389801025,1159.1999999999998
4732,0.036345019936561584,0.010578199289739132,0.005160972476005554,0.011007361114025116,0.010702848434448242,238.79999999999998
4747,0.046064410358667374,0.0315624363720417,0.011146025732159615,0.0201166570186615,0.03390055522322655,247.20000000000002
4755,0.45224228501319885,0.42742919921875,0.5093243718147278,0.5312954187393188,0.2746764123439789,1095.0
4756,0.0848340168595314,0.25847238302230835,0.2486419379711151,0.11339624226093292,0.10209901630878448,869.4000000000001
4757,0.5422859191894531,0.488765686750412,0.47402840852737427,0.37903302907943726,0.4951467514038086,721.2
4759,0.8342514038085938,0.6845701932907104,0.6780589818954468,0.7527921199798584,0.7783090472221375,947.4000000000001
4760,0.088730089366436,0.02093113213777542,0.10449942946434021,0.032363131642341614,0.015479501336812973,901.1999999999999
4763,0.3512585461139679,0.22433623671531677,0.35410553216934204,0.39481863379478455,0.17142295837402344,1098.6
4771,0.7110490202903748,0.6828616261482239,0.6639424562454224,0.7369951605796814,0.6998308300971985,952.8000000000001
4776,0.48824915289878845,0.5818911790847778,0.5382694602012634,0.7094956040382385,0.6868686079978943,827.4000000000001
4778,0.02065579779446125,0.023308517411351204,0.006548825651407242,0.015758300200104713,0.03707060217857361,292.79999999999995
4782,0.47615283727645874,0.471759170293808,0.48963966965675354,0.5379964113235474,0.5418860912322998,945.0
4784,0.2256348878145218,0.27213388681411743,0.10546077787876129,0.08947236835956573,0.3736984133720398,234.60000000000002
4798,0.17026370763778687,0.6601380109786987,0.37585213780403137,0.41888490319252014,0.47842225432395935,898.8000000000001
4799,0.2155146300792694,0.08898503333330154,0.02196769416332245,0.0898226872086525,0.2736218571662903,237.60000000000002
4800,0.8654218912124634,0.8298215270042419,0.690899133682251,0.6460207104682922,0.8038081526756287,1128.0
4801,0.04197508096694946,0.014340302906930447,0.01711970567703247,0.010960237123072147,0.011214740574359894,970.1999999999999
4803,0.3372819423675537,0.32332560420036316,0.29599621891975403,0.2871094346046448,0.21696768701076508,1100.4
4805,0.04390749707818031,0.013708565384149551,0.005419687367975712,0.013063199818134308,0.014128382317721844,294.6
4815,0.11650998890399933,0.15754809975624084,0.15440359711647034,0.3771556615829468,0.17922258377075195,845.4000000000001
4818,0.1159123107790947,0.14289575815200806,0.06876111030578613,0.039159949868917465,0.033784136176109314,963.5999999999999
4822,0.09568365663290024,0.02664301171898842,0.02718651294708252,0.026579778641462326,0.0110702496021986,1258.8000000000002
4823,0.296879380941391,0.4595780372619629,0.5354770421981812,0.29180485010147095,0.3766886591911316,647.4000000000001
4826,0.6031906604766846,0.772671103477478,0.612060010433197,0.5648811459541321,0.7901121973991394,1266.0
4842,0.18822410702705383,0.623981237411499,0.5499423742294312,0.1961185336112976,0.2723829448223114,654.5999999999999
4845,0.18830354511737823,0.037947263568639755,0.05506502091884613,0.05286380648612976,0.07888087630271912,472.79999999999995
4847,0.15466810762882233,0.6989561319351196,0.5294163823127747,0.41935494542121887,0.459408700466156,915.0
4860,0.15971383452415466,0.03592144697904587,0.09017489105463028,0.03950924426317215,0.0501863956451416,486.59999999999997
4862,0.5559241771697998,0.6726274490356445,0.6484183073043823,0.714726984500885,0.7659295201301575,851.4000000000001
4863,0.03368368744850159,0.010874088853597641,0.005144509952515364,0.012297524139285088,0.00980150792747736,249.0
4864,0.2457381784915924,0.14823970198631287,0.07516437023878098,0.13314390182495117,0.0701257511973381,1357.8000000000002
4866,0.3806334137916565,0.4196346700191498,0.3657613694667816,0.5062255859375,0.5088214874267578,756.5999999999999
4870,0.07994066923856735,0.03437182679772377,0.09044170379638672,0.049922361969947815,0.11250172555446625,772.8000000000001
4873,0.06732794642448425,0.15078318119049072,0.05325467139482498,0.07881531119346619,0.11505153030157089,231.60000000000002
4874,0.07080939412117004,0.3458828032016754,0.30059826374053955,0.18491192162036896,0.16573750972747803,1006.8000000000001
4875,0.18193653225898743,0.39742207527160645,0.4170446991920471,0.08751192688941956,0.23081007599830627,1409.4
4881,0.23220349848270416,0.346352756023407,0.21382001042366028,0.382768452167511,0.19808340072631836,918.5999999999999
4882,0.019593987613916397,0.057461027055978775,0.06399752199649811,0.025270862504839897,0.021969348192214966,750.0
4885,0.10419350862503052,0.20616352558135986,0.036406274884939194,0.08229900896549225,0.07298115640878677,1339.8000000000002
4888,0.0834294855594635,0.12512293457984924,0.36732780933380127,0.15146324038505554,0.10967456549406052,1272.6
4889,0.2840399742126465,0.04980331286787987,0.10131292790174484,0.0648830235004425,0.18784280121326447,1361.4
4890,0.26069575548171997,0.2494746446609497,0.31346556544303894,0.3417570888996124,0.11581730842590332,1110.6
4891,0.8245596289634705,0.5314990878105164,0.5029616355895996,0.6413556337356567,0.544645369052887,787.1999999999999
4894,0.26477712392807007,0.24522793292999268,0.07131350040435791,0.13198618590831757,0.2217041552066803,853.1999999999999
4906,0.09249633550643921,0.0450291782617569,0.0541197843849659,0.047701526433229446,0.026385456323623657,1150.8000000000002
4907,0.03835160285234451,0.026085684075951576,0.00681281229481101,0.01225784420967102,0.012698238715529442,286.20000000000005
4914,0.057351455092430115,0.016812853515148163,0.031144358217716217,0.015404392033815384,0.007720242254436016,894.5999999999999
4917,0.04766120761632919,0.13089394569396973,0.044721025973558426,0.06396529078483582,0.09704578667879105,235.20000000000002
4919,0.035171110183000565,0.0397597998380661,0.03381727635860443,0.02961517497897148,0.01725231483578682,469.79999999999995
4931,0.6389363408088684,0.5346536040306091,0.4829692244529724,0.6446111798286438,0.6024969220161438,1241.4
4952,0.4919168949127197,0.6038843393325806,0.6198725700378418,0.38279226422309875,0.4651613235473633,1202.4
4956,0.6383055448532104,0.6752538681030273,0.5079658627510071,0.5564231872558594,0.6513257026672363,1133.4
4962,0.42951056361198425,0.14634664356708527,0.2952103018760681,0.145615816116333,0.1669820249080658,894.5999999999999
4964,0.25094130635261536,0.47013846039772034,0.3666393458843231,0.5889114141464233,0.5837762355804443,899.4000000000001
4965,0.6475199460983276,0.6061285734176636,0.5860005021095276,0.6191621422767639,0.5370041131973267,575.4000000000001
4969,0.2798278033733368,0.20710590481758118,0.041004568338394165,0.09625308215618134,0.18768280744552612,238.20000000000002
4975,0.14165619015693665,0.17160548269748688,0.06976386904716492,0.19787904620170593,0.08027705550193787,1245.0
4979,0.03636360913515091,0.01839304156601429,0.006242270581424236,0.014239008538424969,0.03746844828128815,293.4
4980,0.16741934418678284,0.13162504136562347,0.01578386314213276,0.02572588622570038,0.10045787692070007,307.20000000000005
4985,0.0684046521782875,0.015548051334917545,0.020019536837935448,0.02092556841671467,0.021168623119592667,999.5999999999999
4987,0.039565309882164,0.027752438560128212,0.005345822777599096,0.012382888235151768,0.01331690140068531,293.4
4997,0.5703912973403931,0.722792387008667,0.5959844589233398,0.5221073031425476,0.6397484540939331,536.4000000000001
4999,0.09975853562355042,0.020889434963464737,0.006093507632613182,0.018065422773361206,0.030854130163788795,236.39999999999998
5005,0.21556484699249268,0.09128722548484802,0.11861087381839752,0.07952278852462769,0.093479223549366,1256.4
5007,0.03776709735393524,0.1323978751897812,0.03526831418275833,0.06332637369632721,0.07477308064699173,247.20000000000002
5012,0.0565512478351593,0.14704327285289764,0.046056248247623444,0.0688578337430954,0.11836105585098267,241.20000000000002
5020,0.01873110421001911,0.049916405230760574,0.007687605917453766,0.017173346132040024,0.043099142611026764,238.20000000000002
5038,0.07742126286029816,0.06018497794866562,0.017975473776459694,0.03149200230836868,0.13054394721984863,231.60000000000002
5040,0.6168266534805298,0.3611675202846527,0.2915257513523102,0.39782676100730896,0.44959914684295654,1161.6
5041,0.15999829769134521,0.032901350408792496,0.010119311511516571,0.02137785032391548,0.04055054858326912,247.79999999999998
5046,0.6557615995407104,0.45039302110671997,0.5433501601219177,0.5162652730941772,0.6240226030349731,541.8
5054,0.04099029302597046,0.04958297312259674,0.08371230214834213,0.036123596131801605,0.0353027880191803,653.4000000000001
5056,0.09510061144828796,0.013342364691197872,0.019956542178988457,0.015330225229263306,0.011504091322422028,1016.4000000000001
5057,0.5091544389724731,0.5677057504653931,0.5950241088867188,0.7354892492294312,0.6995832920074463,910.1999999999999
5059,0.20773833990097046,0.5705133676528931,0.5799121856689453,0.5097041726112366,0.5532339811325073,1189.8000000000002
5064,0.5136542916297913,0.535172164440155,0.4000127911567688,0.3758784234523773,0.4846002757549286,484.79999999999995
5065,0.053861573338508606,0.1491709053516388,0.018653016537427902,0.026860997080802917,0.1384126842021942,298.79999999999995
5068,0.043464694172143936,0.026347286999225616,0.006292339414358139,0.014294570311903954,0.029770463705062866,250.79999999999998
5075,0.5570677518844604,0.24813097715377808,0.4460909068584442,0.5061348676681519,0.32342585921287537,1105.8000000000002
5079,0.26608142256736755,0.540784478187561,0.5083011388778687,0.42788225412368774,0.4891676604747772,1148.4
5081,0.0663195326924324,0.02448110282421112,0.03796383738517761,0.028457466512918472,0.016005415469408035,836.4000000000001
5082,0.17435213923454285,0.013746049255132675,0.007651615887880325,0.020139798521995544,0.03914174064993858,237.60000000000002
5083,0.1037001758813858,0.11809708178043365,0.18767058849334717,0.0606767013669014,0.0728670209646225,856.1999999999999
5085,0.08012696355581284,0.3378479778766632,0.42084068059921265,0.33064717054367065,0.15855616331100464,487.20000000000005
5087,0.2846873998641968,0.21958987414836884,0.054386407136917114,0.07779857516288757,0.16968804597854614,244.20000000000002
5091,0.48749664425849915,0.4449634552001953,0.3775862157344818,0.434848427772522,0.5215004086494446,366.0
5099,0.10603711754083633,0.08018788695335388,0.03707987070083618,0.07092282176017761,0.12774798274040222,241.20000000000002
5102,0.07023682445287704,0.055703893303871155,0.03581605106592178,0.02978116273880005,0.01750927045941353,1321.8000000000002
5106,0.09649741649627686,0.26860666275024414,0.4444509446620941,0.33471694588661194,0.17846626043319702,713.4000000000001
5108,0.3036562204360962,0.2995770275592804,0.29864218831062317,0.3721928000450134,0.2695692479610443,596.4000000000001
5115,0.038904204964637756,0.0416688434779644,0.042047008872032166,0.022778524085879326,0.015567625872790813,787.8000000000001
5118,0.2582396864891052,0.35864606499671936,0.18481509387493134,0.3863152861595154,0.3091895878314972,1030.8000000000002
5120,0.3872676193714142,0.056696146726608276,0.23770593106746674,0.16749590635299683,0.26479223370552063,597.0
5124,0.06840628385543823,0.018435301259160042,0.005151759367436171,0.015500981360673904,0.02295348420739174,241.20000000000002
5125,0.7351024746894836,0.6108720302581787,0.5923103094100952,0.7081298828125,0.6848335266113281,1128.0
5129,0.44700759649276733,0.5278784036636353,0.46977221965789795,0.6262177228927612,0.5360539555549622,982.8000000000001
5132,0.18006430566310883,0.029938731342554092,0.14877119660377502,0.07413627952337265,0.03329389542341232,794.4000000000001
5133,0.5635197162628174,0.6732372641563416,0.5309129357337952,0.4784252643585205,0.7796629071235657,1251.0
5134,0.3269263207912445,0.7920893430709839,0.5659353733062744,0.4856860041618347,0.6788327693939209,962.4000000000001
5135,0.22009289264678955,0.2493238002061844,0.1680908203125,0.146519273519516,0.20911934971809387,237.0
5138,0.0425766296684742,0.3134729862213135,0.17857739329338074,0.10575937479734421,0.07224109768867493,1281.6
5144,0.55616295337677,0.7256835103034973,0.491425096988678,0.4202449321746826,0.6174688339233398,369.0
5145,0.07850737869739532,0.018423229455947876,0.007767973467707634,0.01817246526479721,0.044269777834415436,308.4
5148,0.07486295700073242,0.09261684119701385,0.1943959891796112,0.11438563466072083,0.05281320959329605,1192.1999999999998
5149,0.020626254379749298,0.03982388600707054,0.00759535375982523,0.013960241340100765,0.03203209489583969,230.39999999999998
5151,0.1719484031200409,0.2683454155921936,0.07827448099851608,0.08762771636247635,0.18287405371665955,244.20000000000002
5152,0.046451468020677567,0.022463176399469376,0.006030755583196878,0.014251265674829483,0.04144151136279106,307.79999999999995
5155,0.16015715897083282,0.2051897794008255,0.17582902312278748,0.2976476848125458,0.20052237808704376,1132.8000000000002
5159,0.5049903392791748,0.579416811466217,0.6076253652572632,0.7398090958595276,0.7114872932434082,915.0
5161,0.15944813191890717,0.19979143142700195,0.3640533685684204,0.26338279247283936,0.1520070880651474,649.8
5164,0.17604957520961761,0.42044633626937866,0.5411336421966553,0.3569525480270386,0.354449599981308,643.8
5165,0.706256628036499,0.7928715944290161,0.6799315214157104,0.6337018609046936,0.7845958471298218,835.8000000000001
5173,0.6805615425109863,0.2628495395183563,0.41145598888397217,0.5798895955085754,0.5068045854568481,537.5999999999999
5178,0.24854910373687744,0.17293763160705566,0.10762488096952438,0.20834968984127045,0.25541016459465027,1307.4
5184,0.03434024378657341,0.08828994631767273,0.05992238596081734,0.05273774266242981,0.04545705392956734,1016.4000000000001
5195,0.019701089709997177,0.04236578941345215,0.0285588800907135,0.019016489386558533,0.01187924575060606,901.1999999999999
5196,0.16897138953208923,0.2548621594905853,0.1560089886188507,0.12108701467514038,0.1441047489643097,1297.1999999999998
5201,0.0840747132897377,0.06806451082229614,0.04173821955919266,0.06992003321647644,0.1654532253742218,238.79999999999998
5203,0.6415336728096008,0.3559555411338806,0.41401922702789307,0.4281802773475647,0.3327459990978241,848.4000000000001
5214,0.7246971130371094,0.48071157932281494,0.3594384789466858,0.6390381455421448,0.7938966751098633,882.5999999999999
5215,0.20103852450847626,0.1383448839187622,0.028463270515203476,0.0864657536149025,0.16448955237865448,241.79999999999998
5219,0.2830270230770111,0.28236791491508484,0.10771892219781876,0.08865109086036682,0.1760595142841339,247.20000000000002
5222,0.19021111726760864,0.4283861815929413,0.36049529910087585,0.2539460361003876,0.427202045917511,786.0
5227,0.761254072189331,0.611303448677063,0.6510220170021057,0.6895961165428162,0.6462579965591431,1154.4
5228,0.312316358089447,0.33583512902259827,0.3792977035045624,0.5261266827583313,0.5013112425804138,532.8
5234,0.3167908787727356,0.10729348659515381,0.1869877576828003,0.1278351992368698,0.22808566689491272,1269.0
5238,0.16120365262031555,0.09530019760131836,0.07019057869911194,0.13772901892662048,0.11575773358345032,645.0
5239,0.2851497232913971,0.06344076991081238,0.04963381960988045,0.09785196185112,0.028790222480893135,1269.0
5242,0.5887287855148315,0.5491657257080078,0.5716642141342163,0.6906119585037231,0.6424761414527893,1064.4
5246,0.7535454034805298,0.726587176322937,0.6571036577224731,0.7299181222915649,0.7288657426834106,957.0
5250,0.6713650822639465,0.5580884218215942,0.6341336369514465,0.6629667282104492,0.6238218545913696,1134.6
5252,0.151373952627182,0.3633245825767517,0.3590312600135803,0.1081952303647995,0.09688083082437515,1290.0
5258,0.09895016998052597,0.24582341313362122,0.10813561826944351,0.14289629459381104,0.07807604223489761,1256.4
5259,0.3285726308822632,0.6189574599266052,0.31339550018310547,0.36252596974372864,0.4487300515174866,934.8000000000001
5261,0.13840582966804504,0.26651400327682495,0.17595189809799194,0.1653057336807251,0.25166380405426025,1325.4
5264,0.15599234402179718,0.1885734498500824,0.07195280492305756,0.12238145619630814,0.12577439844608307,357.6
5267,0.23684129118919373,0.1212315559387207,0.016564860939979553,0.03154211491346359,0.0956287682056427,238.20000000000002
5273,0.03409509360790253,0.009556090459227562,0.004685643129050732,0.011977887712419033,0.011495739221572876,241.79999999999998
5280,0.456149160861969,0.07152234762907028,0.17811128497123718,0.24982976913452148,0.323506236076355,949.8000000000001
5285,0.05357060208916664,0.07590688765048981,0.026105325669050217,0.07105889916419983,0.028571676462888718,968.4000000000001
5286,0.2723161578178406,0.5009889602661133,0.5149967670440674,0.4725968837738037,0.413896381855011,894.0
5297,0.044218551367521286,0.014498129487037659,0.005263373721390963,0.01503728423267603,0.03569449484348297,244.20000000000002
5298,0.25760936737060547,0.5328638553619385,0.4224923253059387,0.3000088036060333,0.36673760414123535,1270.8000000000002
5300,0.8900614976882935,0.480731725692749,0.4645839333534241,0.6782016754150391,0.7920049428939819,960.5999999999999
5308,0.02330857142806053,0.042071837931871414,0.03894241899251938,0.020954057574272156,0.01477697305381298,989.4000000000001
5312,0.5390784740447998,0.39878547191619873,0.48358315229415894,0.4247356653213501,0.44884249567985535,615.0
5314,0.03199927508831024,0.03459883853793144,0.04168439283967018,0.019132044166326523,0.013305552303791046,774.5999999999999
5315,0.7144782543182373,0.4854297339916229,0.6164137125015259,0.6577966213226318,0.7324331998825073,547.2
5318,0.07589909434318542,0.02671525627374649,0.05547380447387695,0.024970747530460358,0.03766857832670212,883.1999999999999
5322,0.31129956245422363,0.31506338715553284,0.23459774255752563,0.26273155212402344,0.1911863535642624,982.8000000000001
5323,0.4668240547180176,0.10395407676696777,0.10480371117591858,0.23220011591911316,0.23367789387702942,1262.4
5330,0.5170711278915405,0.6288436651229858,0.3325601816177368,0.40406325459480286,0.4736792743206024,1110.0
5339,0.7406473159790039,0.26712891459465027,0.482024222612381,0.5872350335121155,0.44789087772369385,1025.4
5340,0.10200436413288116,0.07101514935493469,0.18388906121253967,0.058687496930360794,0.15711115300655365,1009.1999999999999
5343,0.0585283525288105,0.05352272838354111,0.06035042554140091,0.022911300882697105,0.02726849727332592,795.0
5347,0.07674248516559601,0.06472568213939667,0.03596426546573639,0.022530488669872284,0.017434414476156235,1403.4
5348,0.21486717462539673,0.04979398101568222,0.16272106766700745,0.09135597199201584,0.12171604484319687,487.79999999999995
5355,0.05873803421854973,0.3493877947330475,0.4183267652988434,0.17314669489860535,0.15008951723575592,1144.8000000000002
5359,0.22713223099708557,0.5938094854354858,0.45331871509552,0.3277401924133301,0.35392269492149353,355.79999999999995
5360,0.6187698245048523,0.388062059879303,0.4769454300403595,0.5009022951126099,0.5901671648025513,1014.0
5361,0.12672194838523865,0.04818444699048996,0.020073799416422844,0.03378788009285927,0.17511722445487976,244.79999999999998
5363,0.03133174031972885,0.0125723360106349,0.005936498288065195,0.011903967708349228,0.010820139199495316,304.20000000000005
5369,0.03271110728383064,0.10524411499500275,0.036521513015031815,0.054253533482551575,0.06150565296411514,244.20000000000002
5370,0.8343751430511475,0.3753855228424072,0.28575319051742554,0.6903078556060791,0.6839412450790405,1089.6
5371,0.1042279303073883,0.10808704793453217,0.181692436337471,0.11182409524917603,0.14198091626167297,1247.4
5372,0.13658550381660461,0.48972904682159424,0.4187183380126953,0.31278568506240845,0.35603833198547363,1259.4
5376,0.07064665108919144,0.05034347623586655,0.01871958002448082,0.02569400891661644,0.0528780035674572,285.0
5378,0.11367469280958176,0.016006100922822952,0.03456436097621918,0.0270221084356308,0.019530458375811577,909.5999999999999
5379,0.1834220588207245,0.12738218903541565,0.30598708987236023,0.1513291448354721,0.1273340880870819,1176.0
5384,0.5358734726905823,0.5146774649620056,0.4163644313812256,0.49586451053619385,0.47160089015960693,772.8000000000001
5387,0.4067384600639343,0.4212395250797272,0.46931689977645874,0.4264526963233948,0.30054035782814026,366.0
5388,0.4502699673175812,0.11760064959526062,0.054324954748153687,0.08660885691642761,0.18903832137584686,238.79999999999998
5391,0.40457913279533386,0.19809770584106445,0.2405395805835724,0.2589510381221771,0.28890272974967957,591.0
5395,0.6926462054252625,0.6213191747665405,0.50306636095047,0.6856687068939209,0.6641429662704468,972.0
5399,0.042245104908943176,0.02776504121720791,0.009896577335894108,0.017288904637098312,0.023030608892440796,237.0
5402,0.14483964443206787,0.023214170709252357,0.007246208842843771,0.0243748240172863,0.041659146547317505,244.20000000000002
5403,0.2741323411464691,0.19211351871490479,0.3036527633666992,0.2500098943710327,0.22863523662090302,1034.4
5407,0.033032484352588654,0.015856118872761726,0.026487309485673904,0.015318883582949638,0.008656639605760574,762.5999999999999
5409,0.27478015422821045,0.7855835556983948,0.5867960453033447,0.44719380140304565,0.6223137974739075,1069.8000000000002
5416,0.31475937366485596,0.10628201067447662,0.2475123256444931,0.2576753497123718,0.10746300220489502,1140.0
5417,0.18867087364196777,0.056835561990737915,0.08795247972011566,0.08317208290100098,0.1608610451221466,736.8
5419,0.042304627597332,0.20602907240390778,0.05976060777902603,0.03911735117435455,0.025914398953318596,942.0
5421,0.019552385434508324,0.04091577231884003,0.007731135934591293,0.014309403486549854,0.015978986397385597,240.60000000000002
5424,0.07766053080558777,0.26871585845947266,0.07529106736183167,0.0450376532971859,0.06518222391605377,1112.4
5428,0.710697591304779,0.5303532481193542,0.5772091150283813,0.6534606218338013,0.49922072887420654,1073.4
5431,0.038535814732313156,0.04351197928190231,0.02950582653284073,0.04217284917831421,0.07972893118858337,237.60000000000002
5435,0.2640761733055115,0.056425027549266815,0.06745509803295135,0.1714225858449936,0.09664520621299744,1091.4
5439,0.40128809213638306,0.7095773220062256,0.41497617959976196,0.41878026723861694,0.6360241770744324,1153.8000000000002
5440,0.5217130780220032,0.2165776789188385,0.17454750835895538,0.4770642817020416,0.42734917998313904,595.2
5450,0.8472483158111572,0.71060711145401,0.5925036072731018,0.7083345651626587,0.7861956357955933,1015.8000000000001
5454,0.7072190046310425,0.7763300538063049,0.628686785697937,0.6421492695808411,0.7905508279800415,834.5999999999999
5457,0.3315424919128418,0.14362242817878723,0.21425718069076538,0.19830413162708282,0.23304325342178345,612.0
5464,0.026171676814556122,0.06970140337944031,0.010624153539538383,0.023692797869443893,0.06573127955198288,249.0
5469,0.19721673429012299,0.43158650398254395,0.3068026006221771,0.46281275153160095,0.34460464119911194,948.0
5471,0.223640576004982,0.48028564453125,0.5390120148658752,0.5873334407806396,0.5366062521934509,890.4000000000001
5475,0.18138548731803894,0.20045168697834015,0.18394869565963745,0.24903497099876404,0.2094845026731491,660.0
5477,0.07130023092031479,0.015366829931735992,0.021359162405133247,0.022119268774986267,0.020312104374170303,1010.4000000000001
5478,0.05833867937326431,0.07972662895917892,0.1767675280570984,0.08139049261808395,0.036453038454055786,1275.6
5479,0.34837105870246887,0.4766525328159332,0.5908970832824707,0.6370636820793152,0.5003078579902649,828.5999999999999
5485,0.3343288004398346,0.46929931640625,0.5221706032752991,0.2910499572753906,0.4921557903289795,609.0
5488,0.2814115881919861,0.27570563554763794,0.09720239043235779,0.1898067593574524,0.32973480224609375,1184.4
5489,0.4468553364276886,0.23573026061058044,0.45983773469924927,0.4301753044128418,0.38136857748031616,302.4
5491,0.19503167271614075,0.26479360461235046,0.3319891691207886,0.1808355301618576,0.15285435318946838,784.1999999999999
5493,0.5844739079475403,0.7892454266548157,0.5911686420440674,0.5586709380149841,0.7451329231262207,1012.1999999999999
5494,0.2905736565589905,0.5155032277107239,0.60988450050354,0.49281156063079834,0.336466521024704,1019.4000000000001
5496,0.05459026247262955,0.016866065561771393,0.005737461149692535,0.013936811126768589,0.018912194296717644,291.0
5497,0.2993558645248413,0.09027251601219177,0.10628362745046616,0.21458879113197327,0.16194917261600494,621.5999999999999
5498,0.6917528510093689,0.6832072138786316,0.561691403388977,0.477172315120697,0.6245719790458679,552.0
5507,0.042212363332509995,0.07863566279411316,0.23623007535934448,0.04906844720244408,0.07571173459291458,718.8
5517,0.09500232338905334,0.08016728609800339,0.05615254491567612,0.03457001596689224,0.03676239773631096,1040.4
5518,0.4407353401184082,0.25087714195251465,0.4335498511791229,0.36161375045776367,0.3544951379299164,1132.8000000000002
5519,0.524581253528595,0.44933992624282837,0.43290531635284424,0.2719435393810272,0.42312079668045044,668.4000000000001
5523,0.4980921745300293,0.4929206967353821,0.36214005947113037,0.6930540800094604,0.6508784890174866,830.4000000000001
5525,0.09509289264678955,0.01803145743906498,0.008070241659879684,0.019967909902334213,0.06355860829353333,297.0
5526,0.08178581297397614,0.019175197929143906,0.008399159647524357,0.019724586978554726,0.05640431493520737,287.4
5529,0.14535005390644073,0.2700079083442688,0.0745382159948349,0.09000030159950256,0.15446603298187256,240.60000000000002
5532,0.02708674781024456,0.059362784028053284,0.009578687138855457,0.015551737509667873,0.022588592022657394,250.79999999999998
5534,0.27319443225860596,0.2364160418510437,0.5042590498924255,0.3349807560443878,0.30238863825798035,964.1999999999999
5542,0.08306889981031418,0.07896216958761215,0.02712743915617466,0.06592519581317902,0.037650421261787415,1033.8000000000002
5545,0.5765528678894043,0.5461316108703613,0.317791610956192,0.4708240330219269,0.41386285424232483,1038.6
5546,0.1742309182882309,0.32999709248542786,0.408444881439209,0.11082752794027328,0.15943992137908936,508.79999999999995
5547,0.7669019103050232,0.6765950918197632,0.6628011465072632,0.7108970284461975,0.6860146522521973,1073.4
5550,0.06308510899543762,0.10960528254508972,0.017332082614302635,0.024277998134493828,0.07639481127262115,246.0
5553,0.6916061043739319,0.4647226929664612,0.5383762717247009,0.5420031547546387,0.6387532949447632,668.4000000000001
5562,0.12701313197612762,0.533126175403595,0.18467867374420166,0.24873384833335876,0.19592297077178955,922.1999999999999
5566,0.11132274568080902,0.09408630430698395,0.04553666710853577,0.10940176248550415,0.05496394634246826,985.8000000000001
5567,0.059387557208538055,0.1602410525083542,0.1318700611591339,0.026938561350107193,0.13087448477745056,1236.0
5568,0.12494605779647827,0.2838834524154663,0.20045346021652222,0.11341768503189087,0.1990957260131836,1141.1999999999998
5569,0.6164364218711853,0.7214130163192749,0.4465603232383728,0.47023218870162964,0.5566579103469849,1006.8000000000001
5573,0.6490259766578674,0.8094373941421509,0.6783239245414734,0.6354978084564209,0.7895272374153137,838.1999999999999
5574,0.034123875200748444,0.10724596679210663,0.0803128331899643,0.09067849069833755,0.0674259141087532,245.39999999999998
5580,0.03783992677927017,0.02730713039636612,0.010203847661614418,0.018854252994060516,0.024205444380640984,239.39999999999998
5581,0.10648693144321442,0.03110956959426403,0.1259714961051941,0.04394176974892616,0.02901211753487587,1357.8000000000002
5587,0.1351492702960968,0.301260769367218,0.17618632316589355,0.22291293740272522,0.19582721590995789,1095.6
5588,0.717041015625,0.5213011503219604,0.5190109014511108,0.5719242095947266,0.7423039674758911,595.8
5597,0.31799399852752686,0.7136868238449097,0.36147186160087585,0.4304202198982239,0.5075235366821289,1086.0
5598,0.09836062788963318,0.011338592506945133,0.006972677074372768,0.015516022220253944,0.01663728803396225,229.79999999999998
5599,0.5569506883621216,0.529937207698822,0.3378090560436249,0.5099329948425293,0.4763340950012207,1138.1999999999998
5603,0.37518665194511414,0.4645256996154785,0.5231154561042786,0.3035255968570709,0.5108033418655396,583.2
5608,0.2847284972667694,0.03520965576171875,0.0805581659078598,0.053802117705345154,0.0981379896402359,649.8
5609,0.3173435926437378,0.4570302963256836,0.27591145038604736,0.5341522693634033,0.5948923826217651,961.8000000000001
5610,0.5740640163421631,0.7140003442764282,0.664918065071106,0.7414534091949463,0.7660031318664551,906.0
5616,0.11982670426368713,0.10508372634649277,0.32875096797943115,0.114949069917202,0.09703920781612396,654.0
5621,0.7035185098648071,0.6745575666427612,0.44783228635787964,0.7058912515640259,0.7632820010185242,897.0
5626,0.17388874292373657,0.29761219024658203,0.3802053928375244,0.1823616325855255,0.22967393696308136,768.5999999999999
5627,0.6020938754081726,0.7701513767242432,0.5641298890113831,0.6307844519615173,0.7135791778564453,898.1999999999999
5628,0.23908798396587372,0.5589934587478638,0.6129921078681946,0.47627413272857666,0.47204577922821045,1159.8000000000002
5629,0.23869739472866058,0.41086262464523315,0.12257128208875656,0.08223546296358109,0.23106691241264343,240.60000000000002
5636,0.6049385070800781,0.43450927734375,0.5343631505966187,0.5479609966278076,0.3090626299381256,556.2
5637,0.41768109798431396,0.06267625093460083,0.06626412272453308,0.1832154393196106,0.1176755279302597,1083.0
5642,0.051177188754081726,0.03743280470371246,0.013077499344944954,0.019842786714434624,0.033802300691604614,234.0
5643,0.5956220626831055,0.5982620716094971,0.5829459428787231,0.6791565418243408,0.6683563590049744,910.8000000000001
5653,0.6131177544593811,0.6023094058036804,0.629047155380249,0.727904736995697,0.6104736328125,948.0
5655,0.01794949732720852,0.04497675597667694,0.006431021727621555,0.014970723539590836,0.0364549495279789,301.20000000000005
5660,0.21272924542427063,0.10991142690181732,0.14625298976898193,0.23040875792503357,0.2741584777832031,930.5999999999999
5662,0.6807652711868286,0.6711033582687378,0.6747007369995117,0.7237377166748047,0.8104362487792969,843.0
5666,0.2406480610370636,0.059803884476423264,0.13714107871055603,0.06558012962341309,0.06880077719688416,637.8
5670,0.17433896660804749,0.0709909126162529,0.025896379724144936,0.0629022866487503,0.09984549880027771,289.20000000000005
5671,0.041286401450634,0.03332015499472618,0.006420586258172989,0.012695301324129105,0.01694437302649021,303.6
5677,0.21137595176696777,0.12943625450134277,0.24843649566173553,0.2897154688835144,0.16286678612232208,969.5999999999999
5684,0.11761323362588882,0.2191855013370514,0.10245777666568756,0.02865133434534073,0.04481484740972519,1266.0
5685,0.04507307708263397,0.014286968857049942,0.010989148169755936,0.030983436852693558,0.014469106681644917,230.39999999999998
5686,0.35370051860809326,0.7248817682266235,0.4904792010784149,0.35473760962486267,0.41731542348861694,1021.8000000000001
5688,0.04340323060750961,0.015723511576652527,0.005415875930339098,0.01751546561717987,0.040901780128479004,240.0
5692,0.4372265040874481,0.22889596223831177,0.2463025450706482,0.32598793506622314,0.29583343863487244,657.5999999999999
5693,0.13329178094863892,0.2234726846218109,0.042732127010822296,0.11371632665395737,0.12663336098194122,881.4000000000001
5698,0.74272620677948,0.3405763506889343,0.4985651969909668,0.5581663250923157,0.6543160676956177,1252.8000000000002
5700,0.25053510069847107,0.6502702832221985,0.39955079555511475,0.3833255171775818,0.4122743010520935,951.5999999999999
5710,0.08516475558280945,0.13558758795261383,0.143556147813797,0.1529030054807663,0.06089819222688675,1326.0
5711,0.647072434425354,0.6820849180221558,0.5254225730895996,0.5131824016571045,0.5824583172798157,1089.6
5712,0.0418795645236969,0.15943601727485657,0.03260195627808571,0.07616502046585083,0.20341891050338745,243.60000000000002
5713,0.037113118916749954,0.1405705362558365,0.05662916600704193,0.016038954257965088,0.06800680607557297,976.1999999999999
5714,0.8444011211395264,0.564967691898346,0.546535849571228,0.6742556095123291,0.7534253597259521,1175.4
5720,0.28326335549354553,0.28093698620796204,0.25133177638053894,0.35162338614463806,0.4914540648460388,1248.6
5721,0.036056384444236755,0.08834421634674072,0.10493357479572296,0.04907305911183357,0.06232459843158722,634.2
5723,0.10218098014593124,0.3309760093688965,0.18740232288837433,0.2659299075603485,0.10080329328775406,967.8000000000001
5726,0.046836432069540024,0.01601928099989891,0.005312119610607624,0.015997663140296936,0.04465571790933609,255.60000000000002
5730,0.019192522391676903,0.030321337282657623,0.0073171029798686504,0.015848428010940552,0.030051589012145996,237.60000000000002
5731,0.05853600054979324,0.18926995992660522,0.04693947732448578,0.08207759261131287,0.2467782199382782,238.79999999999998
5733,0.03561866283416748,0.010258318856358528,0.00518687954172492,0.012185531668365002,0.011957448907196522,238.20000000000002
5739,0.1196771040558815,0.2703876495361328,0.051474981009960175,0.07437803596258163,0.0774143859744072,1234.8000000000002
5740,0.03862374275922775,0.016273221001029015,0.03501027077436447,0.02338416874408722,0.0086230942979455,469.20000000000005
5741,0.4422767758369446,0.6241617202758789,0.6194284558296204,0.6217818260192871,0.6618880033493042,1199.4
5745,0.03378715366125107,0.01889709383249283,0.006007099524140358,0.013553649187088013,0.03547997400164604,290.4
5747,0.28182515501976013,0.07378989458084106,0.08488427102565765,0.06001521274447441,0.11355294287204742,873.5999999999999
5750,0.3362230062484741,0.7195327281951904,0.518875241279602,0.532302975654602,0.5104386806488037,841.8000000000001
5754,0.13768929243087769,0.05013788864016533,0.015978088602423668,0.062457166612148285,0.09197255223989487,228.60000000000002
5755,0.5026949048042297,0.6416230201721191,0.5195308923721313,0.40641504526138306,0.5023961663246155,1158.0
5756,0.020657893270254135,0.03962863236665726,0.006274786777794361,0.012076477520167828,0.012684059329330921,238.20000000000002
5766,0.31404832005500793,0.08869881182909012,0.09705309569835663,0.18159031867980957,0.10285717993974686,720.0
5776,0.030053330585360527,0.03480271250009537,0.0217408686876297,0.014264454133808613,0.01919681206345558,987.5999999999999
5779,0.07375210523605347,0.09615674614906311,0.26071470975875854,0.12843891978263855,0.060360249131917953,1146.6
5783,0.810887336730957,0.8052983283996582,0.6907941699028015,0.6107503175735474,0.765749990940094,1071.6
5784,0.19240665435791016,0.39715343713760376,0.4890903830528259,0.3429355323314667,0.23769570887088776,897.5999999999999
5786,0.053058404475450516,0.037143923342227936,0.023948928341269493,0.01949070766568184,0.019900411367416382,1012.8000000000001
5788,0.6390417814254761,0.4922502338886261,0.4635453224182129,0.5850828289985657,0.5795379281044006,301.79999999999995
5790,0.3344559371471405,0.293051540851593,0.4256846308708191,0.40016859769821167,0.2946039140224457,610.2
5791,0.297955185174942,0.3817758858203888,0.4147999584674835,0.39738136529922485,0.2556343674659729,1228.8000000000002
5801,0.29951727390289307,0.6930930614471436,0.4752980172634125,0.46058812737464905,0.5280149579048157,906.5999999999999
5804,0.03827342763543129,0.013550752773880959,0.0050674919039011,0.010874398052692413,0.011796638369560242,286.79999999999995
5808,0.0829196572303772,0.13301099836826324,0.13459481298923492,0.15736007690429688,0.04312266409397125,1300.8000000000002
5810,0.6867068409919739,0.37704986333847046,0.5212558507919312,0.6357640027999878,0.6919136047363281,1025.4
5812,0.8522363901138306,0.4387378692626953,0.5625174045562744,0.7470126748085022,0.8202160000801086,852.0
5813,0.20967653393745422,0.036784615367650986,0.05562018230557442,0.039295744150877,0.0888182744383812,1341.6
5819,0.1072801873087883,0.033736005425453186,0.03369522839784622,0.02084474265575409,0.025896979495882988,1381.8000000000002
5822,0.11250004917383194,0.6409494280815125,0.5111531019210815,0.34242743253707886,0.21192701160907745,846.5999999999999
5828,0.03688182309269905,0.012513188645243645,0.005970991216599941,0.012243869714438915,0.01360799465328455,293.4
5831,0.5775346159934998,0.5809940695762634,0.48843544721603394,0.6710003614425659,0.5960871577262878,1089.6
5838,0.16837134957313538,0.09746569395065308,0.27949240803718567,0.08178753405809402,0.06049293279647827,862.1999999999999
5841,0.08820304274559021,0.2942700684070587,0.2763787508010864,0.15698722004890442,0.1090427041053772,543.0
5848,0.07490719109773636,0.023655280470848083,0.02225593850016594,0.015353712253272533,0.011875462718307972,1247.4
5857,0.8267571926116943,0.3348790109157562,0.49876365065574646,0.6420502066612244,0.5937252640724182,1059.0
5862,0.26748886704444885,0.38207530975341797,0.37738996744155884,0.5535616278648376,0.3990914523601532,846.0
5865,0.24727866053581238,0.21138828992843628,0.046699315309524536,0.07607806473970413,0.15508165955543518,250.20000000000002
5871,0.11958758533000946,0.27065786719322205,0.27882620692253113,0.2040541023015976,0.26352208852767944,667.8
5873,0.09477338194847107,0.44601142406463623,0.5472235679626465,0.39760008454322815,0.28229182958602905,904.8000000000001
5878,0.1536388248205185,0.08633961528539658,0.031174112111330032,0.030878296121954918,0.08150237798690796,254.39999999999998
5880,0.5180512070655823,0.5377814769744873,0.5462424159049988,0.5294921398162842,0.5942637920379639,355.20000000000005
5881,0.07286509871482849,0.06296665221452713,0.12480399012565613,0.05531269684433937,0.07071994245052338,959.4000000000001
5883,0.049313515424728394,0.18128789961338043,0.04489380866289139,0.07633732259273529,0.24081067740917206,243.60000000000002
5884,0.18690037727355957,0.2257072627544403,0.10342089831829071,0.10489228367805481,0.18322551250457764,718.8
5889,0.13846001029014587,0.5941309928894043,0.40010279417037964,0.2652934491634369,0.21906828880310059,603.0
5890,0.030130941420793533,0.0438268780708313,0.03880023956298828,0.0208883136510849,0.027965262532234192,1024.1999999999998
5893,0.14579643309116364,0.04571285471320152,0.009035637602210045,0.0355573333799839,0.1346105933189392,288.0
5901,0.6034739017486572,0.22632944583892822,0.41597291827201843,0.48643285036087036,0.22451551258563995,1014.0
5903,0.08300761133432388,0.07431717962026596,0.04188203811645508,0.05835707485675812,0.07167254388332367,1099.1999999999998
5906,0.2734507620334625,0.7997682094573975,0.573269784450531,0.4811253845691681,0.6775309443473816,947.4000000000001
5907,0.6842648983001709,0.45535629987716675,0.5191959142684937,0.5677682161331177,0.7204089164733887,531.5999999999999
5917,0.09692328423261642,0.25724008679389954,0.06048646196722984,0.09684915095567703,0.3334951400756836,239.39999999999998
5928,0.03812437877058983,0.011624211445450783,0.004564573056995869,0.01039328332990408,0.009448016062378883,237.0
5930,0.020959485322237015,0.0743243470788002,0.04659155383706093,0.03709620609879494,0.015314407646656036,1016.4000000000001
5938,0.47753778100013733,0.45763978362083435,0.38905876874923706,0.34942930936813354,0.6235498189926147,1306.8000000000002
5939,0.12444295734167099,0.2364649772644043,0.33811450004577637,0.15789790451526642,0.14256969094276428,403.20000000000005
5944,0.10223338007926941,0.2459697425365448,0.34175392985343933,0.1326218545436859,0.12073305249214172,679.8
5945,0.26313817501068115,0.3257060647010803,0.12854056060314178,0.18114128708839417,0.1218051165342331,1143.6
5946,0.051690518856048584,0.042720966041088104,0.09848454594612122,0.021393831819295883,0.032472483813762665,886.8000000000001
5949,0.03629714995622635,0.2873916029930115,0.34950870275497437,0.15256139636039734,0.05985430255532265,539.4000000000001
5952,0.1488545686006546,0.17110836505889893,0.0635191798210144,0.09415563195943832,0.30989471077919006,305.4
5954,0.164555624127388,0.33502286672592163,0.34458157420158386,0.12502121925354004,0.12904268503189087,660.0
5958,0.5826345086097717,0.3793330192565918,0.27207276225090027,0.5922162532806396,0.4249529540538788,660.5999999999999
5960,0.147161066532135,0.33095356822013855,0.288362979888916,0.19687801599502563,0.14147882163524628,1013.4000000000001
5963,0.589836597442627,0.0892992615699768,0.08574749529361725,0.2381969690322876,0.32926467061042786,943.8000000000001
5966,0.1871585249900818,0.4063968360424042,0.3890751302242279,0.38585570454597473,0.42405515909194946,1193.4
5973,0.09190031886100769,0.21215593814849854,0.11958952993154526,0.23784199357032776,0.1359105110168457,1252.8000000000002
5975,0.7020663022994995,0.42188960313796997,0.4273850619792938,0.6032843589782715,0.5205801129341125,1077.0
5979,0.022215012460947037,0.031144576147198677,0.0058972700498998165,0.014422138221561909,0.01395921129733324,235.79999999999998
5981,0.048914872109889984,0.01702103577554226,0.005800751503556967,0.01689639315009117,0.045439958572387695,242.39999999999998
5982,0.05927640199661255,0.04019501432776451,0.015098396688699722,0.022588010877370834,0.0418052077293396,237.60000000000002
5985,0.18770787119865417,0.07015743851661682,0.05110088735818863,0.10445748269557953,0.06345094740390778,895.1999999999999
5986,0.44714391231536865,0.6800300478935242,0.460207462310791,0.4754509925842285,0.5288387537002563,949.8000000000001
5989,0.8426215648651123,0.8210695385932922,0.6238248348236084,0.6354374289512634,0.7650059461593628,1135.1999999999998
5995,0.08444967865943909,0.022352466359734535,0.028758831322193146,0.02025599777698517,0.010096876882016659,1343.4
5997,0.6090912222862244,0.6957805156707764,0.6307183504104614,0.6956784725189209,0.7277787923812866,1077.0
5998,0.03927728161215782,0.03774910047650337,0.005957828834652901,0.017060618847608566,0.037094756960868835,240.60000000000002
6002,0.7997798919677734,0.64674973487854,0.5688056349754333,0.7742933630943298,0.7012722492218018,994.1999999999999
6004,0.10721122473478317,0.026343191042542458,0.06625483930110931,0.040302522480487823,0.027389805763959885,1017.5999999999999
6006,0.37506601214408875,0.1940041184425354,0.1587991863489151,0.3193572759628296,0.27146288752555847,364.20000000000005
6007,0.18985624611377716,0.05992262437939644,0.11377552151679993,0.14255884289741516,0.07997008413076401,658.2
6008,0.21699321269989014,0.022309664636850357,0.008928125724196434,0.029927272349596024,0.12346729636192322,234.0
6011,0.08999121189117432,0.041102856397628784,0.040207985788583755,0.0867258608341217,0.06390765309333801,232.20000000000002
6017,0.3932369649410248,0.4214039742946625,0.462053507566452,0.47486576437950134,0.33884769678115845,673.8
6027,0.07267863303422928,0.019360769540071487,0.006426245905458927,0.01705501414835453,0.028725333511829376,305.4
6030,0.19268804788589478,0.4004969298839569,0.32025280594825745,0.4074631929397583,0.2449295073747635,588.5999999999999
6031,0.413090318441391,0.400496244430542,0.2438957244157791,0.2555924952030182,0.3602313995361328,351.6
6032,0.2744845151901245,0.4998630881309509,0.3807593882083893,0.2777993679046631,0.24138201773166656,1263.6
6044,0.5647799372673035,0.40073737502098083,0.5674442052841187,0.6925842761993408,0.688862681388855,919.1999999999999
6048,0.5462035536766052,0.7304795384407043,0.5488589406013489,0.48486244678497314,0.6824778318405151,1133.4
6054,0.592271089553833,0.3085334002971649,0.24184292554855347,0.5285661816596985,0.5968654751777649,1168.1999999999998
6059,0.037176117300987244,0.06376668810844421,0.12990377843379974,0.03222087398171425,0.05140947178006172,483.59999999999997
6061,0.3150915503501892,0.21357524394989014,0.2989741861820221,0.4091038703918457,0.4108079671859741,594.0
6063,0.032840751111507416,0.013080371543765068,0.006776237394660711,0.013486870564520359,0.025263234972953796,230.39999999999998
6069,0.2356015145778656,0.03570076823234558,0.043051451444625854,0.0819370299577713,0.03353229537606239,921.0
6075,0.1796896606683731,0.12637007236480713,0.18901334702968597,0.17130178213119507,0.15980029106140137,778.8000000000001
6077,0.0750383734703064,0.056407470256090164,0.07675405591726303,0.028350207954645157,0.038607120513916016,1367.4
6082,0.27995565533638,0.4190310537815094,0.4509778916835785,0.33056774735450745,0.19626496732234955,1213.1999999999998
6083,0.04363075643777847,0.07300208508968353,0.007109379395842552,0.016983985900878906,0.05733340233564377,292.79999999999995
6087,0.32786086201667786,0.10234706103801727,0.16717174649238586,0.23537516593933105,0.24398604035377502,479.40000000000003
6088,0.6904076337814331,0.5153794288635254,0.6326093077659607,0.6101928353309631,0.6595434546470642,664.8
6092,0.02932995930314064,0.043287042528390884,0.027190346270799637,0.022848866879940033,0.016760991886258125,1131.0
6093,0.0437324233353138,0.0870988667011261,0.11064963042736053,0.17557448148727417,0.04378829896450043,564.5999999999999
6096,0.6464847326278687,0.790411114692688,0.6900821328163147,0.6243481040000916,0.7885995507240295,842.4000000000001
6097,0.05334815755486488,0.015135726891458035,0.015179090201854706,0.010839832946658134,0.009997734799981117,972.0
6111,0.20075421035289764,0.4223423898220062,0.33502230048179626,0.4220832288265228,0.3518438935279846,1006.1999999999999
6116,0.09897041320800781,0.11738540232181549,0.08935698121786118,0.1518850326538086,0.1394260823726654,886.1999999999999
6118,0.033249225467443466,0.08301116526126862,0.15859872102737427,0.043145496398210526,0.017772605642676353,1418.4
6120,0.5101919174194336,0.43337443470954895,0.567575216293335,0.5210863947868347,0.42213544249534607,713.4000000000001
6129,0.07075703144073486,0.21916508674621582,0.383755087852478,0.1823376715183258,0.08961836993694305,478.79999999999995
6133,0.6921182870864868,0.48793065547943115,0.4295588433742523,0.5100094079971313,0.6165719032287598,298.79999999999995
6142,0.21909373998641968,0.3155720829963684,0.3790864646434784,0.42602503299713135,0.29713690280914307,603.0
6145,0.052892014384269714,0.01898396760225296,0.03314770758152008,0.017249349504709244,0.010305517353117466,650.4000000000001
6147,0.18007652461528778,0.2608427107334137,0.19882939755916595,0.061872366815805435,0.1224493682384491,1189.1999999999998
6148,0.015056858770549297,0.054504647850990295,0.04560832679271698,0.019769936800003052,0.017184671014547348,802.8000000000001
6156,0.18034759163856506,0.6407468914985657,0.40781837701797485,0.21230483055114746,0.1900130808353424,1029.6
6157,0.113457590341568,0.24153921008110046,0.06572344899177551,0.08488646149635315,0.13654066622257233,238.20000000000002
6160,0.1215583086013794,0.0762304961681366,0.12158297747373581,0.051022015511989594,0.24984192848205566,1075.8000000000002
6165,0.4852125644683838,0.779664933681488,0.6109799742698669,0.5991215705871582,0.6548247337341309,847.8000000000001
6166,0.5734893083572388,0.3154297471046448,0.42740398645401,0.5279979705810547,0.5642609596252441,1250.4
6174,0.6019085645675659,0.5600684881210327,0.5293715596199036,0.5961900949478149,0.5900897979736328,355.79999999999995
6177,0.506834864616394,0.4304184913635254,0.5789707899093628,0.540204644203186,0.4420945942401886,651.5999999999999
6181,0.5255551934242249,0.08607334643602371,0.23143640160560608,0.31056690216064453,0.1832009255886078,1198.8000000000002
6186,0.2753141522407532,0.09621348977088928,0.10743588954210281,0.07156217098236084,0.16557417809963226,1330.1999999999998
6187,0.14284121990203857,0.021110249683260918,0.006718652322888374,0.02564973570406437,0.04234291985630989,241.79999999999998
6193,0.6210300922393799,0.2519301176071167,0.2727743983268738,0.40973058342933655,0.6026446223258972,1249.8000000000002
6194,0.15428520739078522,0.07939442247152328,0.0486135333776474,0.12166324257850647,0.07717008888721466,1003.8000000000001
6196,0.047629013657569885,0.10457362234592438,0.10215897858142853,0.05070912092924118,0.039963237941265106,1320.6
6197,0.14845779538154602,0.2637104094028473,0.2949601709842682,0.30857229232788086,0.15772899985313416,618.0
6198,0.10315633565187454,0.02930266596376896,0.006990799214690924,0.020213907584547997,0.035362690687179565,306.0
6208,0.041351817548274994,0.044827982783317566,0.027355443686246872,0.019985411316156387,0.049654509872198105,969.5999999999999
6210,0.18396128714084625,0.08512839674949646,0.09690922498703003,0.14525280892848969,0.17540568113327026,657.0
6215,0.5888391733169556,0.8162368535995483,0.6517959237098694,0.5282149314880371,0.7673805952072144,1179.0
6219,0.7211825251579285,0.6693105697631836,0.5215132832527161,0.39241454005241394,0.6681704521179199,308.4
6221,0.047843657433986664,0.05061947554349899,0.012497339397668839,0.028743896633386612,0.10317650437355042,235.20000000000002
6222,0.12774750590324402,0.4155702590942383,0.23044353723526,0.2307853102684021,0.13411369919776917,1072.8000000000002
6224,0.24800972640514374,0.07995107024908066,0.060059674084186554,0.1565779745578766,0.14035564661026,1010.4000000000001
6225,0.09964364767074585,0.025912240147590637,0.024582549929618835,0.024680206552147865,0.015701819211244583,1273.1999999999998
6230,0.45228996872901917,0.12495289742946625,0.05907593294978142,0.08086912333965302,0.19035547971725464,240.60000000000002
6235,0.26466646790504456,0.25783467292785645,0.274964302778244,0.09454413503408432,0.1634531170129776,480.59999999999997
6236,0.4333341419696808,0.7069693207740784,0.34985220432281494,0.41663482785224915,0.7046635746955872,1207.1999999999998
6239,0.10653363168239594,0.1977282166481018,0.2170175015926361,0.2243988960981369,0.058668769896030426,1192.8000000000002
6240,0.896152675151825,0.554153323173523,0.6606425046920776,0.7398048043251038,0.7820291519165039,1119.6
6245,0.1501024216413498,0.13793179392814636,0.1837897002696991,0.14506788551807404,0.11449407041072845,961.1999999999999
6249,0.6273637413978577,0.6416200995445251,0.6485398411750793,0.7159886360168457,0.6949859261512756,894.0
6250,0.09790720790624619,0.09399375319480896,0.0755193829536438,0.05767396464943886,0.029048873111605644,1189.8000000000002
6253,0.15125375986099243,0.36163032054901123,0.30299612879753113,0.33038365840911865,0.16049595177173615,538.2
6259,0.1069079264998436,0.04406829923391342,0.0294132512062788,0.07550269365310669,0.026173485442996025,923.4000000000001
6260,0.14478597044944763,0.12698125839233398,0.12902915477752686,0.1743158996105194,0.11063693463802338,424.79999999999995
6264,0.08429678529500961,0.13372674584388733,0.08629673719406128,0.20657771825790405,0.0736551359295845,1201.1999999999998
6268,0.06208346039056778,0.041575707495212555,0.012284808792173862,0.02319897897541523,0.051614683121442795,250.20000000000002
6269,0.09691028296947479,0.32187986373901367,0.25651952624320984,0.2632378041744232,0.17454849183559418,401.40000000000003
6284,0.44102969765663147,0.5729070901870728,0.6207053065299988,0.6328120827674866,0.6185882687568665,1122.0
6293,0.037026166915893555,0.020052583888173103,0.00807229895144701,0.01931074634194374,0.025924237444996834,235.20000000000002
6295,0.050935860723257065,0.011694228276610374,0.004636071156710386,0.01339299138635397,0.014131244271993637,242.39999999999998
6297,0.21517369151115417,0.03434956446290016,0.1851685643196106,0.03605075925588608,0.04003260284662247,1360.1999999999998
6298,0.38178855180740356,0.2707298994064331,0.18364351987838745,0.42854616045951843,0.4003749489784241,960.0
6302,0.5244928598403931,0.6069493293762207,0.6473380327224731,0.6929712295532227,0.6664221286773682,906.5999999999999
6307,0.040521375834941864,0.10261474549770355,0.030290186405181885,0.05976779758930206,0.07971237599849701,238.79999999999998
6315,0.07467193901538849,0.031680602580308914,0.04484599083662033,0.03685406967997551,0.05976413935422897,841.1999999999999
6323,0.20085427165031433,0.20456477999687195,0.14774367213249207,0.2733147442340851,0.35878264904022217,1271.4
6324,0.5236537456512451,0.37105458974838257,0.4309943914413452,0.6226812601089478,0.5125108361244202,910.1999999999999
6332,0.1071443110704422,0.03932812809944153,0.05433604121208191,0.05294986069202423,0.02719397097826004,1263.0
6334,0.06294485181570053,0.10944962501525879,0.17345210909843445,0.15239977836608887,0.0748928040266037,1248.0
6340,0.4088747203350067,0.4963987171649933,0.32558101415634155,0.5299538373947144,0.4978463053703308,1162.8000000000002
6347,0.44022804498672485,0.4073668122291565,0.2877981662750244,0.6441632509231567,0.5058748722076416,823.1999999999999
6351,0.3960533142089844,0.2846461534500122,0.37882551550865173,0.3127249777317047,0.26246771216392517,1244.4
6353,0.27869290113449097,0.29541015625,0.26068830490112305,0.1852562427520752,0.2051028311252594,659.4000000000001
6354,0.07645053416490555,0.06055445224046707,0.07863493263721466,0.02589878812432289,0.020923921838402748,1124.4
6357,0.10367275029420853,0.06923934072256088,0.2250341922044754,0.06711401045322418,0.047215867787599564,1077.0
6358,0.05302896350622177,0.015746189281344414,0.020567502826452255,0.01997140794992447,0.012139517813920975,965.4000000000001
6361,0.35343435406684875,0.3651692867279053,0.3301384150981903,0.40016791224479675,0.2938685119152069,753.5999999999999
6363,0.1297529637813568,0.5261820554733276,0.5705020427703857,0.4633168876171112,0.39263859391212463,898.1999999999999
6365,0.8123051524162292,0.7215134501457214,0.5763297080993652,0.6500261425971985,0.7877572774887085,1223.4
6367,0.022311504930257797,0.031514331698417664,0.046196695417165756,0.02045796811580658,0.010552921332418919,580.8
6374,0.032585565000772476,0.013471296057105064,0.007227706257253885,0.014058847911655903,0.026576656848192215,248.39999999999998
6376,0.02059662900865078,0.02396829053759575,0.005867491010576487,0.012950762175023556,0.012832305394113064,232.20000000000002
6377,0.5564124584197998,0.505937397480011,0.4816439151763916,0.3417162001132965,0.5064104199409485,535.8
6378,0.4595974385738373,0.23655031621456146,0.47609052062034607,0.32841208577156067,0.2813398838043213,1008.5999999999999
6379,0.40876519680023193,0.5982254147529602,0.4160152077674866,0.6369436979293823,0.7212103009223938,968.4000000000001
6381,0.28672417998313904,0.13600796461105347,0.08559277653694153,0.08743570744991302,0.1898198127746582,234.60000000000002
6384,0.22089889645576477,0.045542292296886444,0.01267644576728344,0.026748063042759895,0.05873062461614609,241.20000000000002
6385,0.785706639289856,0.5748921632766724,0.6015371084213257,0.6784861087799072,0.7484157085418701,1220.4
6388,0.23210468888282776,0.24928925931453705,0.10843876004219055,0.08121909201145172,0.1720702052116394,244.79999999999998
6389,0.04451277107000351,0.011749796569347382,0.004661844577640295,0.01158178225159645,0.010183148086071014,234.60000000000002
6390,0.21659168601036072,0.0729120671749115,0.1478022336959839,0.14363142848014832,0.043022532016038895,1273.8000000000002
6392,0.21009700000286102,0.23936375975608826,0.37313199043273926,0.3326609134674072,0.17364352941513062,597.0
6393,0.22308480739593506,0.45162665843963623,0.40308916568756104,0.28985652327537537,0.36022791266441345,1108.8000000000002
6396,0.37695467472076416,0.7267844676971436,0.31286537647247314,0.3757706880569458,0.5687171220779419,1103.4
6403,0.10643348097801208,0.029575835913419724,0.0298871211707592,0.023539643734693527,0.018265550956130028,1399.1999999999998
6407,0.3354704976081848,0.109375,0.21435317397117615,0.27947965264320374,0.17611010372638702,673.8
6418,0.3696088492870331,0.1180959939956665,0.09896005690097809,0.23961256444454193,0.2779996395111084,951.5999999999999
6420,0.25559529662132263,0.17921045422554016,0.2344740629196167,0.34120750427246094,0.314840704202652,951.0
6432,0.10002265125513077,0.1843249499797821,0.21185249090194702,0.0995078831911087,0.10599078983068466,732.0
6433,0.0408044271171093,0.01171712577342987,0.004804921802133322,0.011185961775481701,0.010139552876353264,246.0
6435,0.12093758583068848,0.04990459978580475,0.053094204515218735,0.10574594885110855,0.0365280881524086,602.4000000000001
6437,0.10732732713222504,0.037066500633955,0.008265776559710503,0.027291996404528618,0.11224369704723358,298.79999999999995
6448,0.15175987780094147,0.15791067481040955,0.23467904329299927,0.244841068983078,0.14555498957633972,1255.8000000000002
6449,0.25272318720817566,0.25495439767837524,0.10260607302188873,0.09043389558792114,0.17792914807796478,234.60000000000002
6452,0.3274315595626831,0.5036630034446716,0.4280660152435303,0.4583422541618347,0.4402475655078888,1053.0
6454,0.10234204679727554,0.37046486139297485,0.3281032145023346,0.23018386960029602,0.2361924648284912,975.5999999999999
6469,0.025294065475463867,0.04438108578324318,0.008096466772258282,0.017643773928284645,0.023439614102244377,257.4
6471,0.20158611238002777,0.01580534689128399,0.008082193322479725,0.026988767087459564,0.05340675637125969,240.60000000000002
6474,0.0530179962515831,0.07535332441329956,0.016779815778136253,0.025638382881879807,0.041581954807043076,234.60000000000002
6477,0.08066775649785995,0.19713090360164642,0.062191493809223175,0.03561510890722275,0.05148492380976677,1314.6
6484,0.09776557236909866,0.08205191045999527,0.1420886367559433,0.05054527521133423,0.1776854693889618,1087.1999999999998
6486,0.6995192170143127,0.44476473331451416,0.28696557879447937,0.4811563491821289,0.40065285563468933,815.4000000000001
6492,0.06705585867166519,0.04211901128292084,0.006254572421312332,0.017885126173496246,0.022082023322582245,237.0
6494,0.29036766290664673,0.23953887820243835,0.269331157207489,0.37380149960517883,0.3611626923084259,357.6
6496,0.3108554482460022,0.583243727684021,0.49148818850517273,0.19211676716804504,0.29455479979515076,1222.1999999999998
6501,0.2748149633407593,0.1710582673549652,0.12169650197029114,0.23206442594528198,0.1742926836013794,1268.4
6502,0.12870271503925323,0.08136962354183197,0.1270754188299179,0.06636925041675568,0.046665020287036896,675.0
6507,0.16958054900169373,0.17001774907112122,0.19063660502433777,0.11619684100151062,0.16299864649772644,1120.8000000000002
6509,0.8053961396217346,0.6429802775382996,0.5485399961471558,0.4569968283176422,0.5780461430549622,300.6
6511,0.04752509668469429,0.023556694388389587,0.03617437556385994,0.04019632562994957,0.030060559511184692,607.8
6518,0.6996213793754578,0.456160306930542,0.6231922507286072,0.5882984399795532,0.638139545917511,543.5999999999999
6524,0.7784661650657654,0.41689473390579224,0.5951539278030396,0.6574098467826843,0.6370842456817627,1142.4
6525,0.03258570656180382,0.011461760848760605,0.00492485798895359,0.0119555052369833,0.009336940012872219,246.0
6526,0.25787803530693054,0.14082643389701843,0.11361431330442429,0.25496533513069153,0.2402915507555008,1207.1999999999998
6528,0.033710211515426636,0.010558156296610832,0.005071789957582951,0.01109898928552866,0.00938380416482687,244.20000000000002
6534,0.030168138444423676,0.2160383015871048,0.1471773087978363,0.0301899965852499,0.0469646081328392,1161.0
6536,0.7578937411308289,0.4281005859375,0.5177597403526306,0.4311082661151886,0.5345911979675293,292.79999999999995
6538,0.5401514172554016,0.611698567867279,0.5225837230682373,0.6585477590560913,0.634422779083252,958.1999999999999
6540,0.05184119567275047,0.06436685472726822,0.33253923058509827,0.0567946657538414,0.06588226556777954,772.1999999999999
6544,0.19699601829051971,0.6347872018814087,0.3759947717189789,0.35815414786338806,0.6567189693450928,1257.0
6547,0.027184417471289635,0.16971546411514282,0.1561627984046936,0.05576081946492195,0.04202619567513466,503.40000000000003
6550,0.5705817937850952,0.4857789874076843,0.4925980865955353,0.6041016578674316,0.574462890625,1273.1999999999998
6552,0.562752902507782,0.7768805623054504,0.5441484451293945,0.5593424439430237,0.720258355140686,957.0
6554,0.6753120422363281,0.6288201808929443,0.678038477897644,0.6847947835922241,0.7530734539031982,823.8000000000001
6555,0.05451294779777527,0.0375099815428257,0.014826727099716663,0.02314710058271885,0.03347523510456085,235.79999999999998
6559,0.1869010031223297,0.3132725954055786,0.34260985255241394,0.3650515079498291,0.12025865912437439,1184.4
6586,0.05757720023393631,0.025082524865865707,0.006382233463227749,0.01599474437534809,0.05202409625053406,295.79999999999995
6588,0.07477162778377533,0.025240939110517502,0.007462325505912304,0.01643821969628334,0.03448700159788132,286.20000000000005
6590,0.6784660816192627,0.6784211993217468,0.6702443361282349,0.7247424721717834,0.808509349822998,850.1999999999999
6594,0.0485125333070755,0.1859995573759079,0.09104345738887787,0.1466813087463379,0.26625972986221313,240.60000000000002
6595,0.0385083332657814,0.03989565372467041,0.08866900950670242,0.03960983455181122,0.012070930562913418,990.5999999999999
6600,0.5307337641716003,0.19225993752479553,0.3013732135295868,0.19748714566230774,0.29231852293014526,356.4
6605,0.167199045419693,0.23118916153907776,0.10022017359733582,0.07913788408041,0.09111141413450241,1330.8000000000002
6609,0.23454511165618896,0.30423665046691895,0.10335962474346161,0.09981264173984528,0.3848460018634796,241.20000000000002
6611,0.40197452902793884,0.033223219215869904,0.06864055246114731,0.05275934934616089,0.08100796490907669,828.5999999999999
6615,0.3875361680984497,0.2608860731124878,0.473757803440094,0.5097335577011108,0.4954407215118408,601.2
6617,0.0894908607006073,0.0857878029346466,0.1495712697505951,0.05695949122309685,0.16152432560920715,1001.4000000000001
6622,0.6732368469238281,0.5156559944152832,0.46224653720855713,0.5333529114723206,0.5786653757095337,744.5999999999999
6624,0.06947686523199081,0.02325105480849743,0.03288823738694191,0.03190474212169647,0.021149946376681328,720.5999999999999
6625,0.46719565987586975,0.8153071999549866,0.6203816533088684,0.5451644659042358,0.7049335241317749,1095.6
6629,0.04826924204826355,0.17797638475894928,0.03989611566066742,0.01922597736120224,0.06688716262578964,1009.1999999999999
6637,0.05695023760199547,0.04473724216222763,0.054106444120407104,0.03198261186480522,0.029964525252580643,643.8
6638,0.01930193230509758,0.029901694506406784,0.006642128340899944,0.013409939594566822,0.011115205474197865,249.0
6645,0.12578770518302917,0.2498178780078888,0.08110123127698898,0.07982715964317322,0.1507478654384613,241.20000000000002
6646,0.08025050163269043,0.010613805614411831,0.007449218071997166,0.015648439526557922,0.016132919117808342,232.79999999999998
6648,0.13213442265987396,0.04825768619775772,0.019381966441869736,0.05615983158349991,0.08059202879667282,240.60000000000002
6649,0.2876119911670685,0.07103804498910904,0.023130469024181366,0.08319638669490814,0.132147878408432,238.20000000000002
6650,0.07447752356529236,0.1803097277879715,0.055659957230091095,0.07742810249328613,0.126376673579216,242.39999999999998
6651,0.07167702913284302,0.23362720012664795,0.29205411672592163,0.07482946664094925,0.11647556722164154,809.4000000000001
6652,0.023353060707449913,0.05958091840147972,0.00866786204278469,0.021527094766497612,0.05256563425064087,222.60000000000002
6656,0.04339369386434555,0.014585884287953377,0.005451695527881384,0.013359256088733673,0.016570542007684708,282.6
6662,0.03987446427345276,0.047531068325042725,0.11699768900871277,0.021527934819459915,0.024532519280910492,475.79999999999995
6663,0.7814254760742188,0.5786718726158142,0.6455484628677368,0.6672359704971313,0.7016379237174988,655.8
6665,0.33154380321502686,0.1483776718378067,0.1639460176229477,0.2496401071548462,0.1896601915359497,351.6
6667,0.4062707722187042,0.5291903018951416,0.6005367040634155,0.6469521522521973,0.573965311050415,954.5999999999999
6671,0.0629555955529213,0.15842029452323914,0.07801980525255203,0.1431957483291626,0.047629036009311676,1200.6
6672,0.02910066768527031,0.06293480843305588,0.008940089493989944,0.017781687900424004,0.024856269359588623,244.20000000000002
6677,0.25216034054756165,0.4032382667064667,0.4926598370075226,0.380327969789505,0.352762907743454,349.79999999999995
6678,0.04798514023423195,0.02719978615641594,0.008041031658649445,0.020837530493736267,0.030652567744255066,250.20000000000002
6680,0.05957029014825821,0.0849888026714325,0.07586045563220978,0.19244447350502014,0.07727733254432678,1146.0
6681,0.8022826910018921,0.8013914227485657,0.6410716772079468,0.6492902040481567,0.7170616388320923,1092.6
6682,0.07873611152172089,0.13776299357414246,0.05544433742761612,0.13327887654304504,0.04414290562272072,1109.4
6685,0.22595089673995972,0.27579566836357117,0.166942298412323,0.3514222800731659,0.21730849146842957,603.0
6691,0.0402086079120636,0.04766068607568741,0.12227513641119003,0.026278743520379066,0.02767135016620159,493.79999999999995
6693,0.3206171989440918,0.5168284773826599,0.5354945063591003,0.5226442813873291,0.3285931348800659,579.0
6694,0.3018449544906616,0.08621454238891602,0.09708049893379211,0.06737533956766129,0.20173421502113342,913.8000000000001
6696,0.5962640643119812,0.6200332045555115,0.6066052913665771,0.5879874229431152,0.7135185599327087,1158.6
6698,0.08655471354722977,0.19953688979148865,0.1420503407716751,0.18355736136436462,0.13096682727336884,1075.1999999999998
6701,0.5843930244445801,0.096035435795784,0.14587515592575073,0.3189711570739746,0.30265459418296814,1204.1999999999998
6708,0.3442428410053253,0.7695047855377197,0.6004394292831421,0.5496543645858765,0.6209518909454346,891.5999999999999
6711,0.4637453854084015,0.3314187228679657,0.44708001613616943,0.44136348366737366,0.42610323429107666,1180.1999999999998
6715,0.6729121208190918,0.6196289658546448,0.607806921005249,0.7392683029174805,0.6986902952194214,1070.4
6719,0.03798406571149826,0.02897518128156662,0.005857507698237896,0.012335930950939655,0.01221379078924656,309.0
6720,0.10416677594184875,0.049565013498067856,0.08826141059398651,0.11307032406330109,0.059221990406513214,1009.1999999999999
6722,0.22507405281066895,0.18282495439052582,0.09997591376304626,0.046932872384786606,0.09466537088155746,1284.6
6726,0.5003064870834351,0.804808497428894,0.6407251954078674,0.567706823348999,0.6688215136528015,849.0
6728,0.05527612566947937,0.05287044867873192,0.13725674152374268,0.030541392043232918,0.013963877223432064,1381.8000000000002
6731,0.028697460889816284,0.06580954045057297,0.008701992221176624,0.02467508614063263,0.07588158547878265,234.60000000000002
6735,0.05139528214931488,0.013848289847373962,0.019497033208608627,0.01102787721902132,0.007386267650872469,1047.0
6736,0.029914885759353638,0.013299422338604927,0.005988649092614651,0.014140472747385502,0.025229286402463913,249.60000000000002
6738,0.24566595256328583,0.2559482753276825,0.10840404033660889,0.08702333271503448,0.17384444177150726,244.20000000000002
6739,0.5080678462982178,0.4587862491607666,0.5679059028625488,0.5829030275344849,0.5139769315719604,670.8
6748,0.7254388928413391,0.7583011388778687,0.6605837345123291,0.5978597402572632,0.7978283166885376,1020.0
6749,0.10968716442584991,0.026941461488604546,0.040843695402145386,0.019847186282277107,0.014602442272007465,952.8000000000001
6751,0.01805422641336918,0.032026588916778564,0.006847666576504707,0.013608305715024471,0.01206730306148529,235.79999999999998
6759,0.16061723232269287,0.19690081477165222,0.12352773547172546,0.07260717451572418,0.21706485748291016,1123.8000000000002
6760,0.27891895174980164,0.27493417263031006,0.5127114653587341,0.33355942368507385,0.4121089577674866,592.8
6763,0.14573964476585388,0.10775551944971085,0.032729621976614,0.05733010172843933,0.11090264469385147,874.8000000000001
6764,0.6828794479370117,0.6684584617614746,0.6763283610343933,0.7211520671844482,0.8077646493911743,830.4000000000001
6766,0.21721151471138,0.01610482484102249,0.008222231641411781,0.023937026038765907,0.040374476462602615,237.0
6771,0.09333767741918564,0.0666472539305687,0.04374465346336365,0.10582733154296875,0.15926237404346466,247.79999999999998
6779,0.07658651471138,0.137778177857399,0.2477087527513504,0.08298370987176895,0.11349164694547653,540.0
6781,0.6661158800125122,0.4133121371269226,0.5780031085014343,0.6583433151245117,0.6665247678756714,835.8000000000001
6783,0.0858052521944046,0.04051649942994118,0.11815738677978516,0.039287298917770386,0.03861445188522339,637.8
6784,0.06541197001934052,0.14690610766410828,0.04120239242911339,0.07818589359521866,0.12283599376678467,296.4
6785,0.06135372444987297,0.08225443214178085,0.06698465347290039,0.04335566237568855,0.04528108239173889,1339.1999999999998
6794,0.018247690051794052,0.038074031472206116,0.006801390089094639,0.014414750970900059,0.013038796372711658,234.60000000000002
6798,0.24426445364952087,0.4599444568157196,0.4314996302127838,0.5860573053359985,0.518143355846405,841.8000000000001
6805,0.16750499606132507,0.29133710265159607,0.08435384929180145,0.08595603704452515,0.12222692370414734,1266.6
6809,0.6460147500038147,0.8025264739990234,0.5680027008056641,0.6050030589103699,0.6750898361206055,899.4000000000001
6810,0.21477051079273224,0.3867764472961426,0.4203926920890808,0.42171037197113037,0.28517651557922363,356.4
6811,0.8793666362762451,0.6209298372268677,0.58649742603302,0.6784448027610779,0.6655255556106567,604.2
6816,0.7210174798965454,0.6253660917282104,0.6549868583679199,0.7306532859802246,0.8013794422149658,843.5999999999999
6826,0.121785968542099,0.26494795083999634,0.05774299055337906,0.10257942974567413,0.3266791105270386,248.39999999999998
6827,0.15270110964775085,0.10197153687477112,0.1187480017542839,0.053180031478405,0.0370018407702446,948.5999999999999
6831,0.5693269371986389,0.5900359749794006,0.6328105926513672,0.6955986022949219,0.7149875164031982,1041.6
6832,0.035475898534059525,0.011932025663554668,0.0049112956039607525,0.011434088461101055,0.010501430369913578,250.79999999999998
6833,0.2994442880153656,0.7223742008209229,0.4341432750225067,0.33040496706962585,0.596190333366394,1243.1999999999998
6837,0.6335225701332092,0.7632303833961487,0.6318923234939575,0.6335417628288269,0.6086807250976562,956.4000000000001
6845,0.6730765104293823,0.6859548091888428,0.5516806840896606,0.4588886499404907,0.68277907371521,550.2
6846,0.7422604560852051,0.680440366268158,0.5732598900794983,0.6953115463256836,0.8092882633209229,954.5999999999999
6848,0.8371695280075073,0.5130301117897034,0.41107267141342163,0.544938325881958,0.540647029876709,828.0
6853,0.12118695676326752,0.35837388038635254,0.4286651909351349,0.2743927836418152,0.19456791877746582,1333.1999999999998
6856,0.04164475202560425,0.015169484540820122,0.005140230990946293,0.011523477733135223,0.014749904163181782,301.79999999999995
6860,0.23454685509204865,0.5175414681434631,0.40789657831192017,0.5110629796981812,0.6265251636505127,1222.8000000000002
6861,0.7144177556037903,0.4259718954563141,0.450428307056427,0.6429250240325928,0.5644962191581726,1099.8000000000002
6863,0.08930415660142899,0.049542371183633804,0.06086363270878792,0.03921612724661827,0.06802189350128174,727.2
6865,0.14892569184303284,0.09043531119823456,0.12589004635810852,0.06435637921094894,0.07963600754737854,786.0
6870,0.1617557555437088,0.3798038959503174,0.2780754268169403,0.500258207321167,0.29686087369918823,895.1999999999999
6871,0.32654038071632385,0.339011549949646,0.24057742953300476,0.37945491075515747,0.2533405125141144,1135.1999999999998
6878,0.6699745059013367,0.5970735549926758,0.6443278789520264,0.697467565536499,0.6081976890563965,1074.0
6879,0.3930787444114685,0.48727720975875854,0.4532746970653534,0.5670762062072754,0.30196189880371094,1032.6
6892,0.2980307340621948,0.04620768874883652,0.10875237733125687,0.10828782618045807,0.08484582602977753,1196.4
6893,0.4294956922531128,0.19446854293346405,0.2608848810195923,0.1741088628768921,0.32798394560813904,670.8
6897,0.07139765471220016,0.26053234934806824,0.1768432855606079,0.18386289477348328,0.084113709628582,964.8000000000001
6902,0.08473233133554459,0.11878333240747452,0.0456257127225399,0.01857713982462883,0.06857040524482727,821.4000000000001
6906,0.07416929304599762,0.02305455505847931,0.00683880690485239,0.020272940397262573,0.07112891227006912,224.39999999999998
6909,0.41133418679237366,0.46632450819015503,0.44470277428627014,0.2439192235469818,0.5119481086730957,642.5999999999999
6910,0.04686879739165306,0.03703594207763672,0.15322409570217133,0.04471713304519653,0.025481343269348145,1375.1999999999998
6912,0.7094327807426453,0.6057537198066711,0.6372465491294861,0.7729738354682922,0.688500702381134,1026.0
6919,0.22534316778182983,0.33597925305366516,0.2529606223106384,0.3276784420013428,0.22371818125247955,1072.8000000000002
6920,0.03521152585744858,0.024651484563946724,0.007104204036295414,0.016691768541932106,0.02366672456264496,236.39999999999998
6922,0.555872917175293,0.5720035433769226,0.49438461661338806,0.5577551126480103,0.6677055358886719,893.4000000000001
6923,0.10245838016271591,0.043202560395002365,0.0893506407737732,0.03387068212032318,0.09065783768892288,889.1999999999999
6926,0.05368609353899956,0.41353458166122437,0.42956456542015076,0.38628700375556946,0.16045062243938446,886.1999999999999
6928,0.2675972878932953,0.049757592380046844,0.05702494829893112,0.17315834760665894,0.13398724794387817,669.5999999999999
6943,0.6010957956314087,0.19153934717178345,0.3421022891998291,0.21700729429721832,0.36499279737472534,366.0
6945,0.24096642434597015,0.08844311535358429,0.06305260956287384,0.14991293847560883,0.06461159884929657,1179.6
6947,0.4266979992389679,0.13211259245872498,0.08306063711643219,0.20300301909446716,0.1208152249455452,1212.6
6950,0.40599697828292847,0.23216679692268372,0.29350048303604126,0.2555115818977356,0.38934579491615295,592.8
6958,0.12290312349796295,0.0277243759483099,0.0073493230156600475,0.030930081382393837,0.11196469515562057,237.0
6964,0.16009822487831116,0.14492778480052948,0.10744962841272354,0.1298885941505432,0.10379365086555481,675.5999999999999
6965,0.09150265157222748,0.3756365478038788,0.1370401680469513,0.05159962177276611,0.08327832072973251,1130.4
6966,0.07427196949720383,0.04554075747728348,0.13094878196716309,0.058701563626527786,0.05414149910211563,516.5999999999999
6972,0.10597658157348633,0.27453380823135376,0.2602093815803528,0.12747642397880554,0.23256537318229675,1343.4
6974,0.3941841423511505,0.1652742177248001,0.29034411907196045,0.3734349012374878,0.3264588415622711,1186.1999999999998
6976,0.0466059148311615,0.06256887316703796,0.043546225875616074,0.03931773826479912,0.033452555537223816,864.0
6982,0.024898525327444077,0.01869441382586956,0.07364813983440399,0.022701455280184746,0.01442895270884037,892.1999999999999
6983,0.12645140290260315,0.3914986848831177,0.269492506980896,0.3373614549636841,0.23690162599086761,998.4000000000001
6991,0.6671963930130005,0.6048774719238281,0.5003668069839478,0.6593017578125,0.6649987101554871,1147.8000000000002
6997,0.20761767029762268,0.46882569789886475,0.44482433795928955,0.5116744041442871,0.4221777319908142,913.1999999999999
6998,0.33957964181900024,0.5104063749313354,0.5914942622184753,0.6204450130462646,0.524031400680542,966.0
7002,0.10479015856981277,0.1895987093448639,0.061200015246868134,0.12656518816947937,0.09159437566995621,1264.8000000000002
7003,0.15900319814682007,0.33770862221717834,0.38914236426353455,0.3101625442504883,0.13619635999202728,429.0
7005,0.1567409634590149,0.036041468381881714,0.009921995922923088,0.02274741604924202,0.04062343388795853,231.60000000000002
7009,0.3953712284564972,0.5115938186645508,0.5352034568786621,0.6419675350189209,0.6115536093711853,972.0
7010,0.754785418510437,0.8339953422546387,0.6342161297798157,0.661478579044342,0.8011844158172607,893.4000000000001
7011,0.1313360184431076,0.41231194138526917,0.4085851311683655,0.14281770586967468,0.2844409644603729,724.8
7013,0.22230245172977448,0.4771120548248291,0.33229687809944153,0.5066977739334106,0.47334519028663635,1120.8000000000002
7014,0.2078259289264679,0.5080412030220032,0.5262938141822815,0.5488118529319763,0.41439372301101685,1070.4
7022,0.1277572363615036,0.18260511755943298,0.29106807708740234,0.2200068235397339,0.0790615901350975,1259.4
7024,0.22156794369220734,0.27558574080467224,0.21090269088745117,0.23001918196678162,0.25319647789001465,1017.5999999999999
7025,0.27591368556022644,0.4883294105529785,0.3512595593929291,0.5169970989227295,0.5784304141998291,1140.6
7031,0.1052105575799942,0.1604999452829361,0.07252126187086105,0.02472291886806488,0.06993818283081055,720.0
7037,0.027477381750941277,0.03617512434720993,0.007877789437770844,0.015588358044624329,0.03253917396068573,253.79999999999998
7039,0.33321279287338257,0.09143110364675522,0.07791642099618912,0.16622357070446014,0.0881609320640564,1238.4
7041,0.6075380444526672,0.7595076560974121,0.45549649000167847,0.5767134428024292,0.7388574481010437,892.8000000000001
