dataset,arm,n,seed,save_rate,budget,net_value,per_1000
churn,tabpfn,200,0,0.1,0.05,330.0,220.0
churn,tabpfn,200,0,0.1,0.1,-360.0,-240.0
churn,tabpfn,200,0,0.1,0.15,-1890.0,-1260.0
churn,tabpfn,200,0,0.1,0.2,-4560.0,-3040.0
churn,tabpfn,200,0,0.1,0.25,-7710.0,-5140.0
churn,tabpfn,200,0,0.1,0.3,-11160.0,-7440.0
churn,tabpfn,200,0,0.1,0.35,-14850.0,-9900.0
churn,tabpfn,200,0,0.1,0.4,-18600.0,-12400.0
churn,tabpfn,200,0,0.1,0.45,-22170.0,-14780.0
churn,tabpfn,200,0,0.1,0.5,-25860.0,-17240.0
churn,tabpfn,200,0,0.2,0.05,4410.0,2940.0
churn,tabpfn,200,0,0.2,0.1,6780.0,4520.0
churn,tabpfn,200,0,0.2,0.15,7470.0,4980.0
churn,tabpfn,200,0,0.2,0.2,5880.0,3920.0
churn,tabpfn,200,0,0.2,0.25,3330.0,2220.0
churn,tabpfn,200,0,0.2,0.3,180.0,120.0
churn,tabpfn,200,0,0.2,0.35,-3450.0,-2300.0
churn,tabpfn,200,0,0.2,0.4,-7200.0,-4800.0
churn,tabpfn,200,0,0.2,0.45,-10590.0,-7060.0
churn,tabpfn,200,0,0.2,0.5,-14220.0,-9480.0
churn,tabpfn,200,0,0.3,0.05,8490.0,5660.0
churn,tabpfn,200,0,0.3,0.1,13920.0,9280.0
churn,tabpfn,200,0,0.3,0.15,16830.0,11220.0
churn,tabpfn,200,0,0.3,0.2,16320.0,10880.0
churn,tabpfn,200,0,0.3,0.25,14370.0,9580.0
churn,tabpfn,200,0,0.3,0.3,11520.0,7680.0
churn,tabpfn,200,0,0.3,0.35,7950.0,5300.0
churn,tabpfn,200,0,0.3,0.4,4200.0,2800.0
churn,tabpfn,200,0,0.3,0.45,990.0,660.0
churn,tabpfn,200,0,0.3,0.5,-2580.0,-1720.0
churn,xgb_optuna,200,0,0.1,0.05,-570.0,-380.0
churn,xgb_optuna,200,0,0.1,0.1,-1260.0,-840.0
churn,xgb_optuna,200,0,0.1,0.15,-2730.0,-1820.0
churn,xgb_optuna,200,0,0.1,0.2,-5160.0,-3440.0
churn,xgb_optuna,200,0,0.1,0.25,-8130.0,-5420.0
churn,xgb_optuna,200,0,0.1,0.3,-11160.0,-7440.0
churn,xgb_optuna,200,0,0.1,0.35,-14790.0,-9860.0
churn,xgb_optuna,200,0,0.1,0.4,-18420.0,-12280.0
churn,xgb_optuna,200,0,0.1,0.45,-22110.0,-14740.0
churn,xgb_optuna,200,0,0.1,0.5,-25800.0,-17200.0
churn,xgb_optuna,200,0,0.2,0.05,2610.0,1740.0
churn,xgb_optuna,200,0,0.2,0.1,4980.0,3320.0
churn,xgb_optuna,200,0,0.2,0.15,5790.0,3860.0
churn,xgb_optuna,200,0,0.2,0.2,4680.0,3120.0
churn,xgb_optuna,200,0,0.2,0.25,2490.0,1660.0
churn,xgb_optuna,200,0,0.2,0.3,180.0,120.0
churn,xgb_optuna,200,0,0.2,0.35,-3330.0,-2220.0
churn,xgb_optuna,200,0,0.2,0.4,-6840.0,-4560.0
churn,xgb_optuna,200,0,0.2,0.45,-10470.0,-6980.0
churn,xgb_optuna,200,0,0.2,0.5,-14100.0,-9400.0
churn,xgb_optuna,200,0,0.3,0.05,5790.0,3860.0
churn,xgb_optuna,200,0,0.3,0.1,11220.0,7480.0
churn,xgb_optuna,200,0,0.3,0.15,14310.0,9540.0
churn,xgb_optuna,200,0,0.3,0.2,14520.0,9680.0
churn,xgb_optuna,200,0,0.3,0.25,13110.0,8740.0
churn,xgb_optuna,200,0,0.3,0.3,11520.0,7680.0
churn,xgb_optuna,200,0,0.3,0.35,8130.0,5420.0
churn,xgb_optuna,200,0,0.3,0.4,4740.0,3160.0
churn,xgb_optuna,200,0,0.3,0.45,1170.0,780.0
churn,xgb_optuna,200,0,0.3,0.5,-2400.0,-1600.0
churn,xgb,200,0,0.1,0.05,-990.0,-660.0
churn,xgb,200,0,0.1,0.1,-2160.0,-1440.0
churn,xgb,200,0,0.1,0.15,-3870.0,-2580.0
churn,xgb,200,0,0.1,0.2,-5940.0,-3960.0
churn,xgb,200,0,0.1,0.25,-8670.0,-5780.0
churn,xgb,200,0,0.1,0.3,-12000.0,-8000.0
churn,xgb,200,0,0.1,0.35,-15090.0,-10060.0
churn,xgb,200,0,0.1,0.4,-18600.0,-12400.0
churn,xgb,200,0,0.1,0.45,-21990.0,-14660.0
churn,xgb,200,0,0.1,0.5,-25620.0,-17080.0
churn,xgb,200,0,0.2,0.05,1770.0,1180.0
churn,xgb,200,0,0.2,0.1,3180.0,2120.0
churn,xgb,200,0,0.2,0.15,3510.0,2340.0
churn,xgb,200,0,0.2,0.2,3120.0,2080.0
churn,xgb,200,0,0.2,0.25,1410.0,940.0
churn,xgb,200,0,0.2,0.3,-1500.0,-1000.0
churn,xgb,200,0,0.2,0.35,-3930.0,-2620.0
churn,xgb,200,0,0.2,0.4,-7200.0,-4800.0
churn,xgb,200,0,0.2,0.45,-10230.0,-6820.0
churn,xgb,200,0,0.2,0.5,-13740.0,-9160.0
churn,xgb,200,0,0.3,0.05,4530.0,3020.0
churn,xgb,200,0,0.3,0.1,8520.0,5680.0
churn,xgb,200,0,0.3,0.15,10890.0,7260.0
churn,xgb,200,0,0.3,0.2,12180.0,8119.999999999999
churn,xgb,200,0,0.3,0.25,11490.0,7660.0
churn,xgb,200,0,0.3,0.3,9000.0,6000.0
churn,xgb,200,0,0.3,0.35,7230.0,4820.0
churn,xgb,200,0,0.3,0.4,4200.0,2800.0
churn,xgb,200,0,0.3,0.45,1530.0,1020.0
churn,xgb,200,0,0.3,0.5,-1860.0,-1240.0
churn,logreg,200,0,0.1,0.05,-1290.0,-860.0
churn,logreg,200,0,0.1,0.1,-3300.0,-2200.0
churn,logreg,200,0,0.1,0.15,-5430.0,-3620.0
churn,logreg,200,0,0.1,0.2,-8100.0,-5400.0
churn,logreg,200,0,0.1,0.25,-10470.0,-6980.0
churn,logreg,200,0,0.1,0.3,-13500.0,-9000.0
churn,logreg,200,0,0.1,0.35,-16590.0,-11060.0
churn,logreg,200,0,0.1,0.4,-19740.0,-13160.0
churn,logreg,200,0,0.1,0.45,-22950.0,-15300.0
churn,logreg,200,0,0.1,0.5,-26460.0,-17640.0
churn,logreg,200,0,0.2,0.05,1170.0,780.0
churn,logreg,200,0,0.2,0.1,900.0,600.0
churn,logreg,200,0,0.2,0.15,390.0,260.0
churn,logreg,200,0,0.2,0.2,-1200.0,-800.0
churn,logreg,200,0,0.2,0.25,-2190.0,-1460.0
churn,logreg,200,0,0.2,0.3,-4500.0,-3000.0
churn,logreg,200,0,0.2,0.35,-6930.0,-4620.0
churn,logreg,200,0,0.2,0.4,-9480.0,-6320.0
churn,logreg,200,0,0.2,0.45,-12150.0,-8100.0
churn,logreg,200,0,0.2,0.5,-15420.0,-10280.0
churn,logreg,200,0,0.3,0.05,3630.0,2420.0
churn,logreg,200,0,0.3,0.1,5100.0,3400.0
churn,logreg,200,0,0.3,0.15,6210.0,4140.0
churn,logreg,200,0,0.3,0.2,5700.0,3800.0
churn,logreg,200,0,0.3,0.25,6090.0,4059.9999999999995
churn,logreg,200,0,0.3,0.3,4500.0,3000.0
churn,logreg,200,0,0.3,0.35,2730.0,1820.0
churn,logreg,200,0,0.3,0.4,780.0,520.0
churn,logreg,200,0,0.3,0.45,-1350.0,-900.0
churn,logreg,200,0,0.3,0.5,-4380.0,-2920.0
churn,random,200,0,0.1,0.05,-3114.0,-2076.0
churn,random,200,0,0.1,0.1,-6228.0,-4152.0
churn,random,200,0,0.1,0.15,-9342.0,-6228.0
churn,random,200,0,0.1,0.2,-12456.0,-8304.0
churn,random,200,0,0.1,0.25,-15570.0,-10380.0
churn,random,200,0,0.1,0.3,-18684.0,-12456.0
churn,random,200,0,0.1,0.35,-21798.0,-14532.0
churn,random,200,0,0.1,0.4,-24912.0,-16608.0
churn,random,200,0,0.1,0.45,-28026.0,-18684.0
churn,random,200,0,0.1,0.5,-31140.0,-20760.0
churn,random,200,0,0.2,0.05,-2478.0,-1652.0
churn,random,200,0,0.2,0.1,-4956.0,-3304.0
churn,random,200,0,0.2,0.15,-7434.0,-4956.0
churn,random,200,0,0.2,0.2,-9912.0,-6608.0
churn,random,200,0,0.2,0.25,-12390.0,-8260.0
churn,random,200,0,0.2,0.3,-14868.0,-9912.0
churn,random,200,0,0.2,0.35,-17346.0,-11564.0
churn,random,200,0,0.2,0.4,-19824.0,-13216.0
churn,random,200,0,0.2,0.45,-22302.0,-14868.0
churn,random,200,0,0.2,0.5,-24780.0,-16520.0
churn,random,200,0,0.3,0.05,-1842.0,-1228.0
churn,random,200,0,0.3,0.1,-3684.0,-2456.0
churn,random,200,0,0.3,0.15,-5526.0,-3684.0
churn,random,200,0,0.3,0.2,-7368.0,-4912.0
churn,random,200,0,0.3,0.25,-9210.0,-6140.0
churn,random,200,0,0.3,0.3,-11052.0,-7368.0
churn,random,200,0,0.3,0.35,-12894.0,-8596.0
churn,random,200,0,0.3,0.4,-14736.0,-9824.0
churn,random,200,0,0.3,0.45,-16578.0,-11052.0
churn,random,200,0,0.3,0.5,-18420.0,-12280.0
churn,tabpfn,200,1,0.1,0.05,510.0,340.0
churn,tabpfn,200,1,0.1,0.1,-600.0,-400.0
churn,tabpfn,200,1,0.1,0.15,-2790.0,-1860.0
churn,tabpfn,200,1,0.1,0.2,-5580.0,-3720.0
churn,tabpfn,200,1,0.1,0.25,-8490.0,-5660.0
churn,tabpfn,200,1,0.1,0.3,-11880.0,-7920.0
churn,tabpfn,200,1,0.1,0.35,-15390.0,-10260.0
churn,tabpfn,200,1,0.1,0.4,-18900.0,-12600.0
churn,tabpfn,200,1,0.1,0.45,-22410.0,-14940.0
churn,tabpfn,200,1,0.1,0.5,-26160.0,-17440.0
churn,tabpfn,200,1,0.2,0.05,4770.0,3180.0
churn,tabpfn,200,1,0.2,0.1,6300.0,4200.0
churn,tabpfn,200,1,0.2,0.15,5670.0,3780.0
churn,tabpfn,200,1,0.2,0.2,3840.0,2560.0
churn,tabpfn,200,1,0.2,0.25,1770.0,1180.0
churn,tabpfn,200,1,0.2,0.3,-1260.0,-840.0
churn,tabpfn,200,1,0.2,0.35,-4530.0,-3020.0
churn,tabpfn,200,1,0.2,0.4,-7800.0,-5200.0
churn,tabpfn,200,1,0.2,0.45,-11070.0,-7380.0
churn,tabpfn,200,1,0.2,0.5,-14820.0,-9880.0
churn,tabpfn,200,1,0.3,0.05,9030.0,6020.0
churn,tabpfn,200,1,0.3,0.1,13200.0,8800.0
churn,tabpfn,200,1,0.3,0.15,14130.0,9420.0
churn,tabpfn,200,1,0.3,0.2,13260.0,8840.0
churn,tabpfn,200,1,0.3,0.25,12030.0,8020.0
churn,tabpfn,200,1,0.3,0.3,9360.0,6240.0
churn,tabpfn,200,1,0.3,0.35,6330.0,4220.0
churn,tabpfn,200,1,0.3,0.4,3300.0,2200.0
churn,tabpfn,200,1,0.3,0.45,270.0,180.0
churn,tabpfn,200,1,0.3,0.5,-3480.0,-2320.0
churn,xgb_optuna,200,1,0.1,0.05,-210.0,-140.0
churn,xgb_optuna,200,1,0.1,0.1,-1620.0,-1080.0
churn,xgb_optuna,200,1,0.1,0.15,-3270.0,-2180.0
churn,xgb_optuna,200,1,0.1,0.2,-6240.0,-4160.0
churn,xgb_optuna,200,1,0.1,0.25,-9390.0,-6260.0
churn,xgb_optuna,200,1,0.1,0.3,-12840.0,-8560.0
churn,xgb_optuna,200,1,0.1,0.35,-16230.0,-10820.0
churn,xgb_optuna,200,1,0.1,0.4,-19680.0,-13120.0
churn,xgb_optuna,200,1,0.1,0.45,-23070.0,-15380.0
churn,xgb_optuna,200,1,0.1,0.5,-26580.0,-17720.0
churn,xgb_optuna,200,1,0.2,0.05,3330.0,2220.0
churn,xgb_optuna,200,1,0.2,0.1,4260.0,2840.0
churn,xgb_optuna,200,1,0.2,0.15,4710.0,3140.0
churn,xgb_optuna,200,1,0.2,0.2,2520.0,1680.0
churn,xgb_optuna,200,1,0.2,0.25,-30.0,-20.0
churn,xgb_optuna,200,1,0.2,0.3,-3180.0,-2120.0
churn,xgb_optuna,200,1,0.2,0.35,-6210.0,-4140.0
churn,xgb_optuna,200,1,0.2,0.4,-9360.0,-6240.0
churn,xgb_optuna,200,1,0.2,0.45,-12390.0,-8260.0
churn,xgb_optuna,200,1,0.2,0.5,-15660.0,-10440.0
churn,xgb_optuna,200,1,0.3,0.05,6870.0,4580.0
churn,xgb_optuna,200,1,0.3,0.1,10140.0,6760.0
churn,xgb_optuna,200,1,0.3,0.15,12690.0,8460.0
churn,xgb_optuna,200,1,0.3,0.2,11280.0,7520.0
churn,xgb_optuna,200,1,0.3,0.25,9330.0,6220.0
churn,xgb_optuna,200,1,0.3,0.3,6480.0,4320.0
churn,xgb_optuna,200,1,0.3,0.35,3810.0,2540.0
churn,xgb_optuna,200,1,0.3,0.4,960.0,640.0
churn,xgb_optuna,200,1,0.3,0.45,-1710.0,-1140.0
churn,xgb_optuna,200,1,0.3,0.5,-4740.0,-3160.0
churn,xgb,200,1,0.1,0.05,-30.0,-20.0
churn,xgb,200,1,0.1,0.1,-1260.0,-840.0
churn,xgb,200,1,0.1,0.15,-3570.0,-2380.0
churn,xgb,200,1,0.1,0.2,-6540.0,-4360.0
churn,xgb,200,1,0.1,0.25,-9450.0,-6300.0
churn,xgb,200,1,0.1,0.3,-12780.0,-8520.0
churn,xgb,200,1,0.1,0.35,-16110.0,-10740.0
churn,xgb,200,1,0.1,0.4,-19620.0,-13080.0
churn,xgb,200,1,0.1,0.45,-23130.0,-15420.0
churn,xgb,200,1,0.1,0.5,-26760.0,-17840.0
churn,xgb,200,1,0.2,0.05,3690.0,2460.0
churn,xgb,200,1,0.2,0.1,4980.0,3320.0
churn,xgb,200,1,0.2,0.15,4110.0,2740.0
churn,xgb,200,1,0.2,0.2,1920.0,1280.0
churn,xgb,200,1,0.2,0.25,-150.0,-100.0
churn,xgb,200,1,0.2,0.3,-3060.0,-2040.0
churn,xgb,200,1,0.2,0.35,-5970.0,-3980.0
churn,xgb,200,1,0.2,0.4,-9240.0,-6160.0
churn,xgb,200,1,0.2,0.45,-12510.0,-8340.0
churn,xgb,200,1,0.2,0.5,-16020.0,-10680.0
churn,xgb,200,1,0.3,0.05,7410.0,4940.0
churn,xgb,200,1,0.3,0.1,11220.0,7480.0
churn,xgb,200,1,0.3,0.15,11790.0,7860.0
churn,xgb,200,1,0.3,0.2,10380.0,6920.0
churn,xgb,200,1,0.3,0.25,9150.0,6100.0
churn,xgb,200,1,0.3,0.3,6660.0,4440.0
churn,xgb,200,1,0.3,0.35,4170.0,2780.0
churn,xgb,200,1,0.3,0.4,1140.0,760.0
churn,xgb,200,1,0.3,0.45,-1890.0,-1260.0
churn,xgb,200,1,0.3,0.5,-5280.0,-3520.0
churn,logreg,200,1,0.1,0.05,-1230.0,-820.0
churn,logreg,200,1,0.1,0.1,-3120.0,-2080.0
churn,logreg,200,1,0.1,0.15,-5010.0,-3340.0
churn,logreg,200,1,0.1,0.2,-7620.0,-5080.0
churn,logreg,200,1,0.1,0.25,-10830.0,-7220.0
churn,logreg,200,1,0.1,0.3,-13980.0,-9320.0
churn,logreg,200,1,0.1,0.35,-17310.0,-11540.0
churn,logreg,200,1,0.1,0.4,-20580.0,-13720.0
churn,logreg,200,1,0.1,0.45,-23970.0,-15980.0
churn,logreg,200,1,0.1,0.5,-27240.0,-18160.0
churn,logreg,200,1,0.2,0.05,1290.0,860.0
churn,logreg,200,1,0.2,0.1,1260.0,840.0
churn,logreg,200,1,0.2,0.15,1230.0,820.0
churn,logreg,200,1,0.2,0.2,-240.0,-160.0
churn,logreg,200,1,0.2,0.25,-2910.0,-1940.0
churn,logreg,200,1,0.2,0.3,-5460.0,-3640.0
churn,logreg,200,1,0.2,0.35,-8370.0,-5580.0
churn,logreg,200,1,0.2,0.4,-11160.0,-7440.0
churn,logreg,200,1,0.2,0.45,-14190.0,-9460.0
churn,logreg,200,1,0.2,0.5,-16980.0,-11320.0
churn,logreg,200,1,0.3,0.05,3810.0,2540.0
churn,logreg,200,1,0.3,0.1,5640.0,3760.0
churn,logreg,200,1,0.3,0.15,7470.0,4980.0
churn,logreg,200,1,0.3,0.2,7140.0,4760.0
churn,logreg,200,1,0.3,0.25,5010.0,3340.0
churn,logreg,200,1,0.3,0.3,3060.0,2040.0
churn,logreg,200,1,0.3,0.35,570.0,380.0
churn,logreg,200,1,0.3,0.4,-1740.0,-1160.0
churn,logreg,200,1,0.3,0.45,-4410.0,-2940.0
churn,logreg,200,1,0.3,0.5,-6720.0,-4480.0
churn,random,200,1,0.1,0.05,-3114.0,-2076.0
churn,random,200,1,0.1,0.1,-6228.0,-4152.0
churn,random,200,1,0.1,0.15,-9342.0,-6228.0
churn,random,200,1,0.1,0.2,-12456.0,-8304.0
churn,random,200,1,0.1,0.25,-15570.0,-10380.0
churn,random,200,1,0.1,0.3,-18684.0,-12456.0
churn,random,200,1,0.1,0.35,-21798.0,-14532.0
churn,random,200,1,0.1,0.4,-24912.0,-16608.0
churn,random,200,1,0.1,0.45,-28026.0,-18684.0
churn,random,200,1,0.1,0.5,-31140.0,-20760.0
churn,random,200,1,0.2,0.05,-2478.0,-1652.0
churn,random,200,1,0.2,0.1,-4956.0,-3304.0
churn,random,200,1,0.2,0.15,-7434.0,-4956.0
churn,random,200,1,0.2,0.2,-9912.0,-6608.0
churn,random,200,1,0.2,0.25,-12390.0,-8260.0
churn,random,200,1,0.2,0.3,-14868.0,-9912.0
churn,random,200,1,0.2,0.35,-17346.0,-11564.0
churn,random,200,1,0.2,0.4,-19824.0,-13216.0
churn,random,200,1,0.2,0.45,-22302.0,-14868.0
churn,random,200,1,0.2,0.5,-24780.0,-16520.0
churn,random,200,1,0.3,0.05,-1842.0,-1228.0
churn,random,200,1,0.3,0.1,-3684.0,-2456.0
churn,random,200,1,0.3,0.15,-5526.0,-3684.0
churn,random,200,1,0.3,0.2,-7368.0,-4912.0
churn,random,200,1,0.3,0.25,-9210.0,-6140.0
churn,random,200,1,0.3,0.3,-11052.0,-7368.0
churn,random,200,1,0.3,0.35,-12894.0,-8596.0
churn,random,200,1,0.3,0.4,-14736.0,-9824.0
churn,random,200,1,0.3,0.45,-16578.0,-11052.0
churn,random,200,1,0.3,0.5,-18420.0,-12280.0
churn,tabpfn,200,2,0.1,0.05,-450.0,-300.0
churn,tabpfn,200,2,0.1,0.1,-1560.0,-1040.0
churn,tabpfn,200,2,0.1,0.15,-3210.0,-2140.0
churn,tabpfn,200,2,0.1,0.2,-5880.0,-3920.0
churn,tabpfn,200,2,0.1,0.25,-8730.0,-5820.0
churn,tabpfn,200,2,0.1,0.3,-11880.0,-7920.0
churn,tabpfn,200,2,0.1,0.35,-15330.0,-10220.0
churn,tabpfn,200,2,0.1,0.4,-18720.0,-12480.0
churn,tabpfn,200,2,0.1,0.45,-22350.0,-14900.0
churn,tabpfn,200,2,0.1,0.5,-25980.0,-17320.0
churn,tabpfn,200,2,0.2,0.05,2850.0,1900.0
churn,tabpfn,200,2,0.2,0.1,4380.0,2920.0
churn,tabpfn,200,2,0.2,0.15,4830.0,3220.0
churn,tabpfn,200,2,0.2,0.2,3240.0,2160.0
churn,tabpfn,200,2,0.2,0.25,1290.0,860.0
churn,tabpfn,200,2,0.2,0.3,-1260.0,-840.0
churn,tabpfn,200,2,0.2,0.35,-4410.0,-2940.0
churn,tabpfn,200,2,0.2,0.4,-7440.0,-4960.0
churn,tabpfn,200,2,0.2,0.45,-10950.0,-7300.0
churn,tabpfn,200,2,0.2,0.5,-14460.0,-9640.0
churn,tabpfn,200,2,0.3,0.05,6150.0,4100.0
churn,tabpfn,200,2,0.3,0.1,10320.0,6880.0
churn,tabpfn,200,2,0.3,0.15,12870.0,8580.0
churn,tabpfn,200,2,0.3,0.2,12360.0,8240.0
churn,tabpfn,200,2,0.3,0.25,11310.0,7540.0
churn,tabpfn,200,2,0.3,0.3,9360.0,6240.0
churn,tabpfn,200,2,0.3,0.35,6510.0,4340.0
churn,tabpfn,200,2,0.3,0.4,3840.0,2560.0
churn,tabpfn,200,2,0.3,0.45,450.0,300.0
churn,tabpfn,200,2,0.3,0.5,-2940.0,-1960.0
churn,xgb_optuna,200,2,0.1,0.05,-870.0,-580.0
churn,xgb_optuna,200,2,0.1,0.1,-2640.0,-1760.0
churn,xgb_optuna,200,2,0.1,0.15,-4650.0,-3100.0
churn,xgb_optuna,200,2,0.1,0.2,-7140.0,-4760.0
churn,xgb_optuna,200,2,0.1,0.25,-9810.0,-6540.0
churn,xgb_optuna,200,2,0.1,0.3,-12420.0,-8280.0
churn,xgb_optuna,200,2,0.1,0.35,-15570.0,-10380.0
churn,xgb_optuna,200,2,0.1,0.4,-19140.0,-12760.0
churn,xgb_optuna,200,2,0.1,0.45,-22590.0,-15060.0
churn,xgb_optuna,200,2,0.1,0.5,-26160.0,-17440.0
churn,xgb_optuna,200,2,0.2,0.05,2010.0,1340.0
churn,xgb_optuna,200,2,0.2,0.1,2220.0,1480.0
churn,xgb_optuna,200,2,0.2,0.15,1950.0,1300.0
churn,xgb_optuna,200,2,0.2,0.2,720.0,480.0
churn,xgb_optuna,200,2,0.2,0.25,-870.0,-580.0
churn,xgb_optuna,200,2,0.2,0.3,-2340.0,-1560.0
churn,xgb_optuna,200,2,0.2,0.35,-4890.0,-3260.0
churn,xgb_optuna,200,2,0.2,0.4,-8280.0,-5520.0
churn,xgb_optuna,200,2,0.2,0.45,-11430.0,-7620.0
churn,xgb_optuna,200,2,0.2,0.5,-14820.0,-9880.0
churn,xgb_optuna,200,2,0.3,0.05,4890.0,3260.0
churn,xgb_optuna,200,2,0.3,0.1,7080.0,4720.0
churn,xgb_optuna,200,2,0.3,0.15,8550.0,5700.0
churn,xgb_optuna,200,2,0.3,0.2,8580.0,5720.0
churn,xgb_optuna,200,2,0.3,0.25,8070.0,5380.0
churn,xgb_optuna,200,2,0.3,0.3,7740.0,5160.0
churn,xgb_optuna,200,2,0.3,0.35,5790.0,3860.0
churn,xgb_optuna,200,2,0.3,0.4,2580.0,1720.0
churn,xgb_optuna,200,2,0.3,0.45,-270.0,-180.0
churn,xgb_optuna,200,2,0.3,0.5,-3480.0,-2320.0
churn,xgb,200,2,0.1,0.05,-930.0,-620.0
churn,xgb,200,2,0.1,0.1,-2220.0,-1480.0
churn,xgb,200,2,0.1,0.15,-4950.0,-3300.0
churn,xgb,200,2,0.1,0.2,-7620.0,-5080.0
churn,xgb,200,2,0.1,0.25,-10830.0,-7220.0
churn,xgb,200,2,0.1,0.3,-13620.0,-9080.0
churn,xgb,200,2,0.1,0.35,-16890.0,-11260.0
churn,xgb,200,2,0.1,0.4,-20040.0,-13360.0
churn,xgb,200,2,0.1,0.45,-23490.0,-15660.0
churn,xgb,200,2,0.1,0.5,-26940.0,-17960.0
churn,xgb,200,2,0.2,0.05,1890.0,1260.0
churn,xgb,200,2,0.2,0.1,3060.0,2040.0
churn,xgb,200,2,0.2,0.15,1350.0,900.0
churn,xgb,200,2,0.2,0.2,-240.0,-160.0
churn,xgb,200,2,0.2,0.25,-2910.0,-1940.0
churn,xgb,200,2,0.2,0.3,-4740.0,-3160.0
churn,xgb,200,2,0.2,0.35,-7530.0,-5020.0
churn,xgb,200,2,0.2,0.4,-10080.0,-6720.0
churn,xgb,200,2,0.2,0.45,-13230.0,-8820.0
churn,xgb,200,2,0.2,0.5,-16380.0,-10920.0
churn,xgb,200,2,0.3,0.05,4710.0,3140.0
churn,xgb,200,2,0.3,0.1,8340.0,5560.0
churn,xgb,200,2,0.3,0.15,7650.0,5100.0
churn,xgb,200,2,0.3,0.2,7140.0,4760.0
churn,xgb,200,2,0.3,0.25,5010.0,3340.0
churn,xgb,200,2,0.3,0.3,4140.0,2760.0
churn,xgb,200,2,0.3,0.35,1830.0,1220.0
churn,xgb,200,2,0.3,0.4,-120.0,-80.0
churn,xgb,200,2,0.3,0.45,-2970.0,-1980.0
churn,xgb,200,2,0.3,0.5,-5820.0,-3880.0
churn,logreg,200,2,0.1,0.05,-1650.0,-1100.0
churn,logreg,200,2,0.1,0.1,-3360.0,-2240.0
churn,logreg,200,2,0.1,0.15,-5490.0,-3660.0
churn,logreg,200,2,0.1,0.2,-8040.0,-5360.0
churn,logreg,200,2,0.1,0.25,-10590.0,-7060.0
churn,logreg,200,2,0.1,0.3,-13680.0,-9120.0
churn,logreg,200,2,0.1,0.35,-16890.0,-11260.0
churn,logreg,200,2,0.1,0.4,-19860.0,-13240.0
churn,logreg,200,2,0.1,0.45,-23250.0,-15500.0
churn,logreg,200,2,0.1,0.5,-26820.0,-17880.0
churn,logreg,200,2,0.2,0.05,450.0,300.0
churn,logreg,200,2,0.2,0.1,780.0,520.0
churn,logreg,200,2,0.2,0.15,270.0,180.0
churn,logreg,200,2,0.2,0.2,-1080.0,-720.0
churn,logreg,200,2,0.2,0.25,-2430.0,-1620.0
churn,logreg,200,2,0.2,0.3,-4860.0,-3240.0
churn,logreg,200,2,0.2,0.35,-7530.0,-5020.0
churn,logreg,200,2,0.2,0.4,-9720.0,-6480.0
churn,logreg,200,2,0.2,0.45,-12750.0,-8500.0
churn,logreg,200,2,0.2,0.5,-16140.0,-10760.0
churn,logreg,200,2,0.3,0.05,2550.0,1700.0
churn,logreg,200,2,0.3,0.1,4920.0,3280.0
churn,logreg,200,2,0.3,0.15,6030.0,4019.9999999999995
churn,logreg,200,2,0.3,0.2,5880.0,3920.0
churn,logreg,200,2,0.3,0.25,5730.0,3820.0
churn,logreg,200,2,0.3,0.3,3960.0,2640.0
churn,logreg,200,2,0.3,0.35,1830.0,1220.0
churn,logreg,200,2,0.3,0.4,420.0,280.0
churn,logreg,200,2,0.3,0.45,-2250.0,-1500.0
churn,logreg,200,2,0.3,0.5,-5460.0,-3640.0
churn,random,200,2,0.1,0.05,-3114.0,-2076.0
churn,random,200,2,0.1,0.1,-6228.0,-4152.0
churn,random,200,2,0.1,0.15,-9342.0,-6228.0
churn,random,200,2,0.1,0.2,-12456.0,-8304.0
churn,random,200,2,0.1,0.25,-15570.0,-10380.0
churn,random,200,2,0.1,0.3,-18684.0,-12456.0
churn,random,200,2,0.1,0.35,-21798.0,-14532.0
churn,random,200,2,0.1,0.4,-24912.0,-16608.0
churn,random,200,2,0.1,0.45,-28026.0,-18684.0
churn,random,200,2,0.1,0.5,-31140.0,-20760.0
churn,random,200,2,0.2,0.05,-2478.0,-1652.0
churn,random,200,2,0.2,0.1,-4956.0,-3304.0
churn,random,200,2,0.2,0.15,-7434.0,-4956.0
churn,random,200,2,0.2,0.2,-9912.0,-6608.0
churn,random,200,2,0.2,0.25,-12390.0,-8260.0
churn,random,200,2,0.2,0.3,-14868.0,-9912.0
churn,random,200,2,0.2,0.35,-17346.0,-11564.0
churn,random,200,2,0.2,0.4,-19824.0,-13216.0
churn,random,200,2,0.2,0.45,-22302.0,-14868.0
churn,random,200,2,0.2,0.5,-24780.0,-16520.0
churn,random,200,2,0.3,0.05,-1842.0,-1228.0
churn,random,200,2,0.3,0.1,-3684.0,-2456.0
churn,random,200,2,0.3,0.15,-5526.0,-3684.0
churn,random,200,2,0.3,0.2,-7368.0,-4912.0
churn,random,200,2,0.3,0.25,-9210.0,-6140.0
churn,random,200,2,0.3,0.3,-11052.0,-7368.0
churn,random,200,2,0.3,0.35,-12894.0,-8596.0
churn,random,200,2,0.3,0.4,-14736.0,-9824.0
churn,random,200,2,0.3,0.45,-16578.0,-11052.0
churn,random,200,2,0.3,0.5,-18420.0,-12280.0
churn,tabpfn,200,3,0.1,0.05,-210.0,-140.0
churn,tabpfn,200,3,0.1,0.1,-1560.0,-1040.0
churn,tabpfn,200,3,0.1,0.15,-3990.0,-2660.0
churn,tabpfn,200,3,0.1,0.2,-6300.0,-4200.0
churn,tabpfn,200,3,0.1,0.25,-9450.0,-6300.0
churn,tabpfn,200,3,0.1,0.3,-12660.0,-8440.0
churn,tabpfn,200,3,0.1,0.35,-15810.0,-10540.0
churn,tabpfn,200,3,0.1,0.4,-18900.0,-12600.0
churn,tabpfn,200,3,0.1,0.45,-22110.0,-14740.0
churn,tabpfn,200,3,0.1,0.5,-25680.0,-17120.0
churn,tabpfn,200,3,0.2,0.05,3330.0,2220.0
churn,tabpfn,200,3,0.2,0.1,4380.0,2920.0
churn,tabpfn,200,3,0.2,0.15,3270.0,2180.0
churn,tabpfn,200,3,0.2,0.2,2400.0,1600.0
churn,tabpfn,200,3,0.2,0.25,-150.0,-100.0
churn,tabpfn,200,3,0.2,0.3,-2820.0,-1880.0
churn,tabpfn,200,3,0.2,0.35,-5370.0,-3580.0
churn,tabpfn,200,3,0.2,0.4,-7800.0,-5200.0
churn,tabpfn,200,3,0.2,0.45,-10470.0,-6980.0
churn,tabpfn,200,3,0.2,0.5,-13860.0,-9240.0
churn,tabpfn,200,3,0.3,0.05,6870.0,4580.0
churn,tabpfn,200,3,0.3,0.1,10320.0,6880.0
churn,tabpfn,200,3,0.3,0.15,10530.0,7020.0
churn,tabpfn,200,3,0.3,0.2,11100.0,7400.0
churn,tabpfn,200,3,0.3,0.25,9150.0,6100.0
churn,tabpfn,200,3,0.3,0.3,7020.0,4680.0
churn,tabpfn,200,3,0.3,0.35,5070.0,3380.0
churn,tabpfn,200,3,0.3,0.4,3300.0,2200.0
churn,tabpfn,200,3,0.3,0.45,1170.0,780.0
churn,tabpfn,200,3,0.3,0.5,-2040.0,-1360.0
churn,xgb_optuna,200,3,0.1,0.05,-450.0,-300.0
churn,xgb_optuna,200,3,0.1,0.1,-2040.0,-1360.0
churn,xgb_optuna,200,3,0.1,0.15,-4110.0,-2740.0
churn,xgb_optuna,200,3,0.1,0.2,-6720.0,-4480.0
churn,xgb_optuna,200,3,0.1,0.25,-9450.0,-6300.0
churn,xgb_optuna,200,3,0.1,0.3,-12180.0,-8119.999999999999
churn,xgb_optuna,200,3,0.1,0.35,-15570.0,-10380.0
churn,xgb_optuna,200,3,0.1,0.4,-18600.0,-12400.0
churn,xgb_optuna,200,3,0.1,0.45,-22050.0,-14700.0
churn,xgb_optuna,200,3,0.1,0.5,-25800.0,-17200.0
churn,xgb_optuna,200,3,0.2,0.05,2850.0,1900.0
churn,xgb_optuna,200,3,0.2,0.1,3420.0,2280.0
churn,xgb_optuna,200,3,0.2,0.15,3030.0,2020.0
churn,xgb_optuna,200,3,0.2,0.2,1560.0,1040.0
churn,xgb_optuna,200,3,0.2,0.25,-150.0,-100.0
churn,xgb_optuna,200,3,0.2,0.3,-1860.0,-1240.0
churn,xgb_optuna,200,3,0.2,0.35,-4890.0,-3260.0
churn,xgb_optuna,200,3,0.2,0.4,-7200.0,-4800.0
churn,xgb_optuna,200,3,0.2,0.45,-10350.0,-6900.0
churn,xgb_optuna,200,3,0.2,0.5,-14100.0,-9400.0
churn,xgb_optuna,200,3,0.3,0.05,6150.0,4100.0
churn,xgb_optuna,200,3,0.3,0.1,8880.0,5920.0
churn,xgb_optuna,200,3,0.3,0.15,10170.0,6780.0
churn,xgb_optuna,200,3,0.3,0.2,9840.0,6560.0
churn,xgb_optuna,200,3,0.3,0.25,9150.0,6100.0
churn,xgb_optuna,200,3,0.3,0.3,8460.0,5640.0
churn,xgb_optuna,200,3,0.3,0.35,5790.0,3860.0
churn,xgb_optuna,200,3,0.3,0.4,4200.0,2800.0
churn,xgb_optuna,200,3,0.3,0.45,1350.0,900.0
churn,xgb_optuna,200,3,0.3,0.5,-2400.0,-1600.0
churn,xgb,200,3,0.1,0.05,-510.0,-340.0
churn,xgb,200,3,0.1,0.1,-2040.0,-1360.0
churn,xgb,200,3,0.1,0.15,-4290.0,-2860.0
churn,xgb,200,3,0.1,0.2,-6960.0,-4640.0
churn,xgb,200,3,0.1,0.25,-9990.0,-6660.0
churn,xgb,200,3,0.1,0.3,-13200.0,-8800.0
churn,xgb,200,3,0.1,0.35,-16110.0,-10740.0
churn,xgb,200,3,0.1,0.4,-19140.0,-12760.0
churn,xgb,200,3,0.1,0.45,-22530.0,-15020.0
churn,xgb,200,3,0.1,0.5,-25980.0,-17320.0
churn,xgb,200,3,0.2,0.05,2730.0,1820.0
churn,xgb,200,3,0.2,0.1,3420.0,2280.0
churn,xgb,200,3,0.2,0.15,2670.0,1780.0
churn,xgb,200,3,0.2,0.2,1080.0,720.0
churn,xgb,200,3,0.2,0.25,-1230.0,-820.0
churn,xgb,200,3,0.2,0.3,-3900.0,-2600.0
churn,xgb,200,3,0.2,0.35,-5970.0,-3980.0
churn,xgb,200,3,0.2,0.4,-8280.0,-5520.0
churn,xgb,200,3,0.2,0.45,-11310.0,-7540.0
churn,xgb,200,3,0.2,0.5,-14460.0,-9640.0
churn,xgb,200,3,0.3,0.05,5970.0,3980.0
churn,xgb,200,3,0.3,0.1,8880.0,5920.0
churn,xgb,200,3,0.3,0.15,9630.0,6420.0
churn,xgb,200,3,0.3,0.2,9120.0,6080.0
churn,xgb,200,3,0.3,0.25,7530.0,5020.0
churn,xgb,200,3,0.3,0.3,5400.0,3600.0
churn,xgb,200,3,0.3,0.35,4170.0,2780.0
churn,xgb,200,3,0.3,0.4,2580.0,1720.0
churn,xgb,200,3,0.3,0.45,-90.0,-60.0
churn,xgb,200,3,0.3,0.5,-2940.0,-1960.0
churn,logreg,200,3,0.1,0.05,-1830.0,-1220.0
churn,logreg,200,3,0.1,0.1,-3540.0,-2360.0
churn,logreg,200,3,0.1,0.15,-5910.0,-3940.0
churn,logreg,200,3,0.1,0.2,-8400.0,-5600.0
churn,logreg,200,3,0.1,0.25,-10770.0,-7180.0
churn,logreg,200,3,0.1,0.3,-13860.0,-9240.0
churn,logreg,200,3,0.1,0.35,-16950.0,-11300.0
churn,logreg,200,3,0.1,0.4,-19920.0,-13280.0
churn,logreg,200,3,0.1,0.45,-23250.0,-15500.0
churn,logreg,200,3,0.1,0.5,-26880.0,-17920.0
churn,logreg,200,3,0.2,0.05,90.0,60.0
churn,logreg,200,3,0.2,0.1,420.0,280.0
churn,logreg,200,3,0.2,0.15,-570.0,-380.0
churn,logreg,200,3,0.2,0.2,-1800.0,-1200.0
churn,logreg,200,3,0.2,0.25,-2790.0,-1860.0
churn,logreg,200,3,0.2,0.3,-5220.0,-3480.0
churn,logreg,200,3,0.2,0.35,-7650.0,-5100.0
churn,logreg,200,3,0.2,0.4,-9840.0,-6560.0
churn,logreg,200,3,0.2,0.45,-12750.0,-8500.0
churn,logreg,200,3,0.2,0.5,-16260.0,-10840.0
churn,logreg,200,3,0.3,0.05,2010.0,1340.0
churn,logreg,200,3,0.3,0.1,4380.0,2920.0
churn,logreg,200,3,0.3,0.15,4770.0,3180.0
churn,logreg,200,3,0.3,0.2,4800.0,3200.0
churn,logreg,200,3,0.3,0.25,5190.0,3460.0
churn,logreg,200,3,0.3,0.3,3420.0,2280.0
churn,logreg,200,3,0.3,0.35,1650.0,1100.0
churn,logreg,200,3,0.3,0.4,240.0,160.0
churn,logreg,200,3,0.3,0.45,-2250.0,-1500.0
churn,logreg,200,3,0.3,0.5,-5640.0,-3760.0
churn,random,200,3,0.1,0.05,-3114.0,-2076.0
churn,random,200,3,0.1,0.1,-6228.0,-4152.0
churn,random,200,3,0.1,0.15,-9342.0,-6228.0
churn,random,200,3,0.1,0.2,-12456.0,-8304.0
churn,random,200,3,0.1,0.25,-15570.0,-10380.0
churn,random,200,3,0.1,0.3,-18684.0,-12456.0
churn,random,200,3,0.1,0.35,-21798.0,-14532.0
churn,random,200,3,0.1,0.4,-24912.0,-16608.0
churn,random,200,3,0.1,0.45,-28026.0,-18684.0
churn,random,200,3,0.1,0.5,-31140.0,-20760.0
churn,random,200,3,0.2,0.05,-2478.0,-1652.0
churn,random,200,3,0.2,0.1,-4956.0,-3304.0
churn,random,200,3,0.2,0.15,-7434.0,-4956.0
churn,random,200,3,0.2,0.2,-9912.0,-6608.0
churn,random,200,3,0.2,0.25,-12390.0,-8260.0
churn,random,200,3,0.2,0.3,-14868.0,-9912.0
churn,random,200,3,0.2,0.35,-17346.0,-11564.0
churn,random,200,3,0.2,0.4,-19824.0,-13216.0
churn,random,200,3,0.2,0.45,-22302.0,-14868.0
churn,random,200,3,0.2,0.5,-24780.0,-16520.0
churn,random,200,3,0.3,0.05,-1842.0,-1228.0
churn,random,200,3,0.3,0.1,-3684.0,-2456.0
churn,random,200,3,0.3,0.15,-5526.0,-3684.0
churn,random,200,3,0.3,0.2,-7368.0,-4912.0
churn,random,200,3,0.3,0.25,-9210.0,-6140.0
churn,random,200,3,0.3,0.3,-11052.0,-7368.0
churn,random,200,3,0.3,0.35,-12894.0,-8596.0
churn,random,200,3,0.3,0.4,-14736.0,-9824.0
churn,random,200,3,0.3,0.45,-16578.0,-11052.0
churn,random,200,3,0.3,0.5,-18420.0,-12280.0
churn,tabpfn,200,4,0.1,0.05,750.0,500.0
churn,tabpfn,200,4,0.1,0.1,-60.0,-40.0
churn,tabpfn,200,4,0.1,0.15,-2610.0,-1740.0
churn,tabpfn,200,4,0.1,0.2,-5220.0,-3480.0
churn,tabpfn,200,4,0.1,0.25,-8310.0,-5540.0
churn,tabpfn,200,4,0.1,0.3,-11700.0,-7800.0
churn,tabpfn,200,4,0.1,0.35,-15270.0,-10180.0
churn,tabpfn,200,4,0.1,0.4,-18720.0,-12480.0
churn,tabpfn,200,4,0.1,0.45,-22410.0,-14940.0
churn,tabpfn,200,4,0.1,0.5,-26040.0,-17360.0
churn,tabpfn,200,4,0.2,0.05,5250.0,3500.0
churn,tabpfn,200,4,0.2,0.1,7380.0,4920.0
churn,tabpfn,200,4,0.2,0.15,6030.0,4019.9999999999995
churn,tabpfn,200,4,0.2,0.2,4560.0,3040.0
churn,tabpfn,200,4,0.2,0.25,2130.0,1420.0
churn,tabpfn,200,4,0.2,0.3,-900.0,-600.0
churn,tabpfn,200,4,0.2,0.35,-4290.0,-2860.0
churn,tabpfn,200,4,0.2,0.4,-7440.0,-4960.0
churn,tabpfn,200,4,0.2,0.45,-11070.0,-7380.0
churn,tabpfn,200,4,0.2,0.5,-14580.0,-9720.0
churn,tabpfn,200,4,0.3,0.05,9750.0,6500.0
churn,tabpfn,200,4,0.3,0.1,14820.0,9880.0
churn,tabpfn,200,4,0.3,0.15,14670.0,9780.0
churn,tabpfn,200,4,0.3,0.2,14340.0,9560.0
churn,tabpfn,200,4,0.3,0.25,12570.0,8380.0
churn,tabpfn,200,4,0.3,0.3,9900.0,6600.0
churn,tabpfn,200,4,0.3,0.35,6690.0,4460.0
churn,tabpfn,200,4,0.3,0.4,3840.0,2560.0
churn,tabpfn,200,4,0.3,0.45,270.0,180.0
churn,tabpfn,200,4,0.3,0.5,-3120.0,-2080.0
churn,xgb_optuna,200,4,0.1,0.05,-1350.0,-900.0
churn,xgb_optuna,200,4,0.1,0.1,-2820.0,-1880.0
churn,xgb_optuna,200,4,0.1,0.15,-4350.0,-2900.0
churn,xgb_optuna,200,4,0.1,0.2,-6840.0,-4560.0
churn,xgb_optuna,200,4,0.1,0.25,-9990.0,-6660.0
churn,xgb_optuna,200,4,0.1,0.3,-13380.0,-8920.0
churn,xgb_optuna,200,4,0.1,0.35,-16530.0,-11020.0
churn,xgb_optuna,200,4,0.1,0.4,-19980.0,-13320.0
churn,xgb_optuna,200,4,0.1,0.45,-23490.0,-15660.0
churn,xgb_optuna,200,4,0.1,0.5,-26820.0,-17880.0
churn,xgb_optuna,200,4,0.2,0.05,1050.0,700.0
churn,xgb_optuna,200,4,0.2,0.1,1860.0,1240.0
churn,xgb_optuna,200,4,0.2,0.15,2550.0,1700.0
churn,xgb_optuna,200,4,0.2,0.2,1320.0,880.0
churn,xgb_optuna,200,4,0.2,0.25,-1230.0,-820.0
churn,xgb_optuna,200,4,0.2,0.3,-4260.0,-2840.0
churn,xgb_optuna,200,4,0.2,0.35,-6810.0,-4540.0
churn,xgb_optuna,200,4,0.2,0.4,-9960.0,-6640.0
churn,xgb_optuna,200,4,0.2,0.45,-13230.0,-8820.0
churn,xgb_optuna,200,4,0.2,0.5,-16140.0,-10760.0
churn,xgb_optuna,200,4,0.3,0.05,3450.0,2300.0
churn,xgb_optuna,200,4,0.3,0.1,6540.0,4360.0
churn,xgb_optuna,200,4,0.3,0.15,9450.0,6300.0
churn,xgb_optuna,200,4,0.3,0.2,9480.0,6320.0
churn,xgb_optuna,200,4,0.3,0.25,7530.0,5020.0
churn,xgb_optuna,200,4,0.3,0.3,4860.0,3240.0
churn,xgb_optuna,200,4,0.3,0.35,2910.0,1940.0
churn,xgb_optuna,200,4,0.3,0.4,60.0,40.0
churn,xgb_optuna,200,4,0.3,0.45,-2970.0,-1980.0
churn,xgb_optuna,200,4,0.3,0.5,-5460.0,-3640.0
churn,xgb,200,4,0.1,0.05,-1170.0,-780.0
churn,xgb,200,4,0.1,0.1,-2580.0,-1720.0
churn,xgb,200,4,0.1,0.15,-3930.0,-2620.0
churn,xgb,200,4,0.1,0.2,-6360.0,-4240.0
churn,xgb,200,4,0.1,0.25,-9330.0,-6220.0
churn,xgb,200,4,0.1,0.3,-12660.0,-8440.0
churn,xgb,200,4,0.1,0.35,-15870.0,-10580.0
churn,xgb,200,4,0.1,0.4,-19200.0,-12800.0
churn,xgb,200,4,0.1,0.45,-22650.0,-15100.0
churn,xgb,200,4,0.1,0.5,-26100.0,-17400.0
churn,xgb,200,4,0.2,0.05,1410.0,940.0
churn,xgb,200,4,0.2,0.1,2340.0,1560.0
churn,xgb,200,4,0.2,0.15,3390.0,2260.0
churn,xgb,200,4,0.2,0.2,2280.0,1520.0
churn,xgb,200,4,0.2,0.25,90.0,60.0
churn,xgb,200,4,0.2,0.3,-2820.0,-1880.0
churn,xgb,200,4,0.2,0.35,-5490.0,-3660.0
churn,xgb,200,4,0.2,0.4,-8400.0,-5600.0
churn,xgb,200,4,0.2,0.45,-11550.0,-7700.0
churn,xgb,200,4,0.2,0.5,-14700.0,-9800.0
churn,xgb,200,4,0.3,0.05,3990.0,2660.0
churn,xgb,200,4,0.3,0.1,7260.0,4840.0
churn,xgb,200,4,0.3,0.15,10710.0,7140.0
churn,xgb,200,4,0.3,0.2,10920.0,7280.0
churn,xgb,200,4,0.3,0.25,9510.0,6340.0
churn,xgb,200,4,0.3,0.3,7020.0,4680.0
churn,xgb,200,4,0.3,0.35,4890.0,3260.0
churn,xgb,200,4,0.3,0.4,2400.0,1600.0
churn,xgb,200,4,0.3,0.45,-450.0,-300.0
churn,xgb,200,4,0.3,0.5,-3300.0,-2200.0
churn,logreg,200,4,0.1,0.05,-1410.0,-940.0
churn,logreg,200,4,0.1,0.1,-3420.0,-2280.0
churn,logreg,200,4,0.1,0.15,-5670.0,-3780.0
churn,logreg,200,4,0.1,0.2,-8400.0,-5600.0
churn,logreg,200,4,0.1,0.25,-11190.0,-7460.0
churn,logreg,200,4,0.1,0.3,-14280.0,-9520.0
churn,logreg,200,4,0.1,0.35,-17730.0,-11820.0
churn,logreg,200,4,0.1,0.4,-20940.0,-13960.0
churn,logreg,200,4,0.1,0.45,-24030.0,-16020.0
churn,logreg,200,4,0.1,0.5,-27360.0,-18240.0
churn,logreg,200,4,0.2,0.05,930.0,620.0
churn,logreg,200,4,0.2,0.1,660.0,440.0
churn,logreg,200,4,0.2,0.15,-90.0,-60.0
churn,logreg,200,4,0.2,0.2,-1800.0,-1200.0
churn,logreg,200,4,0.2,0.25,-3630.0,-2420.0
churn,logreg,200,4,0.2,0.3,-6060.0,-4040.0
churn,logreg,200,4,0.2,0.35,-9210.0,-6140.0
churn,logreg,200,4,0.2,0.4,-11880.0,-7920.0
churn,logreg,200,4,0.2,0.45,-14310.0,-9540.0
churn,logreg,200,4,0.2,0.5,-17220.0,-11480.0
churn,logreg,200,4,0.3,0.05,3270.0,2180.0
churn,logreg,200,4,0.3,0.1,4740.0,3160.0
churn,logreg,200,4,0.3,0.15,5490.0,3660.0
churn,logreg,200,4,0.3,0.2,4800.0,3200.0
churn,logreg,200,4,0.3,0.25,3930.0,2620.0
churn,logreg,200,4,0.3,0.3,2160.0,1440.0
churn,logreg,200,4,0.3,0.35,-690.0,-460.0
churn,logreg,200,4,0.3,0.4,-2820.0,-1880.0
churn,logreg,200,4,0.3,0.45,-4590.0,-3060.0
churn,logreg,200,4,0.3,0.5,-7080.0,-4720.0
churn,random,200,4,0.1,0.05,-3114.0,-2076.0
churn,random,200,4,0.1,0.1,-6228.0,-4152.0
churn,random,200,4,0.1,0.15,-9342.0,-6228.0
churn,random,200,4,0.1,0.2,-12456.0,-8304.0
churn,random,200,4,0.1,0.25,-15570.0,-10380.0
churn,random,200,4,0.1,0.3,-18684.0,-12456.0
churn,random,200,4,0.1,0.35,-21798.0,-14532.0
churn,random,200,4,0.1,0.4,-24912.0,-16608.0
churn,random,200,4,0.1,0.45,-28026.0,-18684.0
churn,random,200,4,0.1,0.5,-31140.0,-20760.0
churn,random,200,4,0.2,0.05,-2478.0,-1652.0
churn,random,200,4,0.2,0.1,-4956.0,-3304.0
churn,random,200,4,0.2,0.15,-7434.0,-4956.0
churn,random,200,4,0.2,0.2,-9912.0,-6608.0
churn,random,200,4,0.2,0.25,-12390.0,-8260.0
churn,random,200,4,0.2,0.3,-14868.0,-9912.0
churn,random,200,4,0.2,0.35,-17346.0,-11564.0
churn,random,200,4,0.2,0.4,-19824.0,-13216.0
churn,random,200,4,0.2,0.45,-22302.0,-14868.0
churn,random,200,4,0.2,0.5,-24780.0,-16520.0
churn,random,200,4,0.3,0.05,-1842.0,-1228.0
churn,random,200,4,0.3,0.1,-3684.0,-2456.0
churn,random,200,4,0.3,0.15,-5526.0,-3684.0
churn,random,200,4,0.3,0.2,-7368.0,-4912.0
churn,random,200,4,0.3,0.25,-9210.0,-6140.0
churn,random,200,4,0.3,0.3,-11052.0,-7368.0
churn,random,200,4,0.3,0.35,-12894.0,-8596.0
churn,random,200,4,0.3,0.4,-14736.0,-9824.0
churn,random,200,4,0.3,0.45,-16578.0,-11052.0
churn,random,200,4,0.3,0.5,-18420.0,-12280.0
churn,tabpfn,200,5,0.1,0.05,510.0,340.0
churn,tabpfn,200,5,0.1,0.1,-360.0,-240.0
churn,tabpfn,200,5,0.1,0.15,-2490.0,-1660.0
churn,tabpfn,200,5,0.1,0.2,-5580.0,-3720.0
churn,tabpfn,200,5,0.1,0.25,-8730.0,-5820.0
churn,tabpfn,200,5,0.1,0.3,-11820.0,-7880.0
churn,tabpfn,200,5,0.1,0.35,-15150.0,-10100.0
churn,tabpfn,200,5,0.1,0.4,-18600.0,-12400.0
churn,tabpfn,200,5,0.1,0.45,-22290.0,-14860.0
churn,tabpfn,200,5,0.1,0.5,-25860.0,-17240.0
churn,tabpfn,200,5,0.2,0.05,4770.0,3180.0
churn,tabpfn,200,5,0.2,0.1,6780.0,4520.0
churn,tabpfn,200,5,0.2,0.15,6270.0,4180.0
churn,tabpfn,200,5,0.2,0.2,3840.0,2560.0
churn,tabpfn,200,5,0.2,0.25,1290.0,860.0
churn,tabpfn,200,5,0.2,0.3,-1140.0,-760.0
churn,tabpfn,200,5,0.2,0.35,-4050.0,-2700.0
churn,tabpfn,200,5,0.2,0.4,-7200.0,-4800.0
churn,tabpfn,200,5,0.2,0.45,-10830.0,-7220.0
churn,tabpfn,200,5,0.2,0.5,-14220.0,-9480.0
churn,tabpfn,200,5,0.3,0.05,9030.0,6020.0
churn,tabpfn,200,5,0.3,0.1,13920.0,9280.0
churn,tabpfn,200,5,0.3,0.15,15030.0,10020.0
churn,tabpfn,200,5,0.3,0.2,13260.0,8840.0
churn,tabpfn,200,5,0.3,0.25,11310.0,7540.0
churn,tabpfn,200,5,0.3,0.3,9540.0,6360.0
churn,tabpfn,200,5,0.3,0.35,7050.0,4700.0
churn,tabpfn,200,5,0.3,0.4,4200.0,2800.0
churn,tabpfn,200,5,0.3,0.45,630.0,420.0
churn,tabpfn,200,5,0.3,0.5,-2580.0,-1720.0
churn,xgb_optuna,200,5,0.1,0.05,-270.0,-180.0
churn,xgb_optuna,200,5,0.1,0.1,-1740.0,-1160.0
churn,xgb_optuna,200,5,0.1,0.15,-3750.0,-2500.0
churn,xgb_optuna,200,5,0.1,0.2,-6120.0,-4080.0
churn,xgb_optuna,200,5,0.1,0.25,-9270.0,-6180.0
churn,xgb_optuna,200,5,0.1,0.3,-12420.0,-8280.0
churn,xgb_optuna,200,5,0.1,0.35,-15570.0,-10380.0
churn,xgb_optuna,200,5,0.1,0.4,-19260.0,-12840.0
churn,xgb_optuna,200,5,0.1,0.45,-22770.0,-15180.0
churn,xgb_optuna,200,5,0.1,0.5,-26220.0,-17480.0
churn,xgb_optuna,200,5,0.2,0.05,3210.0,2140.0
churn,xgb_optuna,200,5,0.2,0.1,4020.0,2680.0
churn,xgb_optuna,200,5,0.2,0.15,3750.0,2500.0
churn,xgb_optuna,200,5,0.2,0.2,2760.0,1840.0
churn,xgb_optuna,200,5,0.2,0.25,210.0,140.0
churn,xgb_optuna,200,5,0.2,0.3,-2340.0,-1560.0
churn,xgb_optuna,200,5,0.2,0.35,-4890.0,-3260.0
churn,xgb_optuna,200,5,0.2,0.4,-8520.0,-5680.0
churn,xgb_optuna,200,5,0.2,0.45,-11790.0,-7860.0
churn,xgb_optuna,200,5,0.2,0.5,-14940.0,-9960.0
churn,xgb_optuna,200,5,0.3,0.05,6690.0,4460.0
churn,xgb_optuna,200,5,0.3,0.1,9780.0,6520.0
churn,xgb_optuna,200,5,0.3,0.15,11250.0,7500.0
churn,xgb_optuna,200,5,0.3,0.2,11640.0,7760.0
churn,xgb_optuna,200,5,0.3,0.25,9690.0,6460.0
churn,xgb_optuna,200,5,0.3,0.3,7740.0,5160.0
churn,xgb_optuna,200,5,0.3,0.35,5790.0,3860.0
churn,xgb_optuna,200,5,0.3,0.4,2220.0,1480.0
churn,xgb_optuna,200,5,0.3,0.45,-810.0,-540.0
churn,xgb_optuna,200,5,0.3,0.5,-3660.0,-2440.0
churn,xgb,200,5,0.1,0.05,-210.0,-140.0
churn,xgb,200,5,0.1,0.1,-1860.0,-1240.0
churn,xgb,200,5,0.1,0.15,-3810.0,-2540.0
churn,xgb,200,5,0.1,0.2,-6540.0,-4360.0
churn,xgb,200,5,0.1,0.25,-9690.0,-6460.0
churn,xgb,200,5,0.1,0.3,-12840.0,-8560.0
churn,xgb,200,5,0.1,0.35,-16110.0,-10740.0
churn,xgb,200,5,0.1,0.4,-19620.0,-13080.0
churn,xgb,200,5,0.1,0.45,-23070.0,-15380.0
churn,xgb,200,5,0.1,0.5,-26400.0,-17600.0
churn,xgb,200,5,0.2,0.05,3330.0,2220.0
churn,xgb,200,5,0.2,0.1,3780.0,2520.0
churn,xgb,200,5,0.2,0.15,3630.0,2420.0
churn,xgb,200,5,0.2,0.2,1920.0,1280.0
churn,xgb,200,5,0.2,0.25,-630.0,-420.0
churn,xgb,200,5,0.2,0.3,-3180.0,-2120.0
churn,xgb,200,5,0.2,0.35,-5970.0,-3980.0
churn,xgb,200,5,0.2,0.4,-9240.0,-6160.0
churn,xgb,200,5,0.2,0.45,-12390.0,-8260.0
churn,xgb,200,5,0.2,0.5,-15300.0,-10200.0
churn,xgb,200,5,0.3,0.05,6870.0,4580.0
churn,xgb,200,5,0.3,0.1,9420.0,6280.0
churn,xgb,200,5,0.3,0.15,11070.0,7380.0
churn,xgb,200,5,0.3,0.2,10380.0,6920.0
churn,xgb,200,5,0.3,0.25,8430.0,5620.0
churn,xgb,200,5,0.3,0.3,6480.0,4320.0
churn,xgb,200,5,0.3,0.35,4170.0,2780.0
churn,xgb,200,5,0.3,0.4,1140.0,760.0
churn,xgb,200,5,0.3,0.45,-1710.0,-1140.0
churn,xgb,200,5,0.3,0.5,-4200.0,-2800.0
churn,logreg,200,5,0.1,0.05,-1770.0,-1180.0
churn,logreg,200,5,0.1,0.1,-3600.0,-2400.0
churn,logreg,200,5,0.1,0.15,-6150.0,-4100.0
churn,logreg,200,5,0.1,0.2,-8820.0,-5880.0
churn,logreg,200,5,0.1,0.25,-11490.0,-7660.0
churn,logreg,200,5,0.1,0.3,-14040.0,-9360.0
churn,logreg,200,5,0.1,0.35,-17070.0,-11380.0
churn,logreg,200,5,0.1,0.4,-20220.0,-13480.0
churn,logreg,200,5,0.1,0.45,-23670.0,-15780.0
churn,logreg,200,5,0.1,0.5,-26940.0,-17960.0
churn,logreg,200,5,0.2,0.05,210.0,140.0
churn,logreg,200,5,0.2,0.1,300.0,200.0
churn,logreg,200,5,0.2,0.15,-1050.0,-700.0
churn,logreg,200,5,0.2,0.2,-2640.0,-1760.0
churn,logreg,200,5,0.2,0.25,-4230.0,-2820.0
churn,logreg,200,5,0.2,0.3,-5580.0,-3720.0
churn,logreg,200,5,0.2,0.35,-7890.0,-5260.0
churn,logreg,200,5,0.2,0.4,-10440.0,-6960.0
churn,logreg,200,5,0.2,0.45,-13590.0,-9060.0
churn,logreg,200,5,0.2,0.5,-16380.0,-10920.0
churn,logreg,200,5,0.3,0.05,2190.0,1460.0
churn,logreg,200,5,0.3,0.1,4200.0,2800.0
churn,logreg,200,5,0.3,0.15,4050.0,2700.0
churn,logreg,200,5,0.3,0.2,3540.0,2360.0
churn,logreg,200,5,0.3,0.25,3030.0,2020.0
churn,logreg,200,5,0.3,0.3,2880.0,1920.0
churn,logreg,200,5,0.3,0.35,1290.0,860.0
churn,logreg,200,5,0.3,0.4,-660.0,-440.0
churn,logreg,200,5,0.3,0.45,-3510.0,-2340.0
churn,logreg,200,5,0.3,0.5,-5820.0,-3880.0
churn,random,200,5,0.1,0.05,-3114.0,-2076.0
churn,random,200,5,0.1,0.1,-6228.0,-4152.0
churn,random,200,5,0.1,0.15,-9342.0,-6228.0
churn,random,200,5,0.1,0.2,-12456.0,-8304.0
churn,random,200,5,0.1,0.25,-15570.0,-10380.0
churn,random,200,5,0.1,0.3,-18684.0,-12456.0
churn,random,200,5,0.1,0.35,-21798.0,-14532.0
churn,random,200,5,0.1,0.4,-24912.0,-16608.0
churn,random,200,5,0.1,0.45,-28026.0,-18684.0
churn,random,200,5,0.1,0.5,-31140.0,-20760.0
churn,random,200,5,0.2,0.05,-2478.0,-1652.0
churn,random,200,5,0.2,0.1,-4956.0,-3304.0
churn,random,200,5,0.2,0.15,-7434.0,-4956.0
churn,random,200,5,0.2,0.2,-9912.0,-6608.0
churn,random,200,5,0.2,0.25,-12390.0,-8260.0
churn,random,200,5,0.2,0.3,-14868.0,-9912.0
churn,random,200,5,0.2,0.35,-17346.0,-11564.0
churn,random,200,5,0.2,0.4,-19824.0,-13216.0
churn,random,200,5,0.2,0.45,-22302.0,-14868.0
churn,random,200,5,0.2,0.5,-24780.0,-16520.0
churn,random,200,5,0.3,0.05,-1842.0,-1228.0
churn,random,200,5,0.3,0.1,-3684.0,-2456.0
churn,random,200,5,0.3,0.15,-5526.0,-3684.0
churn,random,200,5,0.3,0.2,-7368.0,-4912.0
churn,random,200,5,0.3,0.25,-9210.0,-6140.0
churn,random,200,5,0.3,0.3,-11052.0,-7368.0
churn,random,200,5,0.3,0.35,-12894.0,-8596.0
churn,random,200,5,0.3,0.4,-14736.0,-9824.0
churn,random,200,5,0.3,0.45,-16578.0,-11052.0
churn,random,200,5,0.3,0.5,-18420.0,-12280.0
churn,tabpfn,200,6,0.1,0.05,-30.0,-20.0
churn,tabpfn,200,6,0.1,0.1,-1020.0,-680.0
churn,tabpfn,200,6,0.1,0.15,-2730.0,-1820.0
churn,tabpfn,200,6,0.1,0.2,-5100.0,-3400.0
churn,tabpfn,200,6,0.1,0.25,-8130.0,-5420.0
churn,tabpfn,200,6,0.1,0.3,-11460.0,-7640.0
churn,tabpfn,200,6,0.1,0.35,-14970.0,-9980.0
churn,tabpfn,200,6,0.1,0.4,-18360.0,-12240.0
churn,tabpfn,200,6,0.1,0.45,-21990.0,-14660.0
churn,tabpfn,200,6,0.1,0.5,-25620.0,-17080.0
churn,tabpfn,200,6,0.2,0.05,3690.0,2460.0
churn,tabpfn,200,6,0.2,0.1,5460.0,3640.0
churn,tabpfn,200,6,0.2,0.15,5790.0,3860.0
churn,tabpfn,200,6,0.2,0.2,4800.0,3200.0
churn,tabpfn,200,6,0.2,0.25,2490.0,1660.0
churn,tabpfn,200,6,0.2,0.3,-420.0,-280.0
churn,tabpfn,200,6,0.2,0.35,-3690.0,-2460.0
churn,tabpfn,200,6,0.2,0.4,-6720.0,-4480.0
churn,tabpfn,200,6,0.2,0.45,-10230.0,-6820.0
churn,tabpfn,200,6,0.2,0.5,-13740.0,-9160.0
churn,tabpfn,200,6,0.3,0.05,7410.0,4940.0
churn,tabpfn,200,6,0.3,0.1,11940.0,7960.0
churn,tabpfn,200,6,0.3,0.15,14310.0,9540.0
churn,tabpfn,200,6,0.3,0.2,14700.0,9800.0
churn,tabpfn,200,6,0.3,0.25,13110.0,8740.0
churn,tabpfn,200,6,0.3,0.3,10620.0,7080.0
churn,tabpfn,200,6,0.3,0.35,7590.0,5060.0
churn,tabpfn,200,6,0.3,0.4,4920.0,3280.0
churn,tabpfn,200,6,0.3,0.45,1530.0,1020.0
churn,tabpfn,200,6,0.3,0.5,-1860.0,-1240.0
churn,xgb_optuna,200,6,0.1,0.05,-1950.0,-1300.0
churn,xgb_optuna,200,6,0.1,0.1,-4680.0,-3120.0
churn,xgb_optuna,200,6,0.1,0.15,-7410.0,-4940.0
churn,xgb_optuna,200,6,0.1,0.2,-10440.0,-6960.0
churn,xgb_optuna,200,6,0.1,0.25,-13590.0,-9060.0
churn,xgb_optuna,200,6,0.1,0.3,-16440.0,-10960.0
churn,xgb_optuna,200,6,0.1,0.35,-19590.0,-13060.0
churn,xgb_optuna,200,6,0.1,0.4,-22680.0,-15120.0
churn,xgb_optuna,200,6,0.1,0.45,-25830.0,-17220.0
churn,xgb_optuna,200,6,0.1,0.5,-28920.0,-19280.0
churn,xgb_optuna,200,6,0.2,0.05,-150.0,-100.0
churn,xgb_optuna,200,6,0.2,0.1,-1860.0,-1240.0
churn,xgb_optuna,200,6,0.2,0.15,-3570.0,-2380.0
churn,xgb_optuna,200,6,0.2,0.2,-5880.0,-3920.0
churn,xgb_optuna,200,6,0.2,0.25,-8430.0,-5620.0
churn,xgb_optuna,200,6,0.2,0.3,-10380.0,-6920.0
churn,xgb_optuna,200,6,0.2,0.35,-12930.0,-8620.0
churn,xgb_optuna,200,6,0.2,0.4,-15360.0,-10240.0
churn,xgb_optuna,200,6,0.2,0.45,-17910.0,-11940.0
churn,xgb_optuna,200,6,0.2,0.5,-20340.0,-13560.0
churn,xgb_optuna,200,6,0.3,0.05,1650.0,1100.0
churn,xgb_optuna,200,6,0.3,0.1,960.0,640.0
churn,xgb_optuna,200,6,0.3,0.15,270.0,180.0
churn,xgb_optuna,200,6,0.3,0.2,-1320.0,-880.0
churn,xgb_optuna,200,6,0.3,0.25,-3270.0,-2180.0
churn,xgb_optuna,200,6,0.3,0.3,-4320.0,-2880.0
churn,xgb_optuna,200,6,0.3,0.35,-6270.0,-4180.0
churn,xgb_optuna,200,6,0.3,0.4,-8040.0,-5360.0
churn,xgb_optuna,200,6,0.3,0.45,-9990.0,-6660.0
churn,xgb_optuna,200,6,0.3,0.5,-11760.0,-7840.0
churn,xgb,200,6,0.1,0.05,-30.0,-20.0
churn,xgb,200,6,0.1,0.1,-1320.0,-880.0
churn,xgb,200,6,0.1,0.15,-4110.0,-2740.0
churn,xgb,200,6,0.1,0.2,-6780.0,-4520.0
churn,xgb,200,6,0.1,0.25,-10050.0,-6700.0
churn,xgb,200,6,0.1,0.3,-13500.0,-9000.0
churn,xgb,200,6,0.1,0.35,-16830.0,-11220.0
churn,xgb,200,6,0.1,0.4,-19800.0,-13200.0
churn,xgb,200,6,0.1,0.45,-23190.0,-15460.0
churn,xgb,200,6,0.1,0.5,-26580.0,-17720.0
churn,xgb,200,6,0.2,0.05,3690.0,2460.0
churn,xgb,200,6,0.2,0.1,4860.0,3240.0
churn,xgb,200,6,0.2,0.15,3030.0,2020.0
churn,xgb,200,6,0.2,0.2,1440.0,960.0
churn,xgb,200,6,0.2,0.25,-1350.0,-900.0
churn,xgb,200,6,0.2,0.3,-4500.0,-3000.0
churn,xgb,200,6,0.2,0.35,-7410.0,-4940.0
churn,xgb,200,6,0.2,0.4,-9600.0,-6400.0
churn,xgb,200,6,0.2,0.45,-12630.0,-8420.0
churn,xgb,200,6,0.2,0.5,-15660.0,-10440.0
churn,xgb,200,6,0.3,0.05,7410.0,4940.0
churn,xgb,200,6,0.3,0.1,11040.0,7360.0
churn,xgb,200,6,0.3,0.15,10170.0,6780.0
churn,xgb,200,6,0.3,0.2,9660.0,6440.0
churn,xgb,200,6,0.3,0.25,7350.0,4900.0
churn,xgb,200,6,0.3,0.3,4500.0,3000.0
churn,xgb,200,6,0.3,0.35,2010.0,1340.0
churn,xgb,200,6,0.3,0.4,600.0,400.0
churn,xgb,200,6,0.3,0.45,-2070.0,-1380.0
churn,xgb,200,6,0.3,0.5,-4740.0,-3160.0
churn,logreg,200,6,0.1,0.05,-810.0,-540.0
churn,logreg,200,6,0.1,0.1,-3480.0,-2320.0
churn,logreg,200,6,0.1,0.15,-5970.0,-3980.0
churn,logreg,200,6,0.1,0.2,-8880.0,-5920.0
churn,logreg,200,6,0.1,0.25,-11850.0,-7900.0
churn,logreg,200,6,0.1,0.3,-14880.0,-9920.0
churn,logreg,200,6,0.1,0.35,-18090.0,-12060.0
churn,logreg,200,6,0.1,0.4,-21300.0,-14200.0
churn,logreg,200,6,0.1,0.45,-24570.0,-16379.999999999998
churn,logreg,200,6,0.1,0.5,-27780.0,-18520.0
churn,logreg,200,6,0.2,0.05,2130.0,1420.0
churn,logreg,200,6,0.2,0.1,540.0,360.0
churn,logreg,200,6,0.2,0.15,-690.0,-460.0
churn,logreg,200,6,0.2,0.2,-2760.0,-1840.0
churn,logreg,200,6,0.2,0.25,-4950.0,-3300.0
churn,logreg,200,6,0.2,0.3,-7260.0,-4840.0
churn,logreg,200,6,0.2,0.35,-9930.0,-6620.0
churn,logreg,200,6,0.2,0.4,-12600.0,-8400.0
churn,logreg,200,6,0.2,0.45,-15390.0,-10260.0
churn,logreg,200,6,0.2,0.5,-18060.0,-12040.0
churn,logreg,200,6,0.3,0.05,5070.0,3380.0
churn,logreg,200,6,0.3,0.1,4560.0,3040.0
churn,logreg,200,6,0.3,0.15,4590.0,3060.0
churn,logreg,200,6,0.3,0.2,3360.0,2240.0
churn,logreg,200,6,0.3,0.25,1950.0,1300.0
churn,logreg,200,6,0.3,0.3,360.0,240.0
churn,logreg,200,6,0.3,0.35,-1770.0,-1180.0
churn,logreg,200,6,0.3,0.4,-3900.0,-2600.0
churn,logreg,200,6,0.3,0.45,-6210.0,-4140.0
churn,logreg,200,6,0.3,0.5,-8340.0,-5560.0
churn,random,200,6,0.1,0.05,-3114.0,-2076.0
churn,random,200,6,0.1,0.1,-6228.0,-4152.0
churn,random,200,6,0.1,0.15,-9342.0,-6228.0
churn,random,200,6,0.1,0.2,-12456.0,-8304.0
churn,random,200,6,0.1,0.25,-15570.0,-10380.0
churn,random,200,6,0.1,0.3,-18684.0,-12456.0
churn,random,200,6,0.1,0.35,-21798.0,-14532.0
churn,random,200,6,0.1,0.4,-24912.0,-16608.0
churn,random,200,6,0.1,0.45,-28026.0,-18684.0
churn,random,200,6,0.1,0.5,-31140.0,-20760.0
churn,random,200,6,0.2,0.05,-2478.0,-1652.0
churn,random,200,6,0.2,0.1,-4956.0,-3304.0
churn,random,200,6,0.2,0.15,-7434.0,-4956.0
churn,random,200,6,0.2,0.2,-9912.0,-6608.0
churn,random,200,6,0.2,0.25,-12390.0,-8260.0
churn,random,200,6,0.2,0.3,-14868.0,-9912.0
churn,random,200,6,0.2,0.35,-17346.0,-11564.0
churn,random,200,6,0.2,0.4,-19824.0,-13216.0
churn,random,200,6,0.2,0.45,-22302.0,-14868.0
churn,random,200,6,0.2,0.5,-24780.0,-16520.0
churn,random,200,6,0.3,0.05,-1842.0,-1228.0
churn,random,200,6,0.3,0.1,-3684.0,-2456.0
churn,random,200,6,0.3,0.15,-5526.0,-3684.0
churn,random,200,6,0.3,0.2,-7368.0,-4912.0
churn,random,200,6,0.3,0.25,-9210.0,-6140.0
churn,random,200,6,0.3,0.3,-11052.0,-7368.0
churn,random,200,6,0.3,0.35,-12894.0,-8596.0
churn,random,200,6,0.3,0.4,-14736.0,-9824.0
churn,random,200,6,0.3,0.45,-16578.0,-11052.0
churn,random,200,6,0.3,0.5,-18420.0,-12280.0
churn,tabpfn,200,7,0.1,0.05,-150.0,-100.0
churn,tabpfn,200,7,0.1,0.1,-1920.0,-1280.0
churn,tabpfn,200,7,0.1,0.15,-3990.0,-2660.0
churn,tabpfn,200,7,0.1,0.2,-6060.0,-4040.0
churn,tabpfn,200,7,0.1,0.25,-8430.0,-5620.0
churn,tabpfn,200,7,0.1,0.3,-11640.0,-7760.0
churn,tabpfn,200,7,0.1,0.35,-15270.0,-10180.0
churn,tabpfn,200,7,0.1,0.4,-18720.0,-12480.0
churn,tabpfn,200,7,0.1,0.45,-22350.0,-14900.0
churn,tabpfn,200,7,0.1,0.5,-25920.0,-17280.0
churn,tabpfn,200,7,0.2,0.05,3450.0,2300.0
churn,tabpfn,200,7,0.2,0.1,3660.0,2440.0
churn,tabpfn,200,7,0.2,0.15,3270.0,2180.0
churn,tabpfn,200,7,0.2,0.2,2880.0,1920.0
churn,tabpfn,200,7,0.2,0.25,1890.0,1260.0
churn,tabpfn,200,7,0.2,0.3,-780.0,-520.0
churn,tabpfn,200,7,0.2,0.35,-4290.0,-2860.0
churn,tabpfn,200,7,0.2,0.4,-7440.0,-4960.0
churn,tabpfn,200,7,0.2,0.45,-10950.0,-7300.0
churn,tabpfn,200,7,0.2,0.5,-14340.0,-9560.0
churn,tabpfn,200,7,0.3,0.05,7050.0,4700.0
churn,tabpfn,200,7,0.3,0.1,9240.0,6160.0
churn,tabpfn,200,7,0.3,0.15,10530.0,7020.0
churn,tabpfn,200,7,0.3,0.2,11820.0,7880.0
churn,tabpfn,200,7,0.3,0.25,12210.0,8140.000000000001
churn,tabpfn,200,7,0.3,0.3,10080.0,6720.0
churn,tabpfn,200,7,0.3,0.35,6690.0,4460.0
churn,tabpfn,200,7,0.3,0.4,3840.0,2560.0
churn,tabpfn,200,7,0.3,0.45,450.0,300.0
churn,tabpfn,200,7,0.3,0.5,-2760.0,-1840.0
churn,xgb_optuna,200,7,0.1,0.05,-690.0,-460.0
churn,xgb_optuna,200,7,0.1,0.1,-2520.0,-1680.0
churn,xgb_optuna,200,7,0.1,0.15,-4770.0,-3180.0
churn,xgb_optuna,200,7,0.1,0.2,-7140.0,-4760.0
churn,xgb_optuna,200,7,0.1,0.25,-9450.0,-6300.0
churn,xgb_optuna,200,7,0.1,0.3,-12420.0,-8280.0
churn,xgb_optuna,200,7,0.1,0.35,-15690.0,-10460.0
churn,xgb_optuna,200,7,0.1,0.4,-19260.0,-12840.0
churn,xgb_optuna,200,7,0.1,0.45,-22830.0,-15220.0
churn,xgb_optuna,200,7,0.1,0.5,-26340.0,-17560.0
churn,xgb_optuna,200,7,0.2,0.05,2370.0,1580.0
churn,xgb_optuna,200,7,0.2,0.1,2460.0,1640.0
churn,xgb_optuna,200,7,0.2,0.15,1710.0,1140.0
churn,xgb_optuna,200,7,0.2,0.2,720.0,480.0
churn,xgb_optuna,200,7,0.2,0.25,-150.0,-100.0
churn,xgb_optuna,200,7,0.2,0.3,-2340.0,-1560.0
churn,xgb_optuna,200,7,0.2,0.35,-5130.0,-3420.0
churn,xgb_optuna,200,7,0.2,0.4,-8520.0,-5680.0
churn,xgb_optuna,200,7,0.2,0.45,-11910.0,-7940.0
churn,xgb_optuna,200,7,0.2,0.5,-15180.0,-10120.0
churn,xgb_optuna,200,7,0.3,0.05,5430.0,3620.0
churn,xgb_optuna,200,7,0.3,0.1,7440.0,4960.0
churn,xgb_optuna,200,7,0.3,0.15,8190.0,5460.0
churn,xgb_optuna,200,7,0.3,0.2,8580.0,5720.0
churn,xgb_optuna,200,7,0.3,0.25,9150.0,6100.0
churn,xgb_optuna,200,7,0.3,0.3,7740.0,5160.0
churn,xgb_optuna,200,7,0.3,0.35,5430.0,3620.0
churn,xgb_optuna,200,7,0.3,0.4,2220.0,1480.0
churn,xgb_optuna,200,7,0.3,0.45,-990.0,-660.0
churn,xgb_optuna,200,7,0.3,0.5,-4020.0,-2680.0
churn,xgb,200,7,0.1,0.05,-690.0,-460.0
churn,xgb,200,7,0.1,0.1,-2520.0,-1680.0
churn,xgb,200,7,0.1,0.15,-5010.0,-3340.0
churn,xgb,200,7,0.1,0.2,-7620.0,-5080.0
churn,xgb,200,7,0.1,0.25,-10530.0,-7020.0
churn,xgb,200,7,0.1,0.3,-13740.0,-9160.0
churn,xgb,200,7,0.1,0.35,-16770.0,-11180.0
churn,xgb,200,7,0.1,0.4,-19860.0,-13240.0
churn,xgb,200,7,0.1,0.45,-23070.0,-15380.0
churn,xgb,200,7,0.1,0.5,-26160.0,-17440.0
churn,xgb,200,7,0.2,0.05,2370.0,1580.0
churn,xgb,200,7,0.2,0.1,2460.0,1640.0
churn,xgb,200,7,0.2,0.15,1230.0,820.0
churn,xgb,200,7,0.2,0.2,-240.0,-160.0
churn,xgb,200,7,0.2,0.25,-2310.0,-1540.0
churn,xgb,200,7,0.2,0.3,-4980.0,-3320.0
churn,xgb,200,7,0.2,0.35,-7290.0,-4860.0
churn,xgb,200,7,0.2,0.4,-9720.0,-6480.0
churn,xgb,200,7,0.2,0.45,-12390.0,-8260.0
churn,xgb,200,7,0.2,0.5,-14820.0,-9880.0
churn,xgb,200,7,0.3,0.05,5430.0,3620.0
churn,xgb,200,7,0.3,0.1,7440.0,4960.0
churn,xgb,200,7,0.3,0.15,7470.0,4980.0
churn,xgb,200,7,0.3,0.2,7140.0,4760.0
churn,xgb,200,7,0.3,0.25,5910.0,3940.0
churn,xgb,200,7,0.3,0.3,3780.0,2520.0
churn,xgb,200,7,0.3,0.35,2190.0,1460.0
churn,xgb,200,7,0.3,0.4,420.0,280.0
churn,xgb,200,7,0.3,0.45,-1710.0,-1140.0
churn,xgb,200,7,0.3,0.5,-3480.0,-2320.0
churn,logreg,200,7,0.1,0.05,-1170.0,-780.0
churn,logreg,200,7,0.1,0.1,-3240.0,-2160.0
churn,logreg,200,7,0.1,0.15,-5370.0,-3580.0
churn,logreg,200,7,0.1,0.2,-8640.0,-5760.0
churn,logreg,200,7,0.1,0.25,-11550.0,-7700.0
churn,logreg,200,7,0.1,0.3,-14400.0,-9600.0
churn,logreg,200,7,0.1,0.35,-17490.0,-11660.0
churn,logreg,200,7,0.1,0.4,-20580.0,-13720.0
churn,logreg,200,7,0.1,0.45,-23850.0,-15900.0
churn,logreg,200,7,0.1,0.5,-27300.0,-18200.0
churn,logreg,200,7,0.2,0.05,1410.0,940.0
churn,logreg,200,7,0.2,0.1,1020.0,680.0
churn,logreg,200,7,0.2,0.15,510.0,340.0
churn,logreg,200,7,0.2,0.2,-2280.0,-1520.0
churn,logreg,200,7,0.2,0.25,-4350.0,-2900.0
churn,logreg,200,7,0.2,0.3,-6300.0,-4200.0
churn,logreg,200,7,0.2,0.35,-8730.0,-5820.0
churn,logreg,200,7,0.2,0.4,-11160.0,-7440.0
churn,logreg,200,7,0.2,0.45,-13950.0,-9300.0
churn,logreg,200,7,0.2,0.5,-17100.0,-11400.0
churn,logreg,200,7,0.3,0.05,3990.0,2660.0
churn,logreg,200,7,0.3,0.1,5280.0,3520.0
churn,logreg,200,7,0.3,0.15,6390.0,4260.0
churn,logreg,200,7,0.3,0.2,4080.0,2720.0
churn,logreg,200,7,0.3,0.25,2850.0,1900.0
churn,logreg,200,7,0.3,0.3,1800.0,1200.0
churn,logreg,200,7,0.3,0.35,30.0,20.0
churn,logreg,200,7,0.3,0.4,-1740.0,-1160.0
churn,logreg,200,7,0.3,0.45,-4050.0,-2700.0
churn,logreg,200,7,0.3,0.5,-6900.0,-4600.0
churn,random,200,7,0.1,0.05,-3114.0,-2076.0
churn,random,200,7,0.1,0.1,-6228.0,-4152.0
churn,random,200,7,0.1,0.15,-9342.0,-6228.0
churn,random,200,7,0.1,0.2,-12456.0,-8304.0
churn,random,200,7,0.1,0.25,-15570.0,-10380.0
churn,random,200,7,0.1,0.3,-18684.0,-12456.0
churn,random,200,7,0.1,0.35,-21798.0,-14532.0
churn,random,200,7,0.1,0.4,-24912.0,-16608.0
churn,random,200,7,0.1,0.45,-28026.0,-18684.0
churn,random,200,7,0.1,0.5,-31140.0,-20760.0
churn,random,200,7,0.2,0.05,-2478.0,-1652.0
churn,random,200,7,0.2,0.1,-4956.0,-3304.0
churn,random,200,7,0.2,0.15,-7434.0,-4956.0
churn,random,200,7,0.2,0.2,-9912.0,-6608.0
churn,random,200,7,0.2,0.25,-12390.0,-8260.0
churn,random,200,7,0.2,0.3,-14868.0,-9912.0
churn,random,200,7,0.2,0.35,-17346.0,-11564.0
churn,random,200,7,0.2,0.4,-19824.0,-13216.0
churn,random,200,7,0.2,0.45,-22302.0,-14868.0
churn,random,200,7,0.2,0.5,-24780.0,-16520.0
churn,random,200,7,0.3,0.05,-1842.0,-1228.0
churn,random,200,7,0.3,0.1,-3684.0,-2456.0
churn,random,200,7,0.3,0.15,-5526.0,-3684.0
churn,random,200,7,0.3,0.2,-7368.0,-4912.0
churn,random,200,7,0.3,0.25,-9210.0,-6140.0
churn,random,200,7,0.3,0.3,-11052.0,-7368.0
churn,random,200,7,0.3,0.35,-12894.0,-8596.0
churn,random,200,7,0.3,0.4,-14736.0,-9824.0
churn,random,200,7,0.3,0.45,-16578.0,-11052.0
churn,random,200,7,0.3,0.5,-18420.0,-12280.0
churn,tabpfn,200,8,0.1,0.05,150.0,100.0
churn,tabpfn,200,8,0.1,0.1,-720.0,-480.0
churn,tabpfn,200,8,0.1,0.15,-2670.0,-1780.0
churn,tabpfn,200,8,0.1,0.2,-5460.0,-3640.0
churn,tabpfn,200,8,0.1,0.25,-8130.0,-5420.0
churn,tabpfn,200,8,0.1,0.3,-11460.0,-7640.0
churn,tabpfn,200,8,0.1,0.35,-14850.0,-9900.0
churn,tabpfn,200,8,0.1,0.4,-18420.0,-12280.0
churn,tabpfn,200,8,0.1,0.45,-22110.0,-14740.0
churn,tabpfn,200,8,0.1,0.5,-25800.0,-17200.0
churn,tabpfn,200,8,0.2,0.05,4050.0,2700.0
churn,tabpfn,200,8,0.2,0.1,6060.0,4040.0
churn,tabpfn,200,8,0.2,0.15,5910.0,3940.0
churn,tabpfn,200,8,0.2,0.2,4080.0,2720.0
churn,tabpfn,200,8,0.2,0.25,2490.0,1660.0
churn,tabpfn,200,8,0.2,0.3,-420.0,-280.0
churn,tabpfn,200,8,0.2,0.35,-3450.0,-2300.0
churn,tabpfn,200,8,0.2,0.4,-6840.0,-4560.0
churn,tabpfn,200,8,0.2,0.45,-10470.0,-6980.0
churn,tabpfn,200,8,0.2,0.5,-14100.0,-9400.0
churn,tabpfn,200,8,0.3,0.05,7950.0,5300.0
churn,tabpfn,200,8,0.3,0.1,12840.0,8560.0
churn,tabpfn,200,8,0.3,0.15,14490.0,9660.0
churn,tabpfn,200,8,0.3,0.2,13620.0,9080.0
churn,tabpfn,200,8,0.3,0.25,13110.0,8740.0
churn,tabpfn,200,8,0.3,0.3,10620.0,7080.0
churn,tabpfn,200,8,0.3,0.35,7950.0,5300.0
churn,tabpfn,200,8,0.3,0.4,4740.0,3160.0
churn,tabpfn,200,8,0.3,0.45,1170.0,780.0
churn,tabpfn,200,8,0.3,0.5,-2400.0,-1600.0
churn,xgb_optuna,200,8,0.1,0.05,-630.0,-420.0
churn,xgb_optuna,200,8,0.1,0.1,-1920.0,-1280.0
churn,xgb_optuna,200,8,0.1,0.15,-3870.0,-2580.0
churn,xgb_optuna,200,8,0.1,0.2,-6480.0,-4320.0
churn,xgb_optuna,200,8,0.1,0.25,-9450.0,-6300.0
churn,xgb_optuna,200,8,0.1,0.3,-11940.0,-7960.0
churn,xgb_optuna,200,8,0.1,0.35,-15270.0,-10180.0
churn,xgb_optuna,200,8,0.1,0.4,-18600.0,-12400.0
churn,xgb_optuna,200,8,0.1,0.45,-22050.0,-14700.0
churn,xgb_optuna,200,8,0.1,0.5,-25620.0,-17080.0
churn,xgb_optuna,200,8,0.2,0.05,2490.0,1660.0
churn,xgb_optuna,200,8,0.2,0.1,3660.0,2440.0
churn,xgb_optuna,200,8,0.2,0.15,3510.0,2340.0
churn,xgb_optuna,200,8,0.2,0.2,2040.0,1360.0
churn,xgb_optuna,200,8,0.2,0.25,-150.0,-100.0
churn,xgb_optuna,200,8,0.2,0.3,-1380.0,-920.0
churn,xgb_optuna,200,8,0.2,0.35,-4290.0,-2860.0
churn,xgb_optuna,200,8,0.2,0.4,-7200.0,-4800.0
churn,xgb_optuna,200,8,0.2,0.45,-10350.0,-6900.0
churn,xgb_optuna,200,8,0.2,0.5,-13740.0,-9160.0
churn,xgb_optuna,200,8,0.3,0.05,5610.0,3740.0
churn,xgb_optuna,200,8,0.3,0.1,9240.0,6160.0
churn,xgb_optuna,200,8,0.3,0.15,10890.0,7260.0
churn,xgb_optuna,200,8,0.3,0.2,10560.0,7040.0
churn,xgb_optuna,200,8,0.3,0.25,9150.0,6100.0
churn,xgb_optuna,200,8,0.3,0.3,9180.0,6120.0
churn,xgb_optuna,200,8,0.3,0.35,6690.0,4460.0
churn,xgb_optuna,200,8,0.3,0.4,4200.0,2800.0
churn,xgb_optuna,200,8,0.3,0.45,1350.0,900.0
churn,xgb_optuna,200,8,0.3,0.5,-1860.0,-1240.0
churn,xgb,200,8,0.1,0.05,-1050.0,-700.0
churn,xgb,200,8,0.1,0.1,-2940.0,-1960.0
churn,xgb,200,8,0.1,0.15,-4830.0,-3220.0
churn,xgb,200,8,0.1,0.2,-7320.0,-4880.0
churn,xgb,200,8,0.1,0.25,-9690.0,-6460.0
churn,xgb,200,8,0.1,0.3,-12540.0,-8360.0
churn,xgb,200,8,0.1,0.35,-15750.0,-10500.0
churn,xgb,200,8,0.1,0.4,-19140.0,-12760.0
churn,xgb,200,8,0.1,0.45,-22590.0,-15060.0
churn,xgb,200,8,0.1,0.5,-26040.0,-17360.0
churn,xgb,200,8,0.2,0.05,1650.0,1100.0
churn,xgb,200,8,0.2,0.1,1620.0,1080.0
churn,xgb,200,8,0.2,0.15,1590.0,1060.0
churn,xgb,200,8,0.2,0.2,360.0,240.0
churn,xgb,200,8,0.2,0.25,-630.0,-420.0
churn,xgb,200,8,0.2,0.3,-2580.0,-1720.0
churn,xgb,200,8,0.2,0.35,-5250.0,-3500.0
churn,xgb,200,8,0.2,0.4,-8280.0,-5520.0
churn,xgb,200,8,0.2,0.45,-11430.0,-7620.0
churn,xgb,200,8,0.2,0.5,-14580.0,-9720.0
churn,xgb,200,8,0.3,0.05,4350.0,2900.0
churn,xgb,200,8,0.3,0.1,6180.0,4120.0
churn,xgb,200,8,0.3,0.15,8010.0,5340.0
churn,xgb,200,8,0.3,0.2,8040.0,5360.0
churn,xgb,200,8,0.3,0.25,8430.0,5620.0
churn,xgb,200,8,0.3,0.3,7380.0,4920.0
churn,xgb,200,8,0.3,0.35,5250.0,3500.0
churn,xgb,200,8,0.3,0.4,2580.0,1720.0
churn,xgb,200,8,0.3,0.45,-270.0,-180.0
churn,xgb,200,8,0.3,0.5,-3120.0,-2080.0
churn,logreg,200,8,0.1,0.05,-1230.0,-820.0
churn,logreg,200,8,0.1,0.1,-3600.0,-2400.0
churn,logreg,200,8,0.1,0.15,-5670.0,-3780.0
churn,logreg,200,8,0.1,0.2,-8340.0,-5560.0
churn,logreg,200,8,0.1,0.25,-10770.0,-7180.0
churn,logreg,200,8,0.1,0.3,-13620.0,-9080.0
churn,logreg,200,8,0.1,0.35,-16890.0,-11260.0
churn,logreg,200,8,0.1,0.4,-19860.0,-13240.0
churn,logreg,200,8,0.1,0.45,-23250.0,-15500.0
churn,logreg,200,8,0.1,0.5,-26700.0,-17800.0
churn,logreg,200,8,0.2,0.05,1290.0,860.0
churn,logreg,200,8,0.2,0.1,300.0,200.0
churn,logreg,200,8,0.2,0.15,-90.0,-60.0
churn,logreg,200,8,0.2,0.2,-1680.0,-1120.0
churn,logreg,200,8,0.2,0.25,-2790.0,-1860.0
churn,logreg,200,8,0.2,0.3,-4740.0,-3160.0
churn,logreg,200,8,0.2,0.35,-7530.0,-5020.0
churn,logreg,200,8,0.2,0.4,-9720.0,-6480.0
churn,logreg,200,8,0.2,0.45,-12750.0,-8500.0
churn,logreg,200,8,0.2,0.5,-15900.0,-10600.0
churn,logreg,200,8,0.3,0.05,3810.0,2540.0
churn,logreg,200,8,0.3,0.1,4200.0,2800.0
churn,logreg,200,8,0.3,0.15,5490.0,3660.0
churn,logreg,200,8,0.3,0.2,4980.0,3320.0
churn,logreg,200,8,0.3,0.25,5190.0,3460.0
churn,logreg,200,8,0.3,0.3,4140.0,2760.0
churn,logreg,200,8,0.3,0.35,1830.0,1220.0
churn,logreg,200,8,0.3,0.4,420.0,280.0
churn,logreg,200,8,0.3,0.45,-2250.0,-1500.0
churn,logreg,200,8,0.3,0.5,-5100.0,-3400.0
churn,random,200,8,0.1,0.05,-3114.0,-2076.0
churn,random,200,8,0.1,0.1,-6228.0,-4152.0
churn,random,200,8,0.1,0.15,-9342.0,-6228.0
churn,random,200,8,0.1,0.2,-12456.0,-8304.0
churn,random,200,8,0.1,0.25,-15570.0,-10380.0
churn,random,200,8,0.1,0.3,-18684.0,-12456.0
churn,random,200,8,0.1,0.35,-21798.0,-14532.0
churn,random,200,8,0.1,0.4,-24912.0,-16608.0
churn,random,200,8,0.1,0.45,-28026.0,-18684.0
churn,random,200,8,0.1,0.5,-31140.0,-20760.0
churn,random,200,8,0.2,0.05,-2478.0,-1652.0
churn,random,200,8,0.2,0.1,-4956.0,-3304.0
churn,random,200,8,0.2,0.15,-7434.0,-4956.0
churn,random,200,8,0.2,0.2,-9912.0,-6608.0
churn,random,200,8,0.2,0.25,-12390.0,-8260.0
churn,random,200,8,0.2,0.3,-14868.0,-9912.0
churn,random,200,8,0.2,0.35,-17346.0,-11564.0
churn,random,200,8,0.2,0.4,-19824.0,-13216.0
churn,random,200,8,0.2,0.45,-22302.0,-14868.0
churn,random,200,8,0.2,0.5,-24780.0,-16520.0
churn,random,200,8,0.3,0.05,-1842.0,-1228.0
churn,random,200,8,0.3,0.1,-3684.0,-2456.0
churn,random,200,8,0.3,0.15,-5526.0,-3684.0
churn,random,200,8,0.3,0.2,-7368.0,-4912.0
churn,random,200,8,0.3,0.25,-9210.0,-6140.0
churn,random,200,8,0.3,0.3,-11052.0,-7368.0
churn,random,200,8,0.3,0.35,-12894.0,-8596.0
churn,random,200,8,0.3,0.4,-14736.0,-9824.0
churn,random,200,8,0.3,0.45,-16578.0,-11052.0
churn,random,200,8,0.3,0.5,-18420.0,-12280.0
churn,tabpfn,200,9,0.1,0.05,90.0,60.0
churn,tabpfn,200,9,0.1,0.1,-1080.0,-720.0
churn,tabpfn,200,9,0.1,0.15,-3450.0,-2300.0
churn,tabpfn,200,9,0.1,0.2,-5940.0,-3960.0
churn,tabpfn,200,9,0.1,0.25,-8250.0,-5500.0
churn,tabpfn,200,9,0.1,0.3,-11760.0,-7840.0
churn,tabpfn,200,9,0.1,0.35,-15030.0,-10020.0
churn,tabpfn,200,9,0.1,0.4,-18660.0,-12440.0
churn,tabpfn,200,9,0.1,0.45,-22230.0,-14820.0
churn,tabpfn,200,9,0.1,0.5,-25860.0,-17240.0
churn,tabpfn,200,9,0.2,0.05,3930.0,2620.0
churn,tabpfn,200,9,0.2,0.1,5340.0,3560.0
churn,tabpfn,200,9,0.2,0.15,4350.0,2900.0
churn,tabpfn,200,9,0.2,0.2,3120.0,2080.0
churn,tabpfn,200,9,0.2,0.25,2250.0,1500.0
churn,tabpfn,200,9,0.2,0.3,-1020.0,-680.0
churn,tabpfn,200,9,0.2,0.35,-3810.0,-2540.0
churn,tabpfn,200,9,0.2,0.4,-7320.0,-4880.0
churn,tabpfn,200,9,0.2,0.45,-10710.0,-7140.0
churn,tabpfn,200,9,0.2,0.5,-14220.0,-9480.0
churn,tabpfn,200,9,0.3,0.05,7770.0,5180.0
churn,tabpfn,200,9,0.3,0.1,11760.0,7840.0
churn,tabpfn,200,9,0.3,0.15,12150.0,8100.0
churn,tabpfn,200,9,0.3,0.2,12180.0,8119.999999999999
churn,tabpfn,200,9,0.3,0.25,12750.0,8500.0
churn,tabpfn,200,9,0.3,0.3,9720.0,6480.0
churn,tabpfn,200,9,0.3,0.35,7410.0,4940.0
churn,tabpfn,200,9,0.3,0.4,4020.0,2680.0
churn,tabpfn,200,9,0.3,0.45,810.0,540.0
churn,tabpfn,200,9,0.3,0.5,-2580.0,-1720.0
churn,xgb_optuna,200,9,0.1,0.05,-690.0,-460.0
churn,xgb_optuna,200,9,0.1,0.1,-2400.0,-1600.0
churn,xgb_optuna,200,9,0.1,0.15,-3810.0,-2540.0
churn,xgb_optuna,200,9,0.1,0.2,-6360.0,-4240.0
churn,xgb_optuna,200,9,0.1,0.25,-9630.0,-6420.0
churn,xgb_optuna,200,9,0.1,0.3,-13020.0,-8680.0
churn,xgb_optuna,200,9,0.1,0.35,-16230.0,-10820.0
churn,xgb_optuna,200,9,0.1,0.4,-19740.0,-13160.0
churn,xgb_optuna,200,9,0.1,0.45,-23130.0,-15420.0
churn,xgb_optuna,200,9,0.1,0.5,-26280.0,-17520.0
churn,xgb_optuna,200,9,0.2,0.05,2370.0,1580.0
churn,xgb_optuna,200,9,0.2,0.1,2700.0,1800.0
churn,xgb_optuna,200,9,0.2,0.15,3630.0,2420.0
churn,xgb_optuna,200,9,0.2,0.2,2280.0,1520.0
churn,xgb_optuna,200,9,0.2,0.25,-510.0,-340.0
churn,xgb_optuna,200,9,0.2,0.3,-3540.0,-2360.0
churn,xgb_optuna,200,9,0.2,0.35,-6210.0,-4140.0
churn,xgb_optuna,200,9,0.2,0.4,-9480.0,-6320.0
churn,xgb_optuna,200,9,0.2,0.45,-12510.0,-8340.0
churn,xgb_optuna,200,9,0.2,0.5,-15060.0,-10040.0
churn,xgb_optuna,200,9,0.3,0.05,5430.0,3620.0
churn,xgb_optuna,200,9,0.3,0.1,7800.0,5200.0
churn,xgb_optuna,200,9,0.3,0.15,11070.0,7380.0
churn,xgb_optuna,200,9,0.3,0.2,10920.0,7280.0
churn,xgb_optuna,200,9,0.3,0.25,8610.0,5740.0
churn,xgb_optuna,200,9,0.3,0.3,5940.0,3960.0
churn,xgb_optuna,200,9,0.3,0.35,3810.0,2540.0
churn,xgb_optuna,200,9,0.3,0.4,780.0,520.0
churn,xgb_optuna,200,9,0.3,0.45,-1890.0,-1260.0
churn,xgb_optuna,200,9,0.3,0.5,-3840.0,-2560.0
churn,xgb,200,9,0.1,0.05,-690.0,-460.0
churn,xgb,200,9,0.1,0.1,-2160.0,-1440.0
churn,xgb,200,9,0.1,0.15,-4410.0,-2940.0
churn,xgb,200,9,0.1,0.2,-7080.0,-4720.0
churn,xgb,200,9,0.1,0.25,-9930.0,-6620.0
churn,xgb,200,9,0.1,0.3,-12900.0,-8600.0
churn,xgb,200,9,0.1,0.35,-15930.0,-10620.0
churn,xgb,200,9,0.1,0.4,-19320.0,-12880.0
churn,xgb,200,9,0.1,0.45,-22830.0,-15220.0
churn,xgb,200,9,0.1,0.5,-26340.0,-17560.0
churn,xgb,200,9,0.2,0.05,2370.0,1580.0
churn,xgb,200,9,0.2,0.1,3180.0,2120.0
churn,xgb,200,9,0.2,0.15,2430.0,1620.0
churn,xgb,200,9,0.2,0.2,840.0,560.0
churn,xgb,200,9,0.2,0.25,-1110.0,-740.0
churn,xgb,200,9,0.2,0.3,-3300.0,-2200.0
churn,xgb,200,9,0.2,0.35,-5610.0,-3740.0
churn,xgb,200,9,0.2,0.4,-8640.0,-5760.0
churn,xgb,200,9,0.2,0.45,-11910.0,-7940.0
churn,xgb,200,9,0.2,0.5,-15180.0,-10120.0
churn,xgb,200,9,0.3,0.05,5430.0,3620.0
churn,xgb,200,9,0.3,0.1,8520.0,5680.0
churn,xgb,200,9,0.3,0.15,9270.0,6180.0
churn,xgb,200,9,0.3,0.2,8760.0,5840.0
churn,xgb,200,9,0.3,0.25,7710.0,5140.0
churn,xgb,200,9,0.3,0.3,6300.0,4200.0
churn,xgb,200,9,0.3,0.35,4710.0,3140.0
churn,xgb,200,9,0.3,0.4,2040.0,1360.0
churn,xgb,200,9,0.3,0.45,-990.0,-660.0
churn,xgb,200,9,0.3,0.5,-4020.0,-2680.0
churn,logreg,200,9,0.1,0.05,-1710.0,-1140.0
churn,logreg,200,9,0.1,0.1,-3660.0,-2440.0
churn,logreg,200,9,0.1,0.15,-5910.0,-3940.0
churn,logreg,200,9,0.1,0.2,-8640.0,-5760.0
churn,logreg,200,9,0.1,0.25,-11250.0,-7500.0
churn,logreg,200,9,0.1,0.3,-13920.0,-9280.0
churn,logreg,200,9,0.1,0.35,-17010.0,-11340.0
churn,logreg,200,9,0.1,0.4,-20220.0,-13480.0
churn,logreg,200,9,0.1,0.45,-23790.0,-15860.0
churn,logreg,200,9,0.1,0.5,-26820.0,-17880.0
churn,logreg,200,9,0.2,0.05,330.0,220.0
churn,logreg,200,9,0.2,0.1,180.0,120.0
churn,logreg,200,9,0.2,0.15,-570.0,-380.0
churn,logreg,200,9,0.2,0.2,-2280.0,-1520.0
churn,logreg,200,9,0.2,0.25,-3750.0,-2500.0
churn,logreg,200,9,0.2,0.3,-5340.0,-3560.0
churn,logreg,200,9,0.2,0.35,-7770.0,-5180.0
churn,logreg,200,9,0.2,0.4,-10440.0,-6960.0
churn,logreg,200,9,0.2,0.45,-13830.0,-9220.0
churn,logreg,200,9,0.2,0.5,-16140.0,-10760.0
churn,logreg,200,9,0.3,0.05,2370.0,1580.0
churn,logreg,200,9,0.3,0.1,4020.0,2680.0
churn,logreg,200,9,0.3,0.15,4770.0,3180.0
churn,logreg,200,9,0.3,0.2,4080.0,2720.0
churn,logreg,200,9,0.3,0.25,3750.0,2500.0
churn,logreg,200,9,0.3,0.3,3240.0,2160.0
churn,logreg,200,9,0.3,0.35,1470.0,980.0
churn,logreg,200,9,0.3,0.4,-660.0,-440.0
churn,logreg,200,9,0.3,0.45,-3870.0,-2580.0
churn,logreg,200,9,0.3,0.5,-5460.0,-3640.0
churn,random,200,9,0.1,0.05,-3114.0,-2076.0
churn,random,200,9,0.1,0.1,-6228.0,-4152.0
churn,random,200,9,0.1,0.15,-9342.0,-6228.0
churn,random,200,9,0.1,0.2,-12456.0,-8304.0
churn,random,200,9,0.1,0.25,-15570.0,-10380.0
churn,random,200,9,0.1,0.3,-18684.0,-12456.0
churn,random,200,9,0.1,0.35,-21798.0,-14532.0
churn,random,200,9,0.1,0.4,-24912.0,-16608.0
churn,random,200,9,0.1,0.45,-28026.0,-18684.0
churn,random,200,9,0.1,0.5,-31140.0,-20760.0
churn,random,200,9,0.2,0.05,-2478.0,-1652.0
churn,random,200,9,0.2,0.1,-4956.0,-3304.0
churn,random,200,9,0.2,0.15,-7434.0,-4956.0
churn,random,200,9,0.2,0.2,-9912.0,-6608.0
churn,random,200,9,0.2,0.25,-12390.0,-8260.0
churn,random,200,9,0.2,0.3,-14868.0,-9912.0
churn,random,200,9,0.2,0.35,-17346.0,-11564.0
churn,random,200,9,0.2,0.4,-19824.0,-13216.0
churn,random,200,9,0.2,0.45,-22302.0,-14868.0
churn,random,200,9,0.2,0.5,-24780.0,-16520.0
churn,random,200,9,0.3,0.05,-1842.0,-1228.0
churn,random,200,9,0.3,0.1,-3684.0,-2456.0
churn,random,200,9,0.3,0.15,-5526.0,-3684.0
churn,random,200,9,0.3,0.2,-7368.0,-4912.0
churn,random,200,9,0.3,0.25,-9210.0,-6140.0
churn,random,200,9,0.3,0.3,-11052.0,-7368.0
churn,random,200,9,0.3,0.35,-12894.0,-8596.0
churn,random,200,9,0.3,0.4,-14736.0,-9824.0
churn,random,200,9,0.3,0.45,-16578.0,-11052.0
churn,random,200,9,0.3,0.5,-18420.0,-12280.0
telco,tabpfn,200,0,0.1,0.05,2276.080000000001,1138.0400000000004
telco,tabpfn,200,0,0.1,0.1,3028.5200000000023,1514.2600000000011
telco,tabpfn,200,0,0.1,0.15,3126.540000000001,1563.2700000000004
telco,tabpfn,200,0,0.1,0.2,3949.5400000000045,1974.7700000000023
telco,tabpfn,200,0,0.1,0.25,1995.2599999999984,997.6299999999992
telco,tabpfn,200,0,0.1,0.3,205.2599999999984,102.6299999999992
telco,tabpfn,200,0,0.1,0.35,-2188.0999999999985,-1094.0499999999993
telco,tabpfn,200,0,0.1,0.4,-3575.2599999999948,-1787.6299999999974
telco,tabpfn,200,0,0.1,0.45,-6561.9000000000015,-3280.9500000000007
telco,tabpfn,200,0,0.1,0.5,-10012.940000000002,-5006.470000000001
telco,tabpfn,200,0,0.2,0.05,9552.160000000002,4776.080000000001
telco,tabpfn,200,0,0.2,0.1,16057.040000000005,8028.520000000002
telco,tabpfn,200,0,0.2,0.15,21253.08,10626.54
telco,tabpfn,200,0,0.2,0.2,27899.08000000001,13949.540000000005
telco,tabpfn,200,0,0.2,0.25,28990.519999999997,14495.259999999998
telco,tabpfn,200,0,0.2,0.3,30410.519999999997,15205.259999999998
telco,tabpfn,200,0,0.2,0.35,30623.800000000003,15311.900000000001
telco,tabpfn,200,0,0.2,0.4,32849.48000000001,16424.740000000005
telco,tabpfn,200,0,0.2,0.45,31876.199999999997,15938.099999999999
telco,tabpfn,200,0,0.2,0.5,29974.119999999995,14987.059999999998
telco,tabpfn,200,0,0.3,0.05,16828.24,8414.12
telco,tabpfn,200,0,0.3,0.1,29085.560000000005,14542.780000000002
telco,tabpfn,200,0,0.3,0.15,39379.619999999995,19689.809999999998
telco,tabpfn,200,0,0.3,0.2,51848.62000000001,25924.310000000005
telco,tabpfn,200,0,0.3,0.25,55985.779999999984,27992.889999999992
telco,tabpfn,200,0,0.3,0.3,60615.779999999984,30307.889999999992
telco,tabpfn,200,0,0.3,0.35,63435.7,31717.85
telco,tabpfn,200,0,0.3,0.4,69274.22,34637.11
telco,tabpfn,200,0,0.3,0.45,70314.3,35157.15
telco,tabpfn,200,0,0.3,0.5,69961.18,34980.59
telco,xgb_optuna,200,0,0.1,0.05,1924.7800000000007,962.3900000000003
telco,xgb_optuna,200,0,0.1,0.1,2386.58,1193.29
telco,xgb_optuna,200,0,0.1,0.15,2824.2000000000007,1412.1000000000004
telco,xgb_optuna,200,0,0.1,0.2,3048.459999999999,1524.2299999999996
telco,xgb_optuna,200,0,0.1,0.25,1535.300000000003,767.6500000000015
telco,xgb_optuna,200,0,0.1,0.3,-590.1599999999962,-295.0799999999981
telco,xgb_optuna,200,0,0.1,0.35,-2811.7400000000016,-1405.8700000000008
telco,xgb_optuna,200,0,0.1,0.4,-6340.659999999996,-3170.329999999998
telco,xgb_optuna,200,0,0.1,0.45,-8673.36,-4336.68
telco,xgb_optuna,200,0,0.1,0.5,-11742.379999999997,-5871.189999999999
telco,xgb_optuna,200,0,0.2,0.05,8849.560000000001,4424.780000000001
telco,xgb_optuna,200,0,0.2,0.1,14773.16,7386.58
telco,xgb_optuna,200,0,0.2,0.15,20648.4,10324.2
telco,xgb_optuna,200,0,0.2,0.2,26096.92,13048.46
telco,xgb_optuna,200,0,0.2,0.25,28070.600000000006,14035.300000000003
telco,xgb_optuna,200,0,0.2,0.3,28819.680000000008,14409.840000000004
telco,xgb_optuna,200,0,0.2,0.35,29376.519999999997,14688.259999999998
telco,xgb_optuna,200,0,0.2,0.4,27318.680000000008,13659.340000000004
telco,xgb_optuna,200,0,0.2,0.45,27653.28,13826.64
telco,xgb_optuna,200,0,0.2,0.5,26515.240000000005,13257.620000000003
telco,xgb_optuna,200,0,0.3,0.05,15774.34,7887.17
telco,xgb_optuna,200,0,0.3,0.1,27159.739999999998,13579.869999999999
telco,xgb_optuna,200,0,0.3,0.15,38472.6,19236.3
telco,xgb_optuna,200,0,0.3,0.2,49145.37999999999,24572.689999999995
telco,xgb_optuna,200,0,0.3,0.25,54605.899999999994,27302.949999999997
telco,xgb_optuna,200,0,0.3,0.3,58229.520000000004,29114.760000000002
telco,xgb_optuna,200,0,0.3,0.35,61564.779999999984,30782.389999999992
telco,xgb_optuna,200,0,0.3,0.4,60978.020000000004,30489.010000000002
telco,xgb_optuna,200,0,0.3,0.45,63979.919999999984,31989.959999999992
telco,xgb_optuna,200,0,0.3,0.5,64772.86,32386.429999999997
telco,xgb,200,0,0.1,0.05,1571.1400000000012,785.5700000000006
telco,xgb,200,0,0.1,0.1,1758.7399999999998,879.3699999999999
telco,xgb,200,0,0.1,0.15,1378.7399999999998,689.3699999999999
telco,xgb,200,0,0.1,0.2,301.4800000000032,150.7400000000016
telco,xgb,200,0,0.1,0.25,-1104.699999999997,-552.3499999999985
telco,xgb,200,0,0.1,0.3,-2656.6799999999967,-1328.3399999999983
telco,xgb,200,0,0.1,0.35,-5200.34,-2600.17
telco,xgb,200,0,0.1,0.4,-7787.799999999999,-3893.8999999999996
telco,xgb,200,0,0.1,0.45,-10161.299999999996,-5080.649999999998
telco,xgb,200,0,0.1,0.5,-12662.419999999998,-6331.209999999999
telco,xgb,200,0,0.2,0.05,8142.2800000000025,4071.1400000000017
telco,xgb,200,0,0.2,0.1,13517.48,6758.74
telco,xgb,200,0,0.2,0.15,17757.48,8878.74
telco,xgb,200,0,0.2,0.2,20602.960000000006,10301.480000000003
telco,xgb,200,0,0.2,0.25,22790.600000000006,11395.300000000003
telco,xgb,200,0,0.2,0.3,24686.640000000007,12343.320000000003
telco,xgb,200,0,0.2,0.35,24599.32,12299.66
telco,xgb,200,0,0.2,0.4,24424.4,12212.2
telco,xgb,200,0,0.2,0.45,24677.40000000001,12338.700000000004
telco,xgb,200,0,0.2,0.5,24675.160000000003,12337.580000000002
telco,xgb,200,0,0.3,0.05,14713.420000000002,7356.710000000001
telco,xgb,200,0,0.3,0.1,25276.219999999994,12638.109999999997
telco,xgb,200,0,0.3,0.15,34136.219999999994,17068.109999999997
telco,xgb,200,0,0.3,0.2,40904.44,20452.22
telco,xgb,200,0,0.3,0.25,46685.899999999994,23342.949999999997
telco,xgb,200,0,0.3,0.3,52029.96000000001,26014.980000000003
telco,xgb,200,0,0.3,0.35,54398.979999999996,27199.489999999998
telco,xgb,200,0,0.3,0.4,56636.59999999999,28318.299999999996
telco,xgb,200,0,0.3,0.45,59516.09999999999,29758.049999999996
telco,xgb,200,0,0.3,0.5,62012.73999999999,31006.369999999995
telco,logreg,200,0,0.1,0.05,1548.1599999999999,774.0799999999999
telco,logreg,200,0,0.1,0.1,2243.300000000001,1121.6500000000005
telco,logreg,200,0,0.1,0.15,1965.9600000000028,982.9800000000014
telco,logreg,200,0,0.1,0.2,543.5800000000017,271.7900000000009
telco,logreg,200,0,0.1,0.25,-178.41999999999825,-89.20999999999913
telco,logreg,200,0,0.1,0.3,-1546.0199999999932,-773.0099999999966
telco,logreg,200,0,0.1,0.35,-3581.1199999999953,-1790.5599999999977
telco,logreg,200,0,0.1,0.4,-4799.019999999997,-2399.5099999999984
telco,logreg,200,0,0.1,0.45,-6904.019999999997,-3452.0099999999984
telco,logreg,200,0,0.1,0.5,-10046.359999999993,-5023.179999999997
telco,logreg,200,0,0.2,0.05,8096.32,4048.1600000000003
telco,logreg,200,0,0.2,0.1,14486.600000000002,7243.300000000001
telco,logreg,200,0,0.2,0.15,18931.920000000006,9465.960000000003
telco,logreg,200,0,0.2,0.2,21087.160000000003,10543.580000000002
telco,logreg,200,0,0.2,0.25,24643.160000000003,12321.580000000002
telco,logreg,200,0,0.2,0.3,26907.960000000014,13453.980000000007
telco,logreg,200,0,0.2,0.35,27837.76000000001,13918.880000000005
telco,logreg,200,0,0.2,0.4,30401.960000000006,15200.980000000003
telco,logreg,200,0,0.2,0.45,31191.960000000006,15595.980000000003
telco,logreg,200,0,0.2,0.5,29907.280000000013,14953.640000000007
telco,logreg,200,0,0.3,0.05,14644.48,7322.24
telco,logreg,200,0,0.3,0.1,26729.9,13364.95
telco,logreg,200,0,0.3,0.15,35897.88,17948.94
telco,logreg,200,0,0.3,0.2,41630.73999999999,20815.369999999995
telco,logreg,200,0,0.3,0.25,49464.73999999999,24732.369999999995
telco,logreg,200,0,0.3,0.3,55361.94000000002,27680.97000000001
telco,logreg,200,0,0.3,0.35,59256.640000000014,29628.320000000007
telco,logreg,200,0,0.3,0.4,65602.93999999999,32801.469999999994
telco,logreg,200,0,0.3,0.45,69287.93999999999,34643.969999999994
telco,logreg,200,0,0.3,0.5,69860.92,34930.46
telco,random,200,0,0.1,0.05,-2603.6600000000003,-1301.8300000000002
telco,random,200,0,0.1,0.1,-5207.320000000001,-2603.6600000000003
telco,random,200,0,0.1,0.15,-7810.9800000000005,-3905.4900000000002
telco,random,200,0,0.1,0.2,-10414.640000000001,-5207.320000000001
telco,random,200,0,0.1,0.25,-13018.300000000001,-6509.150000000001
telco,random,200,0,0.1,0.3,-15621.960000000001,-7810.9800000000005
telco,random,200,0,0.1,0.35,-18225.620000000003,-9112.810000000001
telco,random,200,0,0.1,0.4,-20829.280000000002,-10414.640000000001
telco,random,200,0,0.1,0.45,-23432.940000000002,-11716.470000000001
telco,random,200,0,0.1,0.5,-26036.600000000002,-13018.300000000001
telco,random,200,0,0.2,0.05,-207.32000000000062,-103.66000000000031
telco,random,200,0,0.2,0.1,-414.64000000000124,-207.32000000000062
telco,random,200,0,0.2,0.15,-621.960000000001,-310.9800000000005
telco,random,200,0,0.2,0.2,-829.2800000000025,-414.64000000000124
telco,random,200,0,0.2,0.25,-1036.6000000000022,-518.3000000000011
telco,random,200,0,0.2,0.3,-1243.920000000002,-621.960000000001
telco,random,200,0,0.2,0.35,-1451.2400000000052,-725.6200000000026
telco,random,200,0,0.2,0.4,-1658.560000000005,-829.2800000000025
telco,random,200,0,0.2,0.45,-1865.8800000000047,-932.9400000000023
telco,random,200,0,0.2,0.5,-2073.2000000000044,-1036.6000000000022
telco,random,200,0,0.3,0.05,2189.0199999999995,1094.5099999999998
telco,random,200,0,0.3,0.1,4378.039999999999,2189.0199999999995
telco,random,200,0,0.3,0.15,6567.059999999998,3283.529999999999
telco,random,200,0,0.3,0.2,8756.079999999998,4378.039999999999
telco,random,200,0,0.3,0.25,10945.099999999999,5472.549999999999
telco,random,200,0,0.3,0.3,13134.119999999995,6567.059999999998
telco,random,200,0,0.3,0.35,15323.14,7661.57
telco,random,200,0,0.3,0.4,17512.159999999996,8756.079999999998
telco,random,200,0,0.3,0.45,19701.179999999993,9850.589999999997
telco,random,200,0,0.3,0.5,21890.199999999997,10945.099999999999
telco,tabpfn,200,1,0.1,0.05,1363.7200000000012,681.8600000000006
telco,tabpfn,200,1,0.1,0.1,2441.540000000001,1220.7700000000004
telco,tabpfn,200,1,0.1,0.15,2846.880000000001,1423.4400000000005
telco,tabpfn,200,1,0.1,0.2,2742.100000000002,1371.050000000001
telco,tabpfn,200,1,0.1,0.25,2437.520000000004,1218.760000000002
telco,tabpfn,200,1,0.1,0.3,1460.1000000000022,730.0500000000011
telco,tabpfn,200,1,0.1,0.35,-845.4799999999959,-422.73999999999796
telco,tabpfn,200,1,0.1,0.4,-4414.5999999999985,-2207.2999999999993
telco,tabpfn,200,1,0.1,0.45,-7906.379999999997,-3953.1899999999987
telco,tabpfn,200,1,0.1,0.5,-11009.179999999993,-5504.5899999999965
telco,tabpfn,200,1,0.2,0.05,7727.440000000002,3863.720000000001
telco,tabpfn,200,1,0.2,0.1,14883.080000000002,7441.540000000001
telco,tabpfn,200,1,0.2,0.15,20693.760000000002,10346.880000000001
telco,tabpfn,200,1,0.2,0.2,25484.200000000004,12742.100000000002
telco,tabpfn,200,1,0.2,0.25,29875.040000000008,14937.520000000004
telco,tabpfn,200,1,0.2,0.3,32920.200000000004,16460.100000000002
telco,tabpfn,200,1,0.2,0.35,33309.04000000001,16654.520000000004
telco,tabpfn,200,1,0.2,0.4,31170.800000000003,15585.400000000001
telco,tabpfn,200,1,0.2,0.45,29187.240000000005,14593.620000000003
telco,tabpfn,200,1,0.2,0.5,27981.640000000014,13990.820000000007
telco,tabpfn,200,1,0.3,0.05,14091.16,7045.58
telco,tabpfn,200,1,0.3,0.1,27324.620000000003,13662.310000000001
telco,tabpfn,200,1,0.3,0.15,38540.63999999999,19270.319999999996
telco,tabpfn,200,1,0.3,0.2,48226.3,24113.15
telco,tabpfn,200,1,0.3,0.25,57312.56,28656.28
telco,tabpfn,200,1,0.3,0.3,64380.3,32190.15
telco,tabpfn,200,1,0.3,0.35,67463.56,33731.78
telco,tabpfn,200,1,0.3,0.4,66756.2,33378.1
telco,tabpfn,200,1,0.3,0.45,66280.86,33140.43
telco,tabpfn,200,1,0.3,0.5,66972.46000000002,33486.23000000001
telco,xgb_optuna,200,1,0.1,0.05,895.2400000000007,447.62000000000035
telco,xgb_optuna,200,1,0.1,0.1,1086.5,543.25
telco,xgb_optuna,200,1,0.1,0.15,1493.0400000000009,746.5200000000004
telco,xgb_optuna,200,1,0.1,0.2,2123.020000000004,1061.510000000002
telco,xgb_optuna,200,1,0.1,0.25,714.6200000000026,357.3100000000013
telco,xgb_optuna,200,1,0.1,0.3,-205.02000000000044,-102.51000000000022
telco,xgb_optuna,200,1,0.1,0.35,-1198.8199999999924,-599.4099999999962
telco,xgb_optuna,200,1,0.1,0.4,-3965.739999999998,-1982.869999999999
telco,xgb_optuna,200,1,0.1,0.45,-7470.540000000001,-3735.2700000000004
telco,xgb_optuna,200,1,0.1,0.5,-10053.439999999995,-5026.7199999999975
telco,xgb_optuna,200,1,0.2,0.05,6790.480000000001,3395.2400000000007
telco,xgb_optuna,200,1,0.2,0.1,12173.0,6086.5
telco,xgb_optuna,200,1,0.2,0.15,17986.08,8993.04
telco,xgb_optuna,200,1,0.2,0.2,24246.040000000008,12123.020000000004
telco,xgb_optuna,200,1,0.2,0.25,26429.240000000005,13214.620000000003
telco,xgb_optuna,200,1,0.2,0.3,29589.96,14794.98
telco,xgb_optuna,200,1,0.2,0.35,32602.360000000015,16301.18000000001
telco,xgb_optuna,200,1,0.2,0.4,32068.520000000004,16034.260000000004
telco,xgb_optuna,200,1,0.2,0.45,30058.92,15029.46
telco,xgb_optuna,200,1,0.2,0.5,29893.12000000001,14946.560000000005
telco,xgb_optuna,200,1,0.3,0.05,12685.720000000001,6342.860000000001
telco,xgb_optuna,200,1,0.3,0.1,23259.5,11629.75
telco,xgb_optuna,200,1,0.3,0.15,34479.119999999995,17239.559999999998
telco,xgb_optuna,200,1,0.3,0.2,46369.06,23184.53
telco,xgb_optuna,200,1,0.3,0.25,52143.86,26071.93
telco,xgb_optuna,200,1,0.3,0.3,59384.93999999999,29692.469999999994
telco,xgb_optuna,200,1,0.3,0.35,66403.54000000001,33201.770000000004
telco,xgb_optuna,200,1,0.3,0.4,68102.77999999998,34051.38999999999
telco,xgb_optuna,200,1,0.3,0.45,67588.37999999999,33794.189999999995
telco,xgb_optuna,200,1,0.3,0.5,69839.68000000001,34919.840000000004
telco,xgb,200,1,0.1,0.05,902.0800000000017,451.0400000000009
telco,xgb,200,1,0.1,0.1,659.1200000000026,329.5600000000013
telco,xgb,200,1,0.1,0.15,275.58000000000175,137.79000000000087
telco,xgb,200,1,0.1,0.2,-1199.119999999999,-599.5599999999995
telco,xgb,200,1,0.1,0.25,-2350.0,-1175.0
telco,xgb,200,1,0.1,0.3,-4229.34,-2114.67
telco,xgb,200,1,0.1,0.35,-6939.559999999998,-3469.779999999999
telco,xgb,200,1,0.1,0.4,-9375.159999999996,-4687.579999999998
telco,xgb,200,1,0.1,0.45,-12304.019999999993,-6152.009999999997
telco,xgb,200,1,0.1,0.5,-13678.759999999995,-6839.379999999997
telco,xgb,200,1,0.2,0.05,6804.1600000000035,3402.0800000000017
telco,xgb,200,1,0.2,0.1,11318.240000000005,5659.120000000003
telco,xgb,200,1,0.2,0.15,15551.160000000003,7775.580000000002
telco,xgb,200,1,0.2,0.2,17601.760000000002,8800.880000000001
telco,xgb,200,1,0.2,0.25,20300.0,10150.0
telco,xgb,200,1,0.2,0.3,21541.32,10770.66
telco,xgb,200,1,0.2,0.35,21120.880000000005,10560.440000000002
telco,xgb,200,1,0.2,0.4,21249.680000000008,10624.840000000004
telco,xgb,200,1,0.2,0.45,20391.960000000014,10195.980000000007
telco,xgb,200,1,0.2,0.5,22642.48000000001,11321.240000000005
telco,xgb,200,1,0.3,0.05,12706.240000000002,6353.120000000001
telco,xgb,200,1,0.3,0.1,21977.36,10988.68
telco,xgb,200,1,0.3,0.15,30826.740000000005,15413.370000000003
telco,xgb,200,1,0.3,0.2,36402.63999999999,18201.319999999996
telco,xgb,200,1,0.3,0.25,42950.0,21475.0
telco,xgb,200,1,0.3,0.3,47311.979999999996,23655.989999999998
telco,xgb,200,1,0.3,0.35,49181.32000000001,24590.660000000003
telco,xgb,200,1,0.3,0.4,51874.520000000004,25937.260000000002
telco,xgb,200,1,0.3,0.45,53087.94000000002,26543.97000000001
telco,xgb,200,1,0.3,0.5,58963.72,29481.86
telco,logreg,200,1,0.1,0.05,1634.8600000000006,817.4300000000003
telco,logreg,200,1,0.1,0.1,2225.720000000001,1112.8600000000006
telco,logreg,200,1,0.1,0.15,2236.079999999998,1118.039999999999
telco,logreg,200,1,0.1,0.2,1296.880000000001,648.4400000000005
telco,logreg,200,1,0.1,0.25,1500.9799999999996,750.4899999999998
telco,logreg,200,1,0.1,0.3,175.55999999999767,87.77999999999884
telco,logreg,200,1,0.1,0.35,-1552.2799999999988,-776.1399999999994
telco,logreg,200,1,0.1,0.4,-4252.419999999998,-2126.209999999999
telco,logreg,200,1,0.1,0.45,-6878.639999999999,-3439.3199999999997
telco,logreg,200,1,0.1,0.5,-10198.579999999994,-5099.289999999997
telco,logreg,200,1,0.2,0.05,8269.720000000001,4134.860000000001
telco,logreg,200,1,0.2,0.1,14451.440000000002,7225.720000000001
telco,logreg,200,1,0.2,0.15,19472.159999999996,9736.079999999998
telco,logreg,200,1,0.2,0.2,22593.760000000002,11296.880000000001
telco,logreg,200,1,0.2,0.25,28001.96,14000.98
telco,logreg,200,1,0.2,0.3,30351.119999999995,15175.559999999998
telco,logreg,200,1,0.2,0.35,31895.440000000002,15947.720000000001
telco,logreg,200,1,0.2,0.4,31495.160000000003,15747.580000000002
telco,logreg,200,1,0.2,0.45,31242.72,15621.36
telco,logreg,200,1,0.2,0.5,29602.84000000001,14801.420000000006
telco,logreg,200,1,0.3,0.05,14904.580000000002,7452.290000000001
telco,logreg,200,1,0.3,0.1,26677.159999999996,13338.579999999998
telco,logreg,200,1,0.3,0.15,36708.24,18354.12
telco,logreg,200,1,0.3,0.2,43890.63999999999,21945.319999999996
telco,logreg,200,1,0.3,0.25,54502.93999999999,27251.469999999994
telco,logreg,200,1,0.3,0.3,60526.67999999999,30263.339999999997
telco,logreg,200,1,0.3,0.35,65343.16,32671.579999999998
telco,logreg,200,1,0.3,0.4,67242.73999999999,33621.369999999995
telco,logreg,200,1,0.3,0.45,69364.07999999999,34682.03999999999
telco,logreg,200,1,0.3,0.5,69404.26,34702.13
telco,random,200,1,0.1,0.05,-2673.332,-1336.666
telco,random,200,1,0.1,0.1,-5346.664,-2673.332
telco,random,200,1,0.1,0.15,-8019.996,-4009.9980000000005
telco,random,200,1,0.1,0.2,-10693.328,-5346.664
telco,random,200,1,0.1,0.25,-13366.66,-6683.33
telco,random,200,1,0.1,0.3,-16039.992,-8019.996000000001
telco,random,200,1,0.1,0.35,-18713.324,-9356.662
telco,random,200,1,0.1,0.4,-21386.656,-10693.328
telco,random,200,1,0.1,0.45,-24059.988,-12029.994
telco,random,200,1,0.1,0.5,-26733.32,-13366.66
telco,random,200,1,0.2,0.05,-346.66399999999976,-173.33199999999988
telco,random,200,1,0.2,0.1,-693.3279999999995,-346.66399999999976
telco,random,200,1,0.2,0.15,-1039.9920000000002,-519.9960000000001
telco,random,200,1,0.2,0.2,-1386.655999999999,-693.3279999999995
telco,random,200,1,0.2,0.25,-1733.3199999999997,-866.6599999999999
telco,random,200,1,0.2,0.3,-2079.9840000000004,-1039.9920000000002
telco,random,200,1,0.2,0.35,-2426.648000000001,-1213.3240000000005
telco,random,200,1,0.2,0.4,-2773.311999999998,-1386.655999999999
telco,random,200,1,0.2,0.45,-3119.9760000000024,-1559.9880000000012
telco,random,200,1,0.2,0.5,-3466.6399999999994,-1733.3199999999997
telco,random,200,1,0.3,0.05,1980.004,990.002
telco,random,200,1,0.3,0.1,3960.008,1980.004
telco,random,200,1,0.3,0.15,5940.011999999999,2970.0059999999994
telco,random,200,1,0.3,0.2,7920.016,3960.008
telco,random,200,1,0.3,0.25,9900.019999999997,4950.009999999998
telco,random,200,1,0.3,0.3,11880.023999999998,5940.011999999999
telco,random,200,1,0.3,0.35,13860.027999999998,6930.013999999999
telco,random,200,1,0.3,0.4,15840.032,7920.016
telco,random,200,1,0.3,0.45,17820.036,8910.018
telco,random,200,1,0.3,0.5,19800.039999999994,9900.019999999997
telco,tabpfn,200,2,0.1,0.05,2952.1600000000008,1476.0800000000004
telco,tabpfn,200,2,0.1,0.1,2996.9000000000015,1498.4500000000007
telco,tabpfn,200,2,0.1,0.15,3961.9799999999996,1980.9899999999998
telco,tabpfn,200,2,0.1,0.2,3676.540000000001,1838.2700000000004
telco,tabpfn,200,2,0.1,0.25,2476.8200000000033,1238.4100000000017
telco,tabpfn,200,2,0.1,0.3,-147.9599999999955,-73.97999999999774
telco,tabpfn,200,2,0.1,0.35,-1756.5199999999968,-878.2599999999984
telco,tabpfn,200,2,0.1,0.4,-4018.060000000005,-2009.0300000000022
telco,tabpfn,200,2,0.1,0.45,-6617.880000000005,-3308.9400000000023
telco,tabpfn,200,2,0.1,0.5,-9705.919999999998,-4852.959999999999
telco,tabpfn,200,2,0.2,0.05,10904.320000000002,5452.160000000001
telco,tabpfn,200,2,0.2,0.1,15993.800000000003,7996.9000000000015
telco,tabpfn,200,2,0.2,0.15,22923.96,11461.98
telco,tabpfn,200,2,0.2,0.2,27353.08,13676.54
telco,tabpfn,200,2,0.2,0.25,29953.640000000007,14976.820000000003
telco,tabpfn,200,2,0.2,0.3,29704.08000000001,14852.040000000005
telco,tabpfn,200,2,0.2,0.35,31486.960000000006,15743.480000000003
telco,tabpfn,200,2,0.2,0.4,31963.87999999999,15981.939999999995
telco,tabpfn,200,2,0.2,0.45,31764.23999999999,15882.119999999995
telco,tabpfn,200,2,0.2,0.5,30588.160000000003,15294.080000000002
telco,tabpfn,200,2,0.3,0.05,18856.48,9428.24
telco,tabpfn,200,2,0.3,0.1,28990.699999999997,14495.349999999999
telco,tabpfn,200,2,0.3,0.15,41885.939999999995,20942.969999999998
telco,tabpfn,200,2,0.3,0.2,51029.619999999995,25514.809999999998
telco,tabpfn,200,2,0.3,0.25,57430.46000000001,28715.230000000003
telco,tabpfn,200,2,0.3,0.3,59556.12000000001,29778.060000000005
telco,tabpfn,200,2,0.3,0.35,64730.43999999999,32365.219999999994
telco,tabpfn,200,2,0.3,0.4,67945.81999999999,33972.909999999996
telco,tabpfn,200,2,0.3,0.45,70146.35999999999,35073.17999999999
telco,tabpfn,200,2,0.3,0.5,70882.23999999999,35441.119999999995
telco,xgb_optuna,200,2,0.1,0.05,2854.9000000000005,1427.4500000000003
telco,xgb_optuna,200,2,0.1,0.1,3199.159999999998,1599.579999999999
telco,xgb_optuna,200,2,0.1,0.15,3077.579999999998,1538.789999999999
telco,xgb_optuna,200,2,0.1,0.2,3478.2400000000052,1739.1200000000026
telco,xgb_optuna,200,2,0.1,0.25,3223.220000000001,1611.6100000000006
telco,xgb_optuna,200,2,0.1,0.3,946.0800000000054,473.0400000000027
telco,xgb_optuna,200,2,0.1,0.35,-1445.0,-722.5
telco,xgb_optuna,200,2,0.1,0.4,-3426.8800000000047,-1713.4400000000023
telco,xgb_optuna,200,2,0.1,0.45,-6637.37999999999,-3318.689999999995
telco,xgb_optuna,200,2,0.1,0.5,-10194.020000000004,-5097.010000000002
telco,xgb_optuna,200,2,0.2,0.05,10709.800000000001,5354.900000000001
telco,xgb_optuna,200,2,0.2,0.1,16398.319999999996,8199.159999999998
telco,xgb_optuna,200,2,0.2,0.15,21155.159999999996,10577.579999999998
telco,xgb_optuna,200,2,0.2,0.2,26956.48000000001,13478.240000000005
telco,xgb_optuna,200,2,0.2,0.25,31446.440000000002,15723.220000000001
telco,xgb_optuna,200,2,0.2,0.3,31892.16000000001,15946.080000000005
telco,xgb_optuna,200,2,0.2,0.35,32110.0,16055.0
telco,xgb_optuna,200,2,0.2,0.4,33146.23999999999,16573.119999999995
telco,xgb_optuna,200,2,0.2,0.45,31725.24000000002,15862.62000000001
telco,xgb_optuna,200,2,0.2,0.5,29611.959999999992,14805.979999999996
telco,xgb_optuna,200,2,0.3,0.05,18564.7,9282.35
telco,xgb_optuna,200,2,0.3,0.1,29597.47999999999,14798.739999999994
telco,xgb_optuna,200,2,0.3,0.15,39232.74,19616.37
telco,xgb_optuna,200,2,0.3,0.2,50434.72,25217.36
telco,xgb_optuna,200,2,0.3,0.25,59669.66,29834.83
telco,xgb_optuna,200,2,0.3,0.3,62838.240000000005,31419.120000000003
telco,xgb_optuna,200,2,0.3,0.35,65665.0,32832.5
telco,xgb_optuna,200,2,0.3,0.4,69719.35999999999,34859.67999999999
telco,xgb_optuna,200,2,0.3,0.45,70087.86000000002,35043.93000000001
telco,xgb_optuna,200,2,0.3,0.5,69417.93999999997,34708.96999999999
telco,xgb,200,2,0.1,0.05,1940.6800000000003,970.3400000000001
telco,xgb,200,2,0.1,0.1,2963.84,1481.92
telco,xgb,200,2,0.1,0.15,3169.7400000000016,1584.8700000000008
telco,xgb,200,2,0.1,0.2,1625.4400000000023,812.7200000000012
telco,xgb,200,2,0.1,0.25,280.82000000000335,140.41000000000167
telco,xgb,200,2,0.1,0.3,-2282.159999999996,-1141.079999999998
telco,xgb,200,2,0.1,0.35,-4834.040000000001,-2417.0200000000004
telco,xgb,200,2,0.1,0.4,-6938.380000000005,-3469.1900000000023
telco,xgb,200,2,0.1,0.45,-9167.219999999994,-4583.609999999997
telco,xgb,200,2,0.1,0.5,-12205.46,-6102.73
telco,xgb,200,2,0.2,0.05,8881.36,4440.68
telco,xgb,200,2,0.2,0.1,15927.68,7963.84
telco,xgb,200,2,0.2,0.15,21339.480000000003,10669.740000000002
telco,xgb,200,2,0.2,0.2,23250.880000000005,11625.440000000002
telco,xgb,200,2,0.2,0.25,25561.640000000007,12780.820000000003
telco,xgb,200,2,0.2,0.3,25435.680000000008,12717.840000000004
telco,xgb,200,2,0.2,0.35,25331.92,12665.96
telco,xgb,200,2,0.2,0.4,26123.23999999999,13061.619999999995
telco,xgb,200,2,0.2,0.45,26665.560000000012,13332.780000000006
telco,xgb,200,2,0.2,0.5,25589.08,12794.54
telco,xgb,200,2,0.3,0.05,15822.04,7911.02
telco,xgb,200,2,0.3,0.1,28891.519999999997,14445.759999999998
telco,xgb,200,2,0.3,0.15,39509.219999999994,19754.609999999997
telco,xgb,200,2,0.3,0.2,44876.31999999999,22438.159999999996
telco,xgb,200,2,0.3,0.25,50842.46000000001,25421.230000000003
telco,xgb,200,2,0.3,0.3,53153.520000000004,26576.760000000002
telco,xgb,200,2,0.3,0.35,55497.87999999999,27748.939999999995
telco,xgb,200,2,0.3,0.4,59184.859999999986,29592.429999999993
telco,xgb,200,2,0.3,0.45,62498.34000000001,31249.170000000006
telco,xgb,200,2,0.3,0.5,63383.62000000001,31691.810000000005
telco,logreg,200,2,0.1,0.05,1852.7200000000012,926.3600000000006
telco,logreg,200,2,0.1,0.1,3372.6800000000057,1686.3400000000029
telco,logreg,200,2,0.1,0.15,3252.4799999999996,1626.2399999999998
telco,logreg,200,2,0.1,0.2,2301.100000000002,1150.550000000001
telco,logreg,200,2,0.1,0.25,1523.780000000006,761.890000000003
telco,logreg,200,2,0.1,0.3,-165.47999999999593,-82.73999999999796
telco,logreg,200,2,0.1,0.35,-2345.719999999994,-1172.859999999997
telco,logreg,200,2,0.1,0.4,-4736.739999999998,-2368.369999999999
telco,logreg,200,2,0.1,0.45,-6699.480000000003,-3349.7400000000016
telco,logreg,200,2,0.1,0.5,-9850.220000000001,-4925.110000000001
telco,logreg,200,2,0.2,0.05,8705.440000000002,4352.720000000001
telco,logreg,200,2,0.2,0.1,16745.36000000001,8372.680000000006
telco,logreg,200,2,0.2,0.15,21504.96,10752.48
telco,logreg,200,2,0.2,0.2,24602.200000000004,12301.100000000002
telco,logreg,200,2,0.2,0.25,28047.560000000012,14023.780000000006
telco,logreg,200,2,0.2,0.3,29669.040000000008,14834.520000000004
telco,logreg,200,2,0.2,0.35,30308.560000000012,15154.280000000006
telco,logreg,200,2,0.2,0.4,30526.520000000004,15263.260000000002
telco,logreg,200,2,0.2,0.45,31601.039999999994,15800.519999999997
telco,logreg,200,2,0.2,0.5,30299.559999999998,15149.779999999999
telco,logreg,200,2,0.3,0.05,15558.160000000003,7779.080000000002
telco,logreg,200,2,0.3,0.1,30118.040000000015,15059.020000000008
telco,logreg,200,2,0.3,0.15,39757.439999999995,19878.719999999998
telco,logreg,200,2,0.3,0.2,46903.3,23451.65
telco,logreg,200,2,0.3,0.25,54571.34000000001,27285.670000000006
telco,logreg,200,2,0.3,0.3,59503.56,29751.78
telco,logreg,200,2,0.3,0.35,62962.84000000001,31481.420000000006
telco,logreg,200,2,0.3,0.4,65789.77999999998,32894.88999999999
telco,logreg,200,2,0.3,0.45,69901.55999999998,34950.77999999999
telco,logreg,200,2,0.3,0.5,70449.34,35224.67
telco,random,200,2,0.1,0.05,-2649.779,-1324.8895
telco,random,200,2,0.1,0.1,-5299.558,-2649.779
telco,random,200,2,0.1,0.15,-7949.337,-3974.6685
telco,random,200,2,0.1,0.2,-10599.116,-5299.558
telco,random,200,2,0.1,0.25,-13248.895,-6624.4475
telco,random,200,2,0.1,0.3,-15898.674,-7949.337
telco,random,200,2,0.1,0.35,-18548.453,-9274.2265
telco,random,200,2,0.1,0.4,-21198.232,-10599.116
telco,random,200,2,0.1,0.45,-23848.011000000002,-11924.005500000001
telco,random,200,2,0.1,0.5,-26497.79,-13248.895
telco,random,200,2,0.2,0.05,-299.558,-149.779
telco,random,200,2,0.2,0.1,-599.116,-299.558
telco,random,200,2,0.2,0.15,-898.6740000000009,-449.33700000000044
telco,random,200,2,0.2,0.2,-1198.232,-599.116
telco,random,200,2,0.2,0.25,-1497.7900000000009,-748.8950000000004
telco,random,200,2,0.2,0.3,-1797.3480000000018,-898.6740000000009
telco,random,200,2,0.2,0.35,-2096.9060000000027,-1048.4530000000013
telco,random,200,2,0.2,0.4,-2396.464,-1198.232
telco,random,200,2,0.2,0.45,-2696.0220000000045,-1348.0110000000022
telco,random,200,2,0.2,0.5,-2995.5800000000017,-1497.7900000000009
telco,random,200,2,0.3,0.05,2050.6629999999996,1025.3314999999998
telco,random,200,2,0.3,0.1,4101.325999999999,2050.6629999999996
telco,random,200,2,0.3,0.15,6151.988999999998,3075.994499999999
telco,random,200,2,0.3,0.2,8202.651999999998,4101.325999999999
telco,random,200,2,0.3,0.25,10253.315000000002,5126.657500000001
telco,random,200,2,0.3,0.3,12303.977999999996,6151.988999999998
telco,random,200,2,0.3,0.35,14354.640999999996,7177.320499999998
telco,random,200,2,0.3,0.4,16405.303999999996,8202.651999999998
telco,random,200,2,0.3,0.45,18455.966999999997,9227.983499999998
telco,random,200,2,0.3,0.5,20506.630000000005,10253.315000000002
telco,tabpfn,200,3,0.1,0.05,2557.300000000002,1278.650000000001
telco,tabpfn,200,3,0.1,0.1,4046.779999999999,2023.3899999999996
telco,tabpfn,200,3,0.1,0.15,3952.079999999998,1976.039999999999
telco,tabpfn,200,3,0.1,0.2,3596.2599999999984,1798.1299999999992
telco,tabpfn,200,3,0.1,0.25,2293.2199999999975,1146.6099999999988
telco,tabpfn,200,3,0.1,0.3,303.18000000000757,151.59000000000378
telco,tabpfn,200,3,0.1,0.35,-1736.2999999999956,-868.1499999999978
telco,tabpfn,200,3,0.1,0.4,-3911.6800000000003,-1955.8400000000001
telco,tabpfn,200,3,0.1,0.45,-6420.360000000001,-3210.1800000000003
telco,tabpfn,200,3,0.1,0.5,-9251.480000000003,-4625.740000000002
telco,tabpfn,200,3,0.2,0.05,10114.600000000004,5057.300000000002
telco,tabpfn,200,3,0.2,0.1,18093.559999999998,9046.779999999999
telco,tabpfn,200,3,0.2,0.15,22904.159999999996,11452.079999999998
telco,tabpfn,200,3,0.2,0.2,27192.519999999997,13596.259999999998
telco,tabpfn,200,3,0.2,0.25,29586.439999999995,14793.219999999998
telco,tabpfn,200,3,0.2,0.3,30606.360000000015,15303.180000000008
telco,tabpfn,200,3,0.2,0.35,31527.40000000001,15763.700000000004
telco,tabpfn,200,3,0.2,0.4,32176.64,16088.32
telco,tabpfn,200,3,0.2,0.45,32159.28,16079.639999999998
telco,tabpfn,200,3,0.2,0.5,31497.039999999994,15748.519999999997
telco,tabpfn,200,3,0.3,0.05,17671.900000000005,8835.950000000003
telco,tabpfn,200,3,0.3,0.1,32140.339999999997,16070.169999999998
telco,tabpfn,200,3,0.3,0.15,41856.24,20928.12
telco,tabpfn,200,3,0.3,0.2,50788.779999999984,25394.389999999992
telco,tabpfn,200,3,0.3,0.25,56879.65999999999,28439.829999999994
telco,tabpfn,200,3,0.3,0.3,60909.54000000001,30454.770000000004
telco,tabpfn,200,3,0.3,0.35,64791.09999999999,32395.549999999992
telco,tabpfn,200,3,0.3,0.4,68264.95999999998,34132.47999999999
telco,tabpfn,200,3,0.3,0.45,70738.91999999998,35369.45999999999
telco,tabpfn,200,3,0.3,0.5,72245.55999999998,36122.77999999999
telco,xgb_optuna,200,3,0.1,0.05,3069.2200000000003,1534.6100000000001
telco,xgb_optuna,200,3,0.1,0.1,4368.560000000001,2184.2800000000007
telco,xgb_optuna,200,3,0.1,0.15,3989.579999999998,1994.789999999999
telco,xgb_optuna,200,3,0.1,0.2,2824.2400000000052,1412.1200000000026
telco,xgb_optuna,200,3,0.1,0.25,2730.3200000000033,1365.1600000000017
telco,xgb_optuna,200,3,0.1,0.3,1451.880000000001,725.9400000000005
telco,xgb_optuna,200,3,0.1,0.35,-388.1599999999962,-194.0799999999981
telco,xgb_optuna,200,3,0.1,0.4,-2665.659999999996,-1332.829999999998
telco,xgb_optuna,200,3,0.1,0.45,-5867.040000000001,-2933.5200000000004
telco,xgb_optuna,200,3,0.1,0.5,-8882.0,-4441.0
telco,xgb_optuna,200,3,0.2,0.05,11138.44,5569.22
telco,xgb_optuna,200,3,0.2,0.1,18737.120000000003,9368.560000000001
telco,xgb_optuna,200,3,0.2,0.15,22979.159999999996,11489.579999999998
telco,xgb_optuna,200,3,0.2,0.2,25648.48000000001,12824.240000000005
telco,xgb_optuna,200,3,0.2,0.25,30460.640000000007,15230.320000000003
telco,xgb_optuna,200,3,0.2,0.3,32903.76,16451.88
telco,xgb_optuna,200,3,0.2,0.35,34223.68000000001,17111.840000000004
telco,xgb_optuna,200,3,0.2,0.4,34668.68000000001,17334.340000000004
telco,xgb_optuna,200,3,0.2,0.45,33265.92,16632.96
telco,xgb_optuna,200,3,0.2,0.5,32236.0,16117.999999999998
telco,xgb_optuna,200,3,0.3,0.05,19207.66,9603.83
telco,xgb_optuna,200,3,0.3,0.1,33105.68,16552.84
telco,xgb_optuna,200,3,0.3,0.15,41968.74,20984.37
telco,xgb_optuna,200,3,0.3,0.2,48472.72,24236.36
telco,xgb_optuna,200,3,0.3,0.25,58190.96000000001,29095.480000000003
telco,xgb_optuna,200,3,0.3,0.3,64355.64,32177.819999999996
telco,xgb_optuna,200,3,0.3,0.35,68835.52,34417.76
telco,xgb_optuna,200,3,0.3,0.4,72003.02,36001.51
telco,xgb_optuna,200,3,0.3,0.45,72398.87999999999,36199.439999999995
telco,xgb_optuna,200,3,0.3,0.5,73354.0,36677.0
telco,xgb,200,3,0.1,0.05,2734.4800000000005,1367.2400000000002
telco,xgb,200,3,0.1,0.1,3477.8599999999988,1738.9299999999994
telco,xgb,200,3,0.1,0.15,3702.2400000000016,1851.1200000000008
telco,xgb,200,3,0.1,0.2,2473.84,1236.92
telco,xgb,200,3,0.1,0.25,201.8000000000029,100.90000000000146
telco,xgb,200,3,0.1,0.3,-886.3199999999924,-443.1599999999962
telco,xgb,200,3,0.1,0.35,-2446.159999999996,-1223.079999999998
telco,xgb,200,3,0.1,0.4,-5647.5999999999985,-2823.7999999999993
telco,xgb,200,3,0.1,0.45,-8384.519999999997,-4192.259999999998
telco,xgb,200,3,0.1,0.5,-12002.299999999996,-6001.149999999998
telco,xgb,200,3,0.2,0.05,10468.960000000001,5234.4800000000005
telco,xgb,200,3,0.2,0.1,16955.719999999998,8477.859999999999
telco,xgb,200,3,0.2,0.15,22404.480000000003,11202.240000000002
telco,xgb,200,3,0.2,0.2,24947.68,12473.84
telco,xgb,200,3,0.2,0.25,25403.600000000006,12701.800000000003
telco,xgb,200,3,0.2,0.3,28227.360000000015,14113.680000000008
telco,xgb,200,3,0.2,0.35,30107.680000000008,15053.840000000004
telco,xgb,200,3,0.2,0.4,28704.800000000003,14352.400000000001
telco,xgb,200,3,0.2,0.45,28230.960000000006,14115.480000000003
telco,xgb,200,3,0.2,0.5,25995.40000000001,12997.700000000004
telco,xgb,200,3,0.3,0.05,18203.44,9101.72
telco,xgb,200,3,0.3,0.1,30433.579999999994,15216.789999999997
telco,xgb,200,3,0.3,0.15,41106.72000000001,20553.360000000004
telco,xgb,200,3,0.3,0.2,47421.51999999999,23710.759999999995
telco,xgb,200,3,0.3,0.25,50605.399999999994,25302.699999999997
telco,xgb,200,3,0.3,0.3,57341.04000000001,28670.520000000004
telco,xgb,200,3,0.3,0.35,62661.520000000004,31330.760000000002
telco,xgb,200,3,0.3,0.4,63057.2,31528.6
telco,xgb,200,3,0.3,0.45,64846.43999999999,32423.219999999994
telco,xgb,200,3,0.3,0.5,63993.09999999999,31996.549999999996
telco,logreg,200,3,0.1,0.05,2568.879999999999,1284.4399999999996
telco,logreg,200,3,0.1,0.1,4108.700000000001,2054.3500000000004
telco,logreg,200,3,0.1,0.15,3841.6200000000026,1920.8100000000013
telco,logreg,200,3,0.1,0.2,3301.9000000000015,1650.9500000000007
telco,logreg,200,3,0.1,0.25,1798.3400000000038,899.1700000000019
telco,logreg,200,3,0.1,0.3,705.9000000000015,352.9500000000007
telco,logreg,200,3,0.1,0.35,-1040.7799999999988,-520.3899999999994
telco,logreg,200,3,0.1,0.4,-3870.639999999992,-1935.319999999996
telco,logreg,200,3,0.1,0.45,-6047.519999999997,-3023.7599999999984
telco,logreg,200,3,0.1,0.5,-9370.759999999995,-4685.379999999997
telco,logreg,200,3,0.2,0.05,10137.759999999998,5068.879999999999
telco,logreg,200,3,0.2,0.1,18217.4,9108.7
telco,logreg,200,3,0.2,0.15,22683.240000000005,11341.620000000003
telco,logreg,200,3,0.2,0.2,26603.800000000003,13301.900000000001
telco,logreg,200,3,0.2,0.25,28596.680000000008,14298.340000000004
telco,logreg,200,3,0.2,0.3,31411.800000000003,15705.900000000001
telco,logreg,200,3,0.2,0.35,32918.44,16459.22
telco,logreg,200,3,0.2,0.4,32258.720000000016,16129.36000000001
telco,logreg,200,3,0.2,0.45,32904.96000000001,16452.480000000003
telco,logreg,200,3,0.2,0.5,31258.48000000001,15629.240000000005
telco,logreg,200,3,0.3,0.05,17706.639999999996,8853.319999999998
telco,logreg,200,3,0.3,0.1,32326.1,16163.05
telco,logreg,200,3,0.3,0.15,41524.86,20762.43
telco,logreg,200,3,0.3,0.2,49905.7,24952.85
telco,logreg,200,3,0.3,0.25,55395.020000000004,27697.510000000002
telco,logreg,200,3,0.3,0.3,62117.7,31058.85
telco,logreg,200,3,0.3,0.35,66877.66,33438.83
telco,logreg,200,3,0.3,0.4,68388.08,34194.04
telco,logreg,200,3,0.3,0.45,71857.43999999999,35928.719999999994
telco,logreg,200,3,0.3,0.5,71887.72,35943.86
telco,random,200,3,0.1,0.05,-2631.203,-1315.6015
telco,random,200,3,0.1,0.1,-5262.406,-2631.203
telco,random,200,3,0.1,0.15,-7893.6089999999995,-3946.8044999999997
telco,random,200,3,0.1,0.2,-10524.812,-5262.406
telco,random,200,3,0.1,0.25,-13156.015,-6578.0075
telco,random,200,3,0.1,0.3,-15787.217999999999,-7893.6089999999995
telco,random,200,3,0.1,0.35,-18418.421,-9209.2105
telco,random,200,3,0.1,0.4,-21049.624,-10524.812
telco,random,200,3,0.1,0.45,-23680.826999999997,-11840.413499999999
telco,random,200,3,0.1,0.5,-26312.03,-13156.015
telco,random,200,3,0.2,0.05,-262.40599999999995,-131.20299999999997
telco,random,200,3,0.2,0.1,-524.8119999999999,-262.40599999999995
telco,random,200,3,0.2,0.15,-787.2179999999989,-393.60899999999947
telco,random,200,3,0.2,0.2,-1049.6239999999998,-524.8119999999999
telco,random,200,3,0.2,0.25,-1312.0299999999988,-656.0149999999994
telco,random,200,3,0.2,0.3,-1574.4359999999979,-787.2179999999989
telco,random,200,3,0.2,0.35,-1836.841999999997,-918.4209999999985
telco,random,200,3,0.2,0.4,-2099.2479999999996,-1049.6239999999998
telco,random,200,3,0.2,0.45,-2361.653999999995,-1180.8269999999975
telco,random,200,3,0.2,0.5,-2624.0599999999977,-1312.0299999999988
telco,random,200,3,0.3,0.05,2106.3910000000005,1053.1955000000003
telco,random,200,3,0.3,0.1,4212.782000000001,2106.3910000000005
telco,random,200,3,0.3,0.15,6319.1730000000025,3159.5865000000013
telco,random,200,3,0.3,0.2,8425.564000000002,4212.782000000001
telco,random,200,3,0.3,0.25,10531.955000000002,5265.977500000001
telco,random,200,3,0.3,0.3,12638.346000000005,6319.1730000000025
telco,random,200,3,0.3,0.35,14744.737000000001,7372.3685000000005
telco,random,200,3,0.3,0.4,16851.128000000004,8425.564000000002
telco,random,200,3,0.3,0.45,18957.519,9478.7595
telco,random,200,3,0.3,0.5,21063.910000000003,10531.955000000002
telco,tabpfn,200,4,0.1,0.05,1349.92,674.96
telco,tabpfn,200,4,0.1,0.1,2467.2199999999993,1233.6099999999997
telco,tabpfn,200,4,0.1,0.15,2421.84,1210.92
telco,tabpfn,200,4,0.1,0.2,1970.020000000004,985.010000000002
telco,tabpfn,200,4,0.1,0.25,1266.2599999999984,633.1299999999992
telco,tabpfn,200,4,0.1,0.3,320.15999999999985,160.07999999999993
telco,tabpfn,200,4,0.1,0.35,-1049.5400000000009,-524.7700000000004
telco,tabpfn,200,4,0.1,0.4,-4059.519999999997,-2029.7599999999982
telco,tabpfn,200,4,0.1,0.45,-6762.059999999998,-3381.029999999999
telco,tabpfn,200,4,0.1,0.5,-9950.720000000001,-4975.360000000001
telco,tabpfn,200,4,0.2,0.05,7699.84,3849.92
telco,tabpfn,200,4,0.2,0.1,14934.439999999999,7467.219999999999
telco,tabpfn,200,4,0.2,0.15,19843.68,9921.84
telco,tabpfn,200,4,0.2,0.2,23940.040000000008,11970.020000000004
telco,tabpfn,200,4,0.2,0.25,27532.519999999997,13766.259999999998
telco,tabpfn,200,4,0.2,0.3,30640.32,15320.16
telco,tabpfn,200,4,0.2,0.35,32900.92,16450.46
telco,tabpfn,200,4,0.2,0.4,31880.960000000006,15940.480000000003
telco,tabpfn,200,4,0.2,0.45,31475.880000000005,15737.940000000002
telco,tabpfn,200,4,0.2,0.5,30098.559999999998,15049.279999999999
telco,tabpfn,200,4,0.3,0.05,14049.759999999998,7024.879999999999
telco,tabpfn,200,4,0.3,0.1,27401.659999999996,13700.829999999998
telco,tabpfn,200,4,0.3,0.15,37265.52,18632.76
telco,tabpfn,200,4,0.3,0.2,45910.06,22955.03
telco,tabpfn,200,4,0.3,0.25,53798.779999999984,26899.389999999992
telco,tabpfn,200,4,0.3,0.3,60960.479999999996,30480.239999999998
telco,tabpfn,200,4,0.3,0.35,66851.37999999999,33425.689999999995
telco,tabpfn,200,4,0.3,0.4,67821.44000000002,33910.72000000001
telco,tabpfn,200,4,0.3,0.45,69713.82,34856.91
telco,tabpfn,200,4,0.3,0.5,70147.84,35073.92
telco,xgb_optuna,200,4,0.1,0.05,967.3000000000011,483.65000000000055
telco,xgb_optuna,200,4,0.1,0.1,2064.5,1032.25
telco,xgb_optuna,200,4,0.1,0.15,2224.2000000000007,1112.1000000000004
telco,xgb_optuna,200,4,0.1,0.2,2269.600000000002,1134.800000000001
telco,xgb_optuna,200,4,0.1,0.25,1790.0599999999977,895.0299999999988
telco,xgb_optuna,200,4,0.1,0.3,624.0,312.0
telco,xgb_optuna,200,4,0.1,0.35,-1883.0,-941.5
telco,xgb_optuna,200,4,0.1,0.4,-4755.580000000002,-2377.790000000001
telco,xgb_optuna,200,4,0.1,0.45,-7320.719999999994,-3660.359999999997
telco,xgb_optuna,200,4,0.1,0.5,-9205.099999999999,-4602.549999999999
telco,xgb_optuna,200,4,0.2,0.05,6934.600000000002,3467.300000000001
telco,xgb_optuna,200,4,0.2,0.1,14129.0,7064.5
telco,xgb_optuna,200,4,0.2,0.15,19448.4,9724.2
telco,xgb_optuna,200,4,0.2,0.2,24539.200000000004,12269.600000000002
telco,xgb_optuna,200,4,0.2,0.25,28580.119999999995,14290.059999999998
telco,xgb_optuna,200,4,0.2,0.3,31248.0,15624.0
telco,xgb_optuna,200,4,0.2,0.35,31234.0,15617.0
telco,xgb_optuna,200,4,0.2,0.4,30488.839999999997,15244.419999999998
telco,xgb_optuna,200,4,0.2,0.45,30358.560000000012,15179.280000000006
telco,xgb_optuna,200,4,0.2,0.5,31589.800000000003,15794.900000000001
telco,xgb_optuna,200,4,0.3,0.05,12901.900000000001,6450.950000000001
telco,xgb_optuna,200,4,0.3,0.1,26193.5,13096.75
telco,xgb_optuna,200,4,0.3,0.15,36672.6,18336.3
telco,xgb_optuna,200,4,0.3,0.2,46808.8,23404.4
telco,xgb_optuna,200,4,0.3,0.25,55370.17999999999,27685.089999999997
telco,xgb_optuna,200,4,0.3,0.3,61872.0,30936.0
telco,xgb_optuna,200,4,0.3,0.35,64351.0,32175.5
telco,xgb_optuna,200,4,0.3,0.4,65733.25999999998,32866.62999999999
telco,xgb_optuna,200,4,0.3,0.45,68037.84000000001,34018.920000000006
telco,xgb_optuna,200,4,0.3,0.5,72384.7,36192.35
telco,xgb,200,4,0.1,0.05,1562.380000000001,781.1900000000005
telco,xgb,200,4,0.1,0.1,1119.800000000001,559.9000000000005
telco,xgb,200,4,0.1,0.15,1711.6800000000003,855.8400000000001
telco,xgb,200,4,0.1,0.2,727.2400000000016,363.6200000000008
telco,xgb,200,4,0.1,0.25,-819.1599999999999,-409.5799999999999
telco,xgb,200,4,0.1,0.3,-2604.0,-1302.0
telco,xgb,200,4,0.1,0.35,-3560.4199999999946,-1780.2099999999973
telco,xgb,200,4,0.1,0.4,-6060.280000000006,-3030.140000000003
telco,xgb,200,4,0.1,0.45,-9046.380000000005,-4523.190000000002
telco,xgb,200,4,0.1,0.5,-11422.340000000004,-5711.170000000002
telco,xgb,200,4,0.2,0.05,8124.760000000002,4062.380000000001
telco,xgb,200,4,0.2,0.1,12239.600000000002,6119.800000000001
telco,xgb,200,4,0.2,0.15,18423.36,9211.68
telco,xgb,200,4,0.2,0.2,21454.480000000003,10727.240000000002
telco,xgb,200,4,0.2,0.25,23361.68,11680.84
telco,xgb,200,4,0.2,0.3,24792.0,12396.0
telco,xgb,200,4,0.2,0.35,27879.16000000001,13939.580000000005
telco,xgb,200,4,0.2,0.4,27879.439999999988,13939.719999999994
telco,xgb,200,4,0.2,0.45,26907.23999999999,13453.619999999995
telco,xgb,200,4,0.2,0.5,27155.319999999992,13577.659999999996
telco,xgb,200,4,0.3,0.05,14687.14,7343.57
telco,xgb,200,4,0.3,0.1,23359.4,11679.7
telco,xgb,200,4,0.3,0.15,35135.03999999999,17567.519999999997
telco,xgb,200,4,0.3,0.2,42181.719999999994,21090.859999999997
telco,xgb,200,4,0.3,0.25,47542.51999999999,23771.259999999995
telco,xgb,200,4,0.3,0.3,52188.0,26094.0
telco,xgb,200,4,0.3,0.35,59318.740000000005,29659.370000000003
telco,xgb,200,4,0.3,0.4,61819.15999999999,30909.579999999994
telco,xgb,200,4,0.3,0.45,62860.859999999986,31430.429999999993
telco,xgb,200,4,0.3,0.5,65732.98,32866.49
telco,logreg,200,4,0.1,0.05,1055.9800000000005,527.9900000000002
telco,logreg,200,4,0.1,0.1,1628.5400000000009,814.2700000000004
telco,logreg,200,4,0.1,0.15,1945.6200000000026,972.8100000000013
telco,logreg,200,4,0.1,0.2,1940.260000000002,970.130000000001
telco,logreg,200,4,0.1,0.25,1415.9000000000015,707.9500000000007
telco,logreg,200,4,0.1,0.3,-536.0999999999985,-268.0499999999993
telco,logreg,200,4,0.1,0.35,-2568.7999999999993,-1284.3999999999996
telco,logreg,200,4,0.1,0.4,-4259.979999999996,-2129.989999999998
telco,logreg,200,4,0.1,0.45,-6516.360000000001,-3258.1800000000003
telco,logreg,200,4,0.1,0.5,-10661.18,-5330.59
telco,logreg,200,4,0.2,0.05,7111.960000000001,3555.9800000000005
telco,logreg,200,4,0.2,0.1,13257.080000000002,6628.540000000001
telco,logreg,200,4,0.2,0.15,18891.240000000005,9445.620000000003
telco,logreg,200,4,0.2,0.2,23880.520000000004,11940.260000000002
telco,logreg,200,4,0.2,0.25,27831.800000000003,13915.900000000001
telco,logreg,200,4,0.2,0.3,28927.800000000003,14463.900000000001
telco,logreg,200,4,0.2,0.35,29862.4,14931.2
telco,logreg,200,4,0.2,0.4,31480.040000000008,15740.020000000004
telco,logreg,200,4,0.2,0.45,31967.28,15983.64
telco,logreg,200,4,0.2,0.5,28677.64,14338.82
telco,logreg,200,4,0.3,0.05,13167.939999999999,6583.969999999999
telco,logreg,200,4,0.3,0.1,24885.619999999995,12442.809999999998
telco,logreg,200,4,0.3,0.15,35836.86,17918.43
telco,logreg,200,4,0.3,0.2,45820.78,22910.39
telco,logreg,200,4,0.3,0.25,54247.7,27123.85
telco,logreg,200,4,0.3,0.3,58391.7,29195.85
telco,logreg,200,4,0.3,0.35,62293.59999999999,31146.799999999996
telco,logreg,200,4,0.3,0.4,67220.06,33610.03
telco,logreg,200,4,0.3,0.45,70450.91999999998,35225.45999999999
telco,logreg,200,4,0.3,0.5,68016.45999999998,34008.22999999999
telco,random,200,4,0.1,0.05,-2580.347,-1290.1735
telco,random,200,4,0.1,0.1,-5160.694,-2580.347
telco,random,200,4,0.1,0.15,-7741.041,-3870.5205
telco,random,200,4,0.1,0.2,-10321.388,-5160.694
telco,random,200,4,0.1,0.25,-12901.735,-6450.8675
telco,random,200,4,0.1,0.3,-15482.082,-7741.041
telco,random,200,4,0.1,0.35,-18062.429,-9031.2145
telco,random,200,4,0.1,0.4,-20642.776,-10321.388
telco,random,200,4,0.1,0.45,-23223.123,-11611.5615
telco,random,200,4,0.1,0.5,-25803.47,-12901.735
telco,random,200,4,0.2,0.05,-160.69400000000041,-80.34700000000021
telco,random,200,4,0.2,0.1,-321.38800000000083,-160.69400000000041
telco,random,200,4,0.2,0.15,-482.08200000000033,-241.04100000000017
telco,random,200,4,0.2,0.2,-642.7760000000017,-321.38800000000083
telco,random,200,4,0.2,0.25,-803.4700000000012,-401.7350000000006
telco,random,200,4,0.2,0.3,-964.1640000000007,-482.08200000000033
telco,random,200,4,0.2,0.35,-1124.8580000000002,-562.4290000000001
telco,random,200,4,0.2,0.4,-1285.5520000000033,-642.7760000000017
telco,random,200,4,0.2,0.45,-1446.2459999999992,-723.1229999999996
telco,random,200,4,0.2,0.5,-1606.9400000000023,-803.4700000000012
telco,random,200,4,0.3,0.05,2258.959,1129.4795
telco,random,200,4,0.3,0.1,4517.918,2258.959
telco,random,200,4,0.3,0.15,6776.877,3388.4385
telco,random,200,4,0.3,0.2,9035.836,4517.918
telco,random,200,4,0.3,0.25,11294.794999999998,5647.397499999999
telco,random,200,4,0.3,0.3,13553.754,6776.877
telco,random,200,4,0.3,0.35,15812.712999999996,7906.356499999998
telco,random,200,4,0.3,0.4,18071.672,9035.836
telco,random,200,4,0.3,0.45,20330.630999999994,10165.315499999997
telco,random,200,4,0.3,0.5,22589.589999999997,11294.794999999998
telco,tabpfn,200,5,0.1,0.05,2712.580000000001,1356.2900000000004
telco,tabpfn,200,5,0.1,0.1,4135.760000000002,2067.880000000001
telco,tabpfn,200,5,0.1,0.15,4167.0,2083.5
telco,tabpfn,200,5,0.1,0.2,3429.279999999999,1714.6399999999994
telco,tabpfn,200,5,0.1,0.25,2503.340000000004,1251.670000000002
telco,tabpfn,200,5,0.1,0.3,914.1599999999999,457.0799999999999
telco,tabpfn,200,5,0.1,0.35,-1047.199999999997,-523.5999999999985
telco,tabpfn,200,5,0.1,0.4,-3482.0799999999945,-1741.0399999999972
telco,tabpfn,200,5,0.1,0.45,-6809.219999999994,-3404.609999999997
telco,tabpfn,200,5,0.1,0.5,-9837.980000000003,-4918.990000000002
telco,tabpfn,200,5,0.2,0.05,10425.160000000002,5212.580000000001
telco,tabpfn,200,5,0.2,0.1,18271.520000000004,9135.760000000002
telco,tabpfn,200,5,0.2,0.15,23334.0,11667.0
telco,tabpfn,200,5,0.2,0.2,26858.559999999998,13429.279999999999
telco,tabpfn,200,5,0.2,0.25,30006.680000000008,15003.340000000004
telco,tabpfn,200,5,0.2,0.3,31828.32,15914.16
telco,tabpfn,200,5,0.2,0.35,32905.600000000006,16452.800000000003
telco,tabpfn,200,5,0.2,0.4,33035.84000000001,16517.920000000006
telco,tabpfn,200,5,0.2,0.45,31381.560000000012,15690.780000000006
telco,tabpfn,200,5,0.2,0.5,30324.039999999994,15162.019999999997
telco,tabpfn,200,5,0.3,0.05,18137.74,9068.87
telco,tabpfn,200,5,0.3,0.1,32407.28,16203.64
telco,tabpfn,200,5,0.3,0.15,42501.0,21250.5
telco,tabpfn,200,5,0.3,0.2,50287.84,25143.92
telco,tabpfn,200,5,0.3,0.25,57510.020000000004,28755.010000000002
telco,tabpfn,200,5,0.3,0.3,62742.479999999996,31371.239999999998
telco,tabpfn,200,5,0.3,0.35,66858.4,33429.2
telco,tabpfn,200,5,0.3,0.4,69553.76,34776.88
telco,tabpfn,200,5,0.3,0.45,69572.34000000001,34786.170000000006
telco,tabpfn,200,5,0.3,0.5,70486.05999999998,35243.02999999999
telco,xgb_optuna,200,5,0.1,0.05,2466.340000000001,1233.1700000000005
telco,xgb_optuna,200,5,0.1,0.1,3595.5800000000017,1797.7900000000009
telco,xgb_optuna,200,5,0.1,0.15,3492.0,1746.0
telco,xgb_optuna,200,5,0.1,0.2,2585.019999999997,1292.5099999999984
telco,xgb_optuna,200,5,0.1,0.25,1602.8600000000006,801.4300000000003
telco,xgb_optuna,200,5,0.1,0.3,1218.9599999999991,609.4799999999996
telco,xgb_optuna,200,5,0.1,0.35,-4.759999999994761,-2.3799999999973807
telco,xgb_optuna,200,5,0.1,0.4,-3172.060000000005,-1586.0300000000025
telco,xgb_optuna,200,5,0.1,0.45,-6807.539999999994,-3403.769999999997
telco,xgb_optuna,200,5,0.1,0.5,-10457.959999999992,-5228.979999999996
telco,xgb_optuna,200,5,0.2,0.05,9932.680000000002,4966.340000000001
telco,xgb_optuna,200,5,0.2,0.1,17191.160000000003,8595.580000000002
telco,xgb_optuna,200,5,0.2,0.15,21984.0,10992.0
telco,xgb_optuna,200,5,0.2,0.2,25170.039999999994,12585.019999999997
telco,xgb_optuna,200,5,0.2,0.25,28205.72,14102.86
telco,xgb_optuna,200,5,0.2,0.3,32437.92,16218.96
telco,xgb_optuna,200,5,0.2,0.35,34990.48000000001,17495.240000000005
telco,xgb_optuna,200,5,0.2,0.4,33655.87999999999,16827.939999999995
telco,xgb_optuna,200,5,0.2,0.45,31384.920000000013,15692.460000000006
telco,xgb_optuna,200,5,0.2,0.5,29084.080000000016,14542.040000000008
telco,xgb_optuna,200,5,0.3,0.05,17399.02,8699.51
telco,xgb_optuna,200,5,0.3,0.1,30786.740000000005,15393.370000000003
telco,xgb_optuna,200,5,0.3,0.15,40476.0,20238.0
telco,xgb_optuna,200,5,0.3,0.2,47755.05999999998,23877.52999999999
telco,xgb_optuna,200,5,0.3,0.25,54808.57999999999,27404.289999999994
telco,xgb_optuna,200,5,0.3,0.3,63656.87999999999,31828.439999999995
telco,xgb_optuna,200,5,0.3,0.35,69985.72,34992.86
telco,xgb_optuna,200,5,0.3,0.4,70483.81999999999,35241.909999999996
telco,xgb_optuna,200,5,0.3,0.45,69577.38,34788.69
telco,xgb_optuna,200,5,0.3,0.5,68626.12,34313.06
telco,xgb,200,5,0.1,0.05,821.7400000000007,410.87000000000035
telco,xgb,200,5,0.1,0.1,1100.5400000000009,550.2700000000004
telco,xgb,200,5,0.1,0.15,52.20000000000073,26.100000000000364
telco,xgb,200,5,0.1,0.2,-921.2000000000007,-460.60000000000036
telco,xgb,200,5,0.1,0.25,-1638.8199999999997,-819.4099999999999
telco,xgb,200,5,0.1,0.3,-2932.0800000000017,-1466.0400000000009
telco,xgb,200,5,0.1,0.35,-4466.719999999994,-2233.359999999997
telco,xgb,200,5,0.1,0.4,-6203.199999999997,-3101.5999999999985
telco,xgb,200,5,0.1,0.45,-8791.68,-4395.84
telco,xgb,200,5,0.1,0.5,-11885.120000000003,-5942.560000000001
telco,xgb,200,5,0.2,0.05,6643.480000000001,3321.7400000000007
telco,xgb,200,5,0.2,0.1,12201.080000000002,6100.540000000001
telco,xgb,200,5,0.2,0.15,15104.400000000001,7552.200000000001
telco,xgb,200,5,0.2,0.2,18157.6,9078.8
telco,xgb,200,5,0.2,0.25,21722.36,10861.18
telco,xgb,200,5,0.2,0.3,24135.839999999997,12067.919999999998
telco,xgb,200,5,0.2,0.35,26066.560000000012,13033.280000000006
telco,xgb,200,5,0.2,0.4,27593.600000000006,13796.800000000003
telco,xgb,200,5,0.2,0.45,27416.64,13708.32
telco,xgb,200,5,0.2,0.5,26229.759999999995,13114.879999999997
telco,xgb,200,5,0.3,0.05,12465.220000000001,6232.610000000001
telco,xgb,200,5,0.3,0.1,23301.620000000003,11650.810000000001
telco,xgb,200,5,0.3,0.15,30156.6,15078.3
telco,xgb,200,5,0.3,0.2,37236.4,18618.2
telco,xgb,200,5,0.3,0.25,45083.53999999999,22541.769999999997
telco,xgb,200,5,0.3,0.3,51203.75999999998,25601.87999999999
telco,xgb,200,5,0.3,0.35,56599.84000000001,28299.920000000006
telco,xgb,200,5,0.3,0.4,61390.399999999994,30695.199999999997
telco,xgb,200,5,0.3,0.45,63624.95999999998,31812.47999999999
telco,xgb,200,5,0.3,0.5,64344.64,32172.32
telco,logreg,200,5,0.1,0.05,3350.319999999998,1675.159999999999
telco,logreg,200,5,0.1,0.1,3929.959999999999,1964.9799999999996
telco,logreg,200,5,0.1,0.15,4133.639999999999,2066.8199999999997
telco,logreg,200,5,0.1,0.2,3567.279999999999,1783.6399999999994
telco,logreg,200,5,0.1,0.25,3056.300000000003,1528.1500000000015
telco,logreg,200,5,0.1,0.3,972.2999999999956,486.1499999999978
telco,logreg,200,5,0.1,0.35,-791.5400000000009,-395.77000000000044
telco,logreg,200,5,0.1,0.4,-3296.5,-1648.25
telco,logreg,200,5,0.1,0.45,-6142.440000000002,-3071.220000000001
telco,logreg,200,5,0.1,0.5,-9304.099999999999,-4652.049999999999
telco,logreg,200,5,0.2,0.05,11700.639999999996,5850.319999999998
telco,logreg,200,5,0.2,0.1,17859.92,8929.96
telco,logreg,200,5,0.2,0.15,23267.28,11633.64
telco,logreg,200,5,0.2,0.2,27134.559999999998,13567.279999999999
telco,logreg,200,5,0.2,0.25,31112.600000000006,15556.300000000003
telco,logreg,200,5,0.2,0.3,31944.59999999999,15972.299999999996
telco,logreg,200,5,0.2,0.35,33416.92,16708.46
telco,logreg,200,5,0.2,0.4,33407.0,16703.5
telco,logreg,200,5,0.2,0.45,32715.119999999995,16357.56
telco,logreg,200,5,0.2,0.5,31391.800000000003,15695.900000000001
telco,logreg,200,5,0.3,0.05,20050.959999999995,10025.479999999998
telco,logreg,200,5,0.3,0.1,31789.87999999999,15894.939999999995
telco,logreg,200,5,0.3,0.15,42400.92,21200.46
telco,logreg,200,5,0.3,0.2,50701.84,25350.92
telco,logreg,200,5,0.3,0.25,59168.899999999994,29584.449999999997
telco,logreg,200,5,0.3,0.3,62916.89999999998,31458.44999999999
telco,logreg,200,5,0.3,0.35,67625.37999999999,33812.689999999995
telco,logreg,200,5,0.3,0.4,70110.5,35055.25
telco,logreg,200,5,0.3,0.45,71572.68,35786.34
telco,logreg,200,5,0.3,0.5,72087.7,36043.85
telco,random,200,5,0.1,0.05,-2669.3030000000003,-1334.6515000000002
telco,random,200,5,0.1,0.1,-5338.606000000001,-2669.3030000000003
telco,random,200,5,0.1,0.15,-8007.909000000001,-4003.9545
telco,random,200,5,0.1,0.2,-10677.212000000001,-5338.606000000001
telco,random,200,5,0.1,0.25,-13346.515000000001,-6673.257500000001
telco,random,200,5,0.1,0.3,-16015.818000000001,-8007.909
telco,random,200,5,0.1,0.35,-18685.121,-9342.5605
telco,random,200,5,0.1,0.4,-21354.424000000003,-10677.212000000001
telco,random,200,5,0.1,0.45,-24023.727000000003,-12011.863500000001
telco,random,200,5,0.1,0.5,-26693.030000000002,-13346.515000000001
telco,random,200,5,0.2,0.05,-338.6060000000007,-169.30300000000034
telco,random,200,5,0.2,0.1,-677.2120000000014,-338.6060000000007
telco,random,200,5,0.2,0.15,-1015.8180000000011,-507.9090000000006
telco,random,200,5,0.2,0.2,-1354.4240000000027,-677.2120000000014
telco,random,200,5,0.2,0.25,-1693.0300000000025,-846.5150000000012
telco,random,200,5,0.2,0.3,-2031.6360000000022,-1015.8180000000012
telco,random,200,5,0.2,0.35,-2370.242000000002,-1185.121000000001
telco,random,200,5,0.2,0.4,-2708.8480000000054,-1354.4240000000027
telco,random,200,5,0.2,0.45,-3047.454000000005,-1523.7270000000026
telco,random,200,5,0.2,0.5,-3386.060000000005,-1693.0300000000025
telco,random,200,5,0.3,0.05,1992.0909999999994,996.0454999999997
telco,random,200,5,0.3,0.1,3984.181999999999,1992.0909999999994
telco,random,200,5,0.3,0.15,5976.272999999997,2988.1364999999987
telco,random,200,5,0.3,0.2,7968.363999999998,3984.181999999999
telco,random,200,5,0.3,0.25,9960.454999999994,4980.227499999997
telco,random,200,5,0.3,0.3,11952.545999999995,5976.272999999997
telco,random,200,5,0.3,0.35,13944.636999999995,6972.318499999998
telco,random,200,5,0.3,0.4,15936.727999999996,7968.363999999998
telco,random,200,5,0.3,0.45,17928.818999999996,8964.409499999998
telco,random,200,5,0.3,0.5,19920.90999999999,9960.454999999994
telco,tabpfn,200,6,0.1,0.05,2817.040000000001,1408.5200000000004
telco,tabpfn,200,6,0.1,0.1,4385.0,2192.5
telco,tabpfn,200,6,0.1,0.15,5591.820000000003,2795.9100000000017
telco,tabpfn,200,6,0.1,0.2,5828.68,2914.34
telco,tabpfn,200,6,0.1,0.25,5423.779999999999,2711.8899999999994
telco,tabpfn,200,6,0.1,0.3,3903.0,1951.5
telco,tabpfn,200,6,0.1,0.35,1225.0599999999977,612.5299999999988
telco,tabpfn,200,6,0.1,0.4,-1387.6599999999962,-693.8299999999981
telco,tabpfn,200,6,0.1,0.45,-4492.199999999997,-2246.0999999999985
telco,tabpfn,200,6,0.1,0.5,-7750.220000000001,-3875.1100000000006
telco,tabpfn,200,6,0.2,0.05,10634.080000000002,5317.040000000001
telco,tabpfn,200,6,0.2,0.1,18770.0,9385.0
telco,tabpfn,200,6,0.2,0.15,26183.640000000007,13091.820000000003
telco,tabpfn,200,6,0.2,0.2,31657.36,15828.68
telco,tabpfn,200,6,0.2,0.25,35847.56,17923.78
telco,tabpfn,200,6,0.2,0.3,37806.0,18903.0
telco,tabpfn,200,6,0.2,0.35,37450.119999999995,18725.059999999998
telco,tabpfn,200,6,0.2,0.4,37224.68000000001,18612.340000000004
telco,tabpfn,200,6,0.2,0.45,36015.600000000006,18007.800000000003
telco,tabpfn,200,6,0.2,0.5,34499.56,17249.78
telco,tabpfn,200,6,0.3,0.05,18451.120000000003,9225.560000000001
telco,tabpfn,200,6,0.3,0.1,33155.0,16577.5
telco,tabpfn,200,6,0.3,0.15,46775.46,23387.73
telco,tabpfn,200,6,0.3,0.2,57486.03999999999,28743.019999999997
telco,tabpfn,200,6,0.3,0.25,66271.34,33135.67
telco,tabpfn,200,6,0.3,0.3,71709.0,35854.5
telco,tabpfn,200,6,0.3,0.35,73675.18,36837.59
telco,tabpfn,200,6,0.3,0.4,75837.02,37918.51
telco,tabpfn,200,6,0.3,0.45,76523.4,38261.7
telco,tabpfn,200,6,0.3,0.5,76749.34,38374.67
telco,xgb_optuna,200,6,0.1,0.05,2713.0600000000013,1356.5300000000007
telco,xgb_optuna,200,6,0.1,0.1,3652.4000000000015,1826.2000000000007
telco,xgb_optuna,200,6,0.1,0.15,3451.1399999999994,1725.5699999999997
telco,xgb_optuna,200,6,0.1,0.2,3306.6399999999994,1653.3199999999997
telco,xgb_optuna,200,6,0.1,0.25,3865.220000000001,1932.6100000000006
telco,xgb_optuna,200,6,0.1,0.3,2680.679999999993,1340.3399999999965
telco,xgb_optuna,200,6,0.1,0.35,624.8199999999997,312.40999999999985
telco,xgb_optuna,200,6,0.1,0.4,-2134.480000000003,-1067.2400000000016
telco,xgb_optuna,200,6,0.1,0.45,-4353.419999999998,-2176.709999999999
telco,xgb_optuna,200,6,0.1,0.5,-7735.459999999992,-3867.729999999996
telco,xgb_optuna,200,6,0.2,0.05,10426.120000000003,5213.060000000001
telco,xgb_optuna,200,6,0.2,0.1,17304.800000000003,8652.400000000001
telco,xgb_optuna,200,6,0.2,0.15,21902.28,10951.14
telco,xgb_optuna,200,6,0.2,0.2,26613.28,13306.64
telco,xgb_optuna,200,6,0.2,0.25,32730.440000000002,16365.220000000001
telco,xgb_optuna,200,6,0.2,0.3,35361.359999999986,17680.679999999993
telco,xgb_optuna,200,6,0.2,0.35,36249.64,18124.82
telco,xgb_optuna,200,6,0.2,0.4,35731.03999999999,17865.519999999997
telco,xgb_optuna,200,6,0.2,0.45,36293.16,18146.58
telco,xgb_optuna,200,6,0.2,0.5,34529.080000000016,17264.540000000008
telco,xgb_optuna,200,6,0.3,0.05,18139.18,9069.59
telco,xgb_optuna,200,6,0.3,0.1,30957.199999999997,15478.599999999999
telco,xgb_optuna,200,6,0.3,0.15,40353.42,20176.71
telco,xgb_optuna,200,6,0.3,0.2,49919.919999999984,24959.959999999992
telco,xgb_optuna,200,6,0.3,0.25,61595.66,30797.83
telco,xgb_optuna,200,6,0.3,0.3,68042.03999999998,34021.01999999999
telco,xgb_optuna,200,6,0.3,0.35,71874.46,35937.23
telco,xgb_optuna,200,6,0.3,0.4,73596.55999999998,36798.27999999999
telco,xgb_optuna,200,6,0.3,0.45,76939.73999999999,38469.869999999995
telco,xgb_optuna,200,6,0.3,0.5,76793.62,38396.81
telco,xgb,200,6,0.1,0.05,2461.66,1230.83
telco,xgb,200,6,0.1,0.1,3788.84,1894.42
telco,xgb,200,6,0.1,0.15,3691.6200000000026,1845.8100000000013
telco,xgb,200,6,0.1,0.2,3284.5,1642.25
telco,xgb,200,6,0.1,0.25,2664.5599999999977,1332.2799999999988
telco,xgb,200,6,0.1,0.3,1201.739999999998,600.869999999999
telco,xgb,200,6,0.1,0.35,-853.0400000000009,-426.52000000000044
telco,xgb,200,6,0.1,0.4,-3689.5,-1844.75
telco,xgb,200,6,0.1,0.45,-5983.919999999991,-2991.9599999999955
telco,xgb,200,6,0.1,0.5,-8869.399999999994,-4434.699999999997
telco,xgb,200,6,0.2,0.05,9923.32,4961.66
telco,xgb,200,6,0.2,0.1,17577.68,8788.84
telco,xgb,200,6,0.2,0.15,22383.240000000005,11191.620000000003
telco,xgb,200,6,0.2,0.2,26569.0,13284.5
telco,xgb,200,6,0.2,0.25,30329.119999999995,15164.559999999998
telco,xgb,200,6,0.2,0.3,32403.479999999996,16201.739999999998
telco,xgb,200,6,0.2,0.35,33293.92,16646.96
telco,xgb,200,6,0.2,0.4,32621.0,16310.500000000002
telco,xgb,200,6,0.2,0.45,33032.16000000002,16516.08000000001
telco,xgb,200,6,0.2,0.5,32261.20000000001,16130.600000000004
telco,xgb,200,6,0.3,0.05,17384.979999999996,8692.489999999998
telco,xgb,200,6,0.3,0.1,31366.519999999997,15683.259999999998
telco,xgb,200,6,0.3,0.15,41074.86,20537.43
telco,xgb,200,6,0.3,0.2,49853.5,24926.75
telco,xgb,200,6,0.3,0.25,57993.67999999999,28996.839999999997
telco,xgb,200,6,0.3,0.3,63605.21999999999,31802.609999999993
telco,xgb,200,6,0.3,0.35,67440.87999999999,33720.439999999995
telco,xgb,200,6,0.3,0.4,68931.5,34465.75
telco,xgb,200,6,0.3,0.45,72048.24,36024.12
telco,xgb,200,6,0.3,0.5,73391.79999999999,36695.899999999994
telco,logreg,200,6,0.1,0.05,2894.079999999999,1447.0399999999995
telco,logreg,200,6,0.1,0.1,4483.880000000003,2241.9400000000014
telco,logreg,200,6,0.1,0.15,6184.620000000003,3092.3100000000013
telco,logreg,200,6,0.1,0.2,6161.739999999998,3080.869999999999
telco,logreg,200,6,0.1,0.25,4342.759999999998,2171.379999999999
telco,logreg,200,6,0.1,0.3,2465.459999999999,1232.7299999999996
telco,logreg,200,6,0.1,0.35,630.760000000002,315.380000000001
telco,logreg,200,6,0.1,0.4,-2144.1399999999994,-1072.0699999999997
telco,logreg,200,6,0.1,0.45,-4733.5799999999945,-2366.7899999999972
telco,logreg,200,6,0.1,0.5,-7880.299999999996,-3940.149999999998
telco,logreg,200,6,0.2,0.05,10788.159999999998,5394.079999999999
telco,logreg,200,6,0.2,0.1,18967.760000000006,9483.880000000003
telco,logreg,200,6,0.2,0.15,27369.240000000005,13684.620000000003
telco,logreg,200,6,0.2,0.2,32323.479999999996,16161.739999999998
telco,logreg,200,6,0.2,0.25,33685.52,16842.76
telco,logreg,200,6,0.2,0.3,34930.92,17465.46
telco,logreg,200,6,0.2,0.35,36261.520000000004,18130.760000000002
telco,logreg,200,6,0.2,0.4,35711.72,17855.86
telco,logreg,200,6,0.2,0.45,35532.84000000001,17766.420000000006
telco,logreg,200,6,0.2,0.5,34239.40000000001,17119.700000000004
telco,logreg,200,6,0.3,0.05,18682.239999999994,9341.119999999997
telco,logreg,200,6,0.3,0.1,33451.64000000001,16725.820000000003
telco,logreg,200,6,0.3,0.15,48553.86,24276.93
telco,logreg,200,6,0.3,0.2,58485.21999999999,29242.609999999993
telco,logreg,200,6,0.3,0.25,63028.279999999984,31514.139999999992
telco,logreg,200,6,0.3,0.3,67396.37999999999,33698.189999999995
telco,logreg,200,6,0.3,0.35,71892.28000000001,35946.14000000001
telco,logreg,200,6,0.3,0.4,73567.57999999999,36783.78999999999
telco,logreg,200,6,0.3,0.45,75799.26,37899.63
telco,logreg,200,6,0.3,0.5,76359.09999999999,38179.549999999996
telco,random,200,6,0.1,0.05,-2634.827,-1317.4135
telco,random,200,6,0.1,0.1,-5269.654,-2634.827
telco,random,200,6,0.1,0.15,-7904.481000000001,-3952.2405000000003
telco,random,200,6,0.1,0.2,-10539.308,-5269.654
telco,random,200,6,0.1,0.25,-13174.135000000002,-6587.067500000001
telco,random,200,6,0.1,0.3,-15808.962000000001,-7904.481000000001
telco,random,200,6,0.1,0.35,-18443.789,-9221.8945
telco,random,200,6,0.1,0.4,-21078.616,-10539.308
telco,random,200,6,0.1,0.45,-23713.443000000003,-11856.721500000001
telco,random,200,6,0.1,0.5,-26348.270000000004,-13174.135000000002
telco,random,200,6,0.2,0.05,-269.65400000000045,-134.82700000000023
telco,random,200,6,0.2,0.1,-539.3080000000009,-269.65400000000045
telco,random,200,6,0.2,0.15,-808.9620000000014,-404.4810000000007
telco,random,200,6,0.2,0.2,-1078.6160000000018,-539.3080000000009
telco,random,200,6,0.2,0.25,-1348.270000000004,-674.135000000002
telco,random,200,6,0.2,0.3,-1617.9240000000027,-808.9620000000014
telco,random,200,6,0.2,0.35,-1887.5780000000013,-943.7890000000007
telco,random,200,6,0.2,0.4,-2157.2320000000036,-1078.6160000000018
telco,random,200,6,0.2,0.45,-2426.886000000006,-1213.443000000003
telco,random,200,6,0.2,0.5,-2696.540000000008,-1348.270000000004
telco,random,200,6,0.3,0.05,2095.5189999999993,1047.7594999999997
telco,random,200,6,0.3,0.1,4191.037999999999,2095.5189999999993
telco,random,200,6,0.3,0.15,6286.556999999997,3143.2784999999985
telco,random,200,6,0.3,0.2,8382.075999999997,4191.037999999999
telco,random,200,6,0.3,0.25,10477.594999999994,5238.797499999997
telco,random,200,6,0.3,0.3,12573.113999999994,6286.556999999997
telco,random,200,6,0.3,0.35,14668.632999999994,7334.316499999997
telco,random,200,6,0.3,0.4,16764.151999999995,8382.075999999997
telco,random,200,6,0.3,0.45,18859.670999999995,9429.835499999997
telco,random,200,6,0.3,0.5,20955.189999999988,10477.594999999994
telco,tabpfn,200,7,0.1,0.05,3077.92,1538.96
telco,tabpfn,200,7,0.1,0.1,4865.0,2432.5
telco,tabpfn,200,7,0.1,0.15,5069.459999999999,2534.7299999999996
telco,tabpfn,200,7,0.1,0.2,4332.880000000001,2166.4400000000005
telco,tabpfn,200,7,0.1,0.25,3762.140000000003,1881.0700000000015
telco,tabpfn,200,7,0.1,0.3,2909.459999999999,1454.7299999999996
telco,tabpfn,200,7,0.1,0.35,1476.1599999999962,738.0799999999981
telco,tabpfn,200,7,0.1,0.4,-1278.280000000006,-639.140000000003
telco,tabpfn,200,7,0.1,0.45,-3501.1199999999953,-1750.5599999999977
telco,tabpfn,200,7,0.1,0.5,-6954.799999999996,-3477.399999999998
telco,tabpfn,200,7,0.2,0.05,11155.84,5577.92
telco,tabpfn,200,7,0.2,0.1,19730.0,9865.0
telco,tabpfn,200,7,0.2,0.15,25138.92,12569.46
telco,tabpfn,200,7,0.2,0.2,28665.760000000002,14332.880000000001
telco,tabpfn,200,7,0.2,0.25,32524.280000000006,16262.140000000003
telco,tabpfn,200,7,0.2,0.3,35818.92,17909.46
telco,tabpfn,200,7,0.2,0.35,37952.31999999999,18976.159999999996
telco,tabpfn,200,7,0.2,0.4,37443.43999999999,18721.719999999994
telco,tabpfn,200,7,0.2,0.45,37997.76000000001,18998.880000000005
telco,tabpfn,200,7,0.2,0.5,36090.40000000001,18045.200000000004
telco,tabpfn,200,7,0.3,0.05,19233.76,9616.88
telco,tabpfn,200,7,0.3,0.1,34595.0,17297.5
telco,tabpfn,200,7,0.3,0.15,45208.37999999999,22604.189999999995
telco,tabpfn,200,7,0.3,0.2,52998.64,26499.32
telco,tabpfn,200,7,0.3,0.25,61286.42,30643.21
telco,tabpfn,200,7,0.3,0.3,68728.37999999999,34364.189999999995
telco,tabpfn,200,7,0.3,0.35,74428.48,37214.24
telco,tabpfn,200,7,0.3,0.4,76165.15999999999,38082.579999999994
telco,tabpfn,200,7,0.3,0.45,79496.64000000001,39748.32000000001
telco,tabpfn,200,7,0.3,0.5,79135.59999999999,39567.799999999996
telco,xgb_optuna,200,7,0.1,0.05,2636.920000000002,1318.460000000001
telco,xgb_optuna,200,7,0.1,0.1,4034.300000000001,2017.1500000000005
telco,xgb_optuna,200,7,0.1,0.15,4166.939999999999,2083.4699999999993
telco,xgb_optuna,200,7,0.1,0.2,3054.520000000004,1527.260000000002
telco,xgb_optuna,200,7,0.1,0.25,1318.4599999999991,659.2299999999996
telco,xgb_optuna,200,7,0.1,0.3,538.140000000003,269.0700000000015
telco,xgb_optuna,200,7,0.1,0.35,-1722.5,-861.25
telco,xgb_optuna,200,7,0.1,0.4,-3717.459999999999,-1858.7299999999996
telco,xgb_optuna,200,7,0.1,0.45,-6788.0999999999985,-3394.0499999999993
telco,xgb_optuna,200,7,0.1,0.5,-9925.759999999995,-4962.879999999997
telco,xgb_optuna,200,7,0.2,0.05,10273.840000000004,5136.920000000002
telco,xgb_optuna,200,7,0.2,0.1,18068.600000000002,9034.300000000001
telco,xgb_optuna,200,7,0.2,0.15,23333.879999999997,11666.939999999999
telco,xgb_optuna,200,7,0.2,0.2,26109.040000000008,13054.520000000004
telco,xgb_optuna,200,7,0.2,0.25,27636.92,13818.46
telco,xgb_optuna,200,7,0.2,0.3,31076.280000000006,15538.140000000003
telco,xgb_optuna,200,7,0.2,0.35,31555.0,15777.5
telco,xgb_optuna,200,7,0.2,0.4,32565.08,16282.54
telco,xgb_optuna,200,7,0.2,0.45,31423.800000000003,15711.900000000001
telco,xgb_optuna,200,7,0.2,0.5,30148.48000000001,15074.240000000005
telco,xgb_optuna,200,7,0.3,0.05,17910.760000000002,8955.380000000001
telco,xgb_optuna,200,7,0.3,0.1,32102.9,16051.449999999999
telco,xgb_optuna,200,7,0.3,0.15,42500.82,21250.41
telco,xgb_optuna,200,7,0.3,0.2,49163.56,24581.78
telco,xgb_optuna,200,7,0.3,0.25,53955.37999999999,26977.689999999995
telco,xgb_optuna,200,7,0.3,0.3,61614.42,30807.21
telco,xgb_optuna,200,7,0.3,0.35,64832.5,32416.249999999996
telco,xgb_optuna,200,7,0.3,0.4,68847.62000000001,34423.810000000005
telco,xgb_optuna,200,7,0.3,0.45,69635.7,34817.85
telco,xgb_optuna,200,7,0.3,0.5,70222.72,35111.36
telco,xgb,200,7,0.1,0.05,1933.0599999999995,966.5299999999997
telco,xgb,200,7,0.1,0.1,3407.1800000000003,1703.5900000000001
telco,xgb,200,7,0.1,0.15,2358.2999999999993,1179.1499999999996
telco,xgb,200,7,0.1,0.2,1161.7599999999984,580.8799999999992
telco,xgb,200,7,0.1,0.25,199.1600000000035,99.58000000000175
telco,xgb,200,7,0.1,0.3,-1778.699999999997,-889.3499999999985
telco,xgb,200,7,0.1,0.35,-3895.7599999999948,-1947.8799999999974
telco,xgb,200,7,0.1,0.4,-6876.220000000001,-3438.1100000000006
telco,xgb,200,7,0.1,0.45,-9995.699999999997,-4997.8499999999985
telco,xgb,200,7,0.1,0.5,-13151.599999999999,-6575.799999999999
telco,xgb,200,7,0.2,0.05,8866.119999999999,4433.0599999999995
telco,xgb,200,7,0.2,0.1,16814.36,8407.18
telco,xgb,200,7,0.2,0.15,19716.6,9858.3
telco,xgb,200,7,0.2,0.2,22323.519999999997,11161.759999999998
telco,xgb,200,7,0.2,0.25,25398.320000000007,12699.160000000003
telco,xgb,200,7,0.2,0.3,26442.600000000006,13221.300000000003
telco,xgb,200,7,0.2,0.35,27208.48000000001,13604.240000000005
telco,xgb,200,7,0.2,0.4,26247.559999999998,13123.779999999999
telco,xgb,200,7,0.2,0.45,25008.600000000006,12504.300000000003
telco,xgb,200,7,0.2,0.5,23696.800000000003,11848.400000000001
telco,xgb,200,7,0.3,0.05,15799.179999999997,7899.589999999998
telco,xgb,200,7,0.3,0.1,30221.539999999994,15110.769999999997
telco,xgb,200,7,0.3,0.15,37074.9,18537.45
telco,xgb,200,7,0.3,0.2,43485.27999999999,21742.639999999996
telco,xgb,200,7,0.3,0.25,50597.479999999996,25298.739999999998
telco,xgb,200,7,0.3,0.3,54663.899999999994,27331.949999999997
telco,xgb,200,7,0.3,0.35,58312.72,29156.36
telco,xgb,200,7,0.3,0.4,59371.34,29685.67
telco,xgb,200,7,0.3,0.45,60012.899999999994,30006.449999999997
telco,xgb,200,7,0.3,0.5,60545.2,30272.6
telco,logreg,200,7,0.1,0.05,2468.0800000000017,1234.0400000000009
telco,logreg,200,7,0.1,0.1,3560.6600000000017,1780.3300000000008
telco,logreg,200,7,0.1,0.15,4299.239999999998,2149.619999999999
telco,logreg,200,7,0.1,0.2,4008.640000000003,2004.3200000000018
telco,logreg,200,7,0.1,0.25,3261.8600000000006,1630.9300000000003
telco,logreg,200,7,0.1,0.3,2326.9199999999983,1163.4599999999991
telco,logreg,200,7,0.1,0.35,368.91999999999825,184.45999999999913
telco,logreg,200,7,0.1,0.4,-1957.9599999999991,-978.9799999999996
telco,logreg,200,7,0.1,0.45,-3960.3599999999933,-1980.1799999999967
telco,logreg,200,7,0.1,0.5,-7809.019999999997,-3904.5099999999984
telco,logreg,200,7,0.2,0.05,9936.160000000003,4968.080000000002
telco,logreg,200,7,0.2,0.1,17121.320000000003,8560.660000000002
telco,logreg,200,7,0.2,0.15,23598.479999999996,11799.239999999998
telco,logreg,200,7,0.2,0.2,28017.280000000006,14008.640000000003
telco,logreg,200,7,0.2,0.25,31523.72,15761.86
telco,logreg,200,7,0.2,0.3,34653.84,17326.92
telco,logreg,200,7,0.2,0.35,35737.84,17868.92
telco,logreg,200,7,0.2,0.4,36084.08,18042.04
telco,logreg,200,7,0.2,0.45,37079.28000000001,18539.640000000007
telco,logreg,200,7,0.2,0.5,34381.96000000001,17190.980000000003
telco,logreg,200,7,0.3,0.05,17404.240000000005,8702.120000000003
telco,logreg,200,7,0.3,0.1,30681.980000000003,15340.990000000002
telco,logreg,200,7,0.3,0.15,42897.71999999999,21448.859999999993
telco,logreg,200,7,0.3,0.2,52025.92,26012.96
telco,logreg,200,7,0.3,0.25,59785.57999999999,29892.789999999994
telco,logreg,200,7,0.3,0.3,66980.75999999998,33490.37999999999
telco,logreg,200,7,0.3,0.35,71106.75999999998,35553.37999999999
telco,logreg,200,7,0.3,0.4,74126.12000000001,37063.060000000005
telco,logreg,200,7,0.3,0.45,78118.92,39059.46
telco,logreg,200,7,0.3,0.5,76572.93999999999,38286.469999999994
telco,random,200,7,0.1,0.05,-2644.748,-1322.374
telco,random,200,7,0.1,0.1,-5289.496,-2644.748
telco,random,200,7,0.1,0.15,-7934.244,-3967.122
telco,random,200,7,0.1,0.2,-10578.992,-5289.496
telco,random,200,7,0.1,0.25,-13223.74,-6611.87
telco,random,200,7,0.1,0.3,-15868.488,-7934.244
telco,random,200,7,0.1,0.35,-18513.236,-9256.618
telco,random,200,7,0.1,0.4,-21157.984,-10578.992
telco,random,200,7,0.1,0.45,-23802.732,-11901.366
telco,random,200,7,0.1,0.5,-26447.48,-13223.74
telco,random,200,7,0.2,0.05,-289.4960000000001,-144.74800000000005
telco,random,200,7,0.2,0.1,-578.9920000000002,-289.4960000000001
telco,random,200,7,0.2,0.15,-868.4879999999994,-434.2439999999997
telco,random,200,7,0.2,0.2,-1157.9840000000004,-578.9920000000002
telco,random,200,7,0.2,0.25,-1447.4799999999996,-723.7399999999998
telco,random,200,7,0.2,0.3,-1736.9759999999987,-868.4879999999994
telco,random,200,7,0.2,0.35,-2026.4720000000016,-1013.2360000000007
telco,random,200,7,0.2,0.4,-2315.9680000000008,-1157.9840000000004
telco,random,200,7,0.2,0.45,-2605.464,-1302.732
telco,random,200,7,0.2,0.5,-2894.959999999999,-1447.4799999999996
telco,random,200,7,0.3,0.05,2065.7560000000003,1032.8780000000002
telco,random,200,7,0.3,0.1,4131.512000000001,2065.7560000000003
telco,random,200,7,0.3,0.15,6197.268,3098.634
telco,random,200,7,0.3,0.2,8263.024000000001,4131.512000000001
telco,random,200,7,0.3,0.25,10328.779999999999,5164.389999999999
telco,random,200,7,0.3,0.3,12394.536,6197.268
telco,random,200,7,0.3,0.35,14460.292000000001,7230.146000000001
telco,random,200,7,0.3,0.4,16526.048000000003,8263.024000000001
telco,random,200,7,0.3,0.45,18591.804000000004,9295.902000000002
telco,random,200,7,0.3,0.5,20657.559999999998,10328.779999999999
telco,tabpfn,200,8,0.1,0.05,2440.12,1220.06
telco,tabpfn,200,8,0.1,0.1,2505.8600000000006,1252.9300000000003
telco,tabpfn,200,8,0.1,0.15,2998.6800000000003,1499.3400000000001
telco,tabpfn,200,8,0.1,0.2,2478.16,1239.08
telco,tabpfn,200,8,0.1,0.25,1585.1599999999999,792.5799999999999
telco,tabpfn,200,8,0.1,0.3,61.55999999999767,30.779999999998836
telco,tabpfn,200,8,0.1,0.35,-1222.699999999997,-611.3499999999985
telco,tabpfn,200,8,0.1,0.4,-4205.799999999996,-2102.899999999998
telco,tabpfn,200,8,0.1,0.45,-6420.239999999998,-3210.119999999999
telco,tabpfn,200,8,0.1,0.5,-9789.14,-4894.57
telco,tabpfn,200,8,0.2,0.05,9880.24,4940.12
telco,tabpfn,200,8,0.2,0.1,15011.720000000001,7505.860000000001
telco,tabpfn,200,8,0.2,0.15,20997.36,10498.68
telco,tabpfn,200,8,0.2,0.2,24956.32,12478.16
telco,tabpfn,200,8,0.2,0.25,28170.32,14085.16
telco,tabpfn,200,8,0.2,0.3,30123.119999999995,15061.559999999998
telco,tabpfn,200,8,0.2,0.35,32554.600000000006,16277.300000000005
telco,tabpfn,200,8,0.2,0.4,31588.40000000001,15794.200000000004
telco,tabpfn,200,8,0.2,0.45,32159.520000000004,16079.76
telco,tabpfn,200,8,0.2,0.5,30421.72,15210.86
telco,tabpfn,200,8,0.3,0.05,17320.359999999997,8660.179999999998
telco,tabpfn,200,8,0.3,0.1,27517.579999999994,13758.789999999997
telco,tabpfn,200,8,0.3,0.15,38996.03999999999,19498.019999999997
telco,tabpfn,200,8,0.3,0.2,47434.479999999996,23717.239999999998
telco,tabpfn,200,8,0.3,0.25,54755.479999999996,27377.739999999998
telco,tabpfn,200,8,0.3,0.3,60184.67999999999,30092.339999999997
telco,tabpfn,200,8,0.3,0.35,66331.9,33165.95
telco,tabpfn,200,8,0.3,0.4,67382.59999999999,33691.299999999996
telco,tabpfn,200,8,0.3,0.45,70739.27999999998,35369.63999999999
telco,tabpfn,200,8,0.3,0.5,70632.57999999999,35316.28999999999
telco,xgb_optuna,200,8,0.1,0.05,1813.7200000000012,906.8600000000006
telco,xgb_optuna,200,8,0.1,0.1,2357.3600000000006,1178.6800000000003
telco,xgb_optuna,200,8,0.1,0.15,2436.1800000000003,1218.0900000000001
telco,xgb_optuna,200,8,0.1,0.2,2172.279999999999,1086.1399999999994
telco,xgb_optuna,200,8,0.1,0.25,1636.4600000000064,818.2300000000032
telco,xgb_optuna,200,8,0.1,0.3,20.04000000000451,10.020000000002256
telco,xgb_optuna,200,8,0.1,0.35,-1688.3599999999933,-844.1799999999967
telco,xgb_optuna,200,8,0.1,0.4,-4125.82,-2062.91
telco,xgb_optuna,200,8,0.1,0.45,-6509.699999999997,-3254.8499999999985
telco,xgb_optuna,200,8,0.1,0.5,-9214.639999999992,-4607.319999999996
telco,xgb_optuna,200,8,0.2,0.05,8627.440000000002,4313.720000000001
telco,xgb_optuna,200,8,0.2,0.1,14714.720000000001,7357.360000000001
telco,xgb_optuna,200,8,0.2,0.15,19872.36,9936.18
telco,xgb_optuna,200,8,0.2,0.2,24344.559999999998,12172.279999999999
telco,xgb_optuna,200,8,0.2,0.25,28272.920000000013,14136.460000000006
telco,xgb_optuna,200,8,0.2,0.3,30040.08000000001,15020.040000000005
telco,xgb_optuna,200,8,0.2,0.35,31623.280000000013,15811.640000000007
telco,xgb_optuna,200,8,0.2,0.4,31748.36,15874.18
telco,xgb_optuna,200,8,0.2,0.45,31980.600000000006,15990.300000000003
telco,xgb_optuna,200,8,0.2,0.5,31570.720000000016,15785.360000000008
telco,xgb_optuna,200,8,0.3,0.05,15441.160000000003,7720.580000000002
telco,xgb_optuna,200,8,0.3,0.1,27072.08,13536.04
telco,xgb_optuna,200,8,0.3,0.15,37308.53999999999,18654.269999999997
telco,xgb_optuna,200,8,0.3,0.2,46516.84,23258.42
telco,xgb_optuna,200,8,0.3,0.25,54909.380000000005,27454.690000000002
telco,xgb_optuna,200,8,0.3,0.3,60060.12000000001,30030.060000000005
telco,xgb_optuna,200,8,0.3,0.35,64934.92,32467.460000000003
telco,xgb_optuna,200,8,0.3,0.4,67622.54,33811.27
telco,xgb_optuna,200,8,0.3,0.45,70470.9,35235.45
telco,xgb_optuna,200,8,0.3,0.5,72356.08,36178.04
telco,xgb,200,8,0.1,0.05,1077.8199999999997,538.9099999999999
telco,xgb,200,8,0.1,0.1,816.9199999999983,408.4599999999991
telco,xgb,200,8,0.1,0.15,-72.2400000000016,-36.1200000000008
telco,xgb,200,8,0.1,0.2,-865.5200000000004,-432.7600000000002
telco,xgb,200,8,0.1,0.25,-1952.9199999999983,-976.4599999999991
telco,xgb,200,8,0.1,0.3,-3278.4599999999955,-1639.2299999999977
telco,xgb,200,8,0.1,0.35,-4896.02,-2448.01
telco,xgb,200,8,0.1,0.4,-6918.0999999999985,-3459.0499999999993
telco,xgb,200,8,0.1,0.45,-9678.18,-4839.09
telco,xgb,200,8,0.1,0.5,-12652.220000000001,-6326.110000000001
telco,xgb,200,8,0.2,0.05,7155.639999999999,3577.8199999999997
telco,xgb,200,8,0.2,0.1,11633.839999999997,5816.919999999998
telco,xgb,200,8,0.2,0.15,14855.519999999997,7427.759999999998
telco,xgb,200,8,0.2,0.2,18268.96,9134.48
telco,xgb,200,8,0.2,0.25,21094.160000000003,10547.080000000002
telco,xgb,200,8,0.2,0.3,23443.08000000001,11721.540000000005
telco,xgb,200,8,0.2,0.35,25207.96,12603.98
telco,xgb,200,8,0.2,0.4,26163.800000000003,13081.900000000001
telco,xgb,200,8,0.2,0.45,25643.64,12821.82
telco,xgb,200,8,0.2,0.5,24695.559999999998,12347.779999999999
telco,xgb,200,8,0.3,0.05,13233.46,6616.73
telco,xgb,200,8,0.3,0.1,22450.759999999995,11225.379999999997
telco,xgb,200,8,0.3,0.15,29783.27999999999,14891.639999999996
telco,xgb,200,8,0.3,0.2,37403.439999999995,18701.719999999998
telco,xgb,200,8,0.3,0.25,44141.23999999999,22070.619999999995
telco,xgb,200,8,0.3,0.3,50164.62000000001,25082.310000000005
telco,xgb,200,8,0.3,0.35,55311.93999999999,27655.969999999994
telco,xgb,200,8,0.3,0.4,59245.7,29622.85
telco,xgb,200,8,0.3,0.45,60965.46000000001,30482.730000000003
telco,xgb,200,8,0.3,0.5,62043.34,31021.67
telco,logreg,200,8,0.1,0.05,1670.7399999999998,835.3699999999999
telco,logreg,200,8,0.1,0.1,1918.9400000000023,959.4700000000012
telco,logreg,200,8,0.1,0.15,2050.3200000000033,1025.1600000000017
telco,logreg,200,8,0.1,0.2,1360.420000000002,680.210000000001
telco,logreg,200,8,0.1,0.25,497.96000000000276,248.98000000000138
telco,logreg,200,8,0.1,0.3,-1722.479999999996,-861.239999999998
telco,logreg,200,8,0.1,0.35,-3457.7599999999948,-1728.8799999999974
telco,logreg,200,8,0.1,0.4,-4921.719999999994,-2460.859999999997
telco,logreg,200,8,0.1,0.45,-7301.220000000001,-3650.6100000000006
telco,logreg,200,8,0.1,0.5,-10447.819999999992,-5223.909999999996
telco,logreg,200,8,0.2,0.05,8341.48,4170.74
telco,logreg,200,8,0.2,0.1,13837.880000000005,6918.940000000002
telco,logreg,200,8,0.2,0.15,19100.640000000007,9550.320000000003
telco,logreg,200,8,0.2,0.2,22720.840000000004,11360.420000000002
telco,logreg,200,8,0.2,0.25,25995.920000000006,12997.960000000003
telco,logreg,200,8,0.2,0.3,26555.040000000008,13277.520000000004
telco,logreg,200,8,0.2,0.35,28084.48000000001,14042.240000000005
telco,logreg,200,8,0.2,0.4,30156.560000000012,15078.280000000006
telco,logreg,200,8,0.2,0.45,30397.559999999998,15198.779999999999
telco,logreg,200,8,0.2,0.5,29104.360000000015,14552.180000000008
telco,logreg,200,8,0.3,0.05,15012.219999999998,7506.109999999999
telco,logreg,200,8,0.3,0.1,25756.82,12878.41
telco,logreg,200,8,0.3,0.15,36150.96,18075.48
telco,logreg,200,8,0.3,0.2,44081.26,22040.63
telco,logreg,200,8,0.3,0.25,51493.880000000005,25746.940000000002
telco,logreg,200,8,0.3,0.3,54832.56,27416.28
telco,logreg,200,8,0.3,0.35,59626.72,29813.36
telco,logreg,200,8,0.3,0.4,65234.84000000001,32617.420000000002
telco,logreg,200,8,0.3,0.45,68096.34,34048.17
telco,logreg,200,8,0.3,0.5,68656.54000000001,34328.270000000004
telco,random,200,8,0.1,0.05,-2632.934,-1316.467
telco,random,200,8,0.1,0.1,-5265.868,-2632.934
telco,random,200,8,0.1,0.15,-7898.802000000001,-3949.4010000000003
telco,random,200,8,0.1,0.2,-10531.736,-5265.868
telco,random,200,8,0.1,0.25,-13164.670000000002,-6582.335000000001
telco,random,200,8,0.1,0.3,-15797.604000000001,-7898.802000000001
telco,random,200,8,0.1,0.35,-18430.538,-9215.269
telco,random,200,8,0.1,0.4,-21063.472,-10531.736
telco,random,200,8,0.1,0.45,-23696.406000000003,-11848.203000000001
telco,random,200,8,0.1,0.5,-26329.340000000004,-13164.670000000002
telco,random,200,8,0.2,0.05,-265.8680000000004,-132.9340000000002
telco,random,200,8,0.2,0.1,-531.7360000000008,-265.8680000000004
telco,random,200,8,0.2,0.15,-797.6040000000012,-398.8020000000006
telco,random,200,8,0.2,0.2,-1063.4720000000016,-531.7360000000008
telco,random,200,8,0.2,0.25,-1329.3400000000038,-664.6700000000019
telco,random,200,8,0.2,0.3,-1595.2080000000024,-797.6040000000012
telco,random,200,8,0.2,0.35,-1861.076000000001,-930.5380000000005
telco,random,200,8,0.2,0.4,-2126.944000000003,-1063.4720000000016
telco,random,200,8,0.2,0.45,-2392.8120000000054,-1196.4060000000027
telco,random,200,8,0.2,0.5,-2658.6800000000076,-1329.3400000000038
telco,random,200,8,0.3,0.05,2101.1979999999994,1050.5989999999997
telco,random,200,8,0.3,0.1,4202.395999999999,2101.1979999999994
telco,random,200,8,0.3,0.15,6303.593999999997,3151.7969999999987
telco,random,200,8,0.3,0.2,8404.791999999998,4202.395999999999
telco,random,200,8,0.3,0.25,10505.989999999998,5252.994999999999
telco,random,200,8,0.3,0.3,12607.187999999995,6303.593999999997
telco,random,200,8,0.3,0.35,14708.385999999999,7354.192999999999
telco,random,200,8,0.3,0.4,16809.583999999995,8404.791999999998
telco,random,200,8,0.3,0.45,18910.781999999992,9455.390999999996
telco,random,200,8,0.3,0.5,21011.979999999996,10505.989999999998
telco,tabpfn,200,9,0.1,0.05,1142.8600000000006,571.4300000000003
telco,tabpfn,200,9,0.1,0.1,2927.7800000000007,1463.8900000000003
telco,tabpfn,200,9,0.1,0.15,3263.34,1631.67
telco,tabpfn,200,9,0.1,0.2,2737.6600000000035,1368.8300000000017
telco,tabpfn,200,9,0.1,0.25,1606.3400000000038,803.1700000000019
telco,tabpfn,200,9,0.1,0.3,1292.4000000000015,646.2000000000007
telco,tabpfn,200,9,0.1,0.35,-613.6999999999971,-306.84999999999854
telco,tabpfn,200,9,0.1,0.4,-2974.479999999996,-1487.239999999998
telco,tabpfn,200,9,0.1,0.45,-5600.220000000001,-2800.1100000000006
telco,tabpfn,200,9,0.1,0.5,-9000.199999999997,-4500.0999999999985
telco,tabpfn,200,9,0.2,0.05,7285.720000000001,3642.8600000000006
telco,tabpfn,200,9,0.2,0.1,15855.560000000001,7927.780000000001
telco,tabpfn,200,9,0.2,0.15,21526.68,10763.34
telco,tabpfn,200,9,0.2,0.2,25475.320000000007,12737.660000000003
telco,tabpfn,200,9,0.2,0.25,28212.680000000008,14106.340000000004
telco,tabpfn,200,9,0.2,0.3,32584.800000000003,16292.400000000001
telco,tabpfn,200,9,0.2,0.35,33772.600000000006,16886.300000000003
telco,tabpfn,200,9,0.2,0.4,34051.04000000001,17025.520000000004
telco,tabpfn,200,9,0.2,0.45,33799.56,16899.78
telco,tabpfn,200,9,0.2,0.5,31999.600000000006,15999.800000000003
telco,tabpfn,200,9,0.3,0.05,13428.579999999998,6714.289999999999
telco,tabpfn,200,9,0.3,0.1,28783.339999999997,14391.669999999998
telco,tabpfn,200,9,0.3,0.15,39790.02,19895.01
telco,tabpfn,200,9,0.3,0.2,48212.979999999996,24106.489999999998
telco,tabpfn,200,9,0.3,0.25,54819.020000000004,27409.510000000002
telco,tabpfn,200,9,0.3,0.3,63877.2,31938.6
telco,tabpfn,200,9,0.3,0.35,68158.9,34079.45
telco,tabpfn,200,9,0.3,0.4,71076.56,35538.28
telco,tabpfn,200,9,0.3,0.45,73199.34,36599.67
telco,tabpfn,200,9,0.3,0.5,72999.4,36499.7
telco,xgb_optuna,200,9,0.1,0.05,954.9400000000005,477.47000000000025
telco,xgb_optuna,200,9,0.1,0.1,2385.5,1192.75
telco,xgb_optuna,200,9,0.1,0.15,3588.2400000000016,1794.1200000000008
telco,xgb_optuna,200,9,0.1,0.2,3213.1600000000035,1606.5800000000017
telco,xgb_optuna,200,9,0.1,0.25,939.380000000001,469.6900000000005
telco,xgb_optuna,200,9,0.1,0.3,72.95999999999913,36.47999999999956
telco,xgb_optuna,200,9,0.1,0.35,-1670.9599999999991,-835.4799999999996
telco,xgb_optuna,200,9,0.1,0.4,-4175.860000000001,-2087.9300000000003
telco,xgb_optuna,200,9,0.1,0.45,-6370.440000000002,-3185.220000000001
telco,xgb_optuna,200,9,0.1,0.5,-9293.839999999997,-4646.919999999998
telco,xgb_optuna,200,9,0.2,0.05,6909.880000000001,3454.9400000000005
telco,xgb_optuna,200,9,0.2,0.1,14771.0,7385.5
telco,xgb_optuna,200,9,0.2,0.15,22176.480000000003,11088.240000000002
telco,xgb_optuna,200,9,0.2,0.2,26426.320000000007,13213.160000000003
telco,xgb_optuna,200,9,0.2,0.25,26878.760000000002,13439.380000000001
telco,xgb_optuna,200,9,0.2,0.3,30145.92,15072.96
telco,xgb_optuna,200,9,0.2,0.35,31658.08,15829.04
telco,xgb_optuna,200,9,0.2,0.4,31648.28,15824.14
telco,xgb_optuna,200,9,0.2,0.45,32259.119999999995,16129.559999999998
telco,xgb_optuna,200,9,0.2,0.5,31412.320000000007,15706.160000000003
telco,xgb_optuna,200,9,0.3,0.05,12864.82,6432.41
telco,xgb_optuna,200,9,0.3,0.1,27156.499999999993,13578.249999999996
telco,xgb_optuna,200,9,0.3,0.15,40764.719999999994,20382.359999999997
telco,xgb_optuna,200,9,0.3,0.2,49639.479999999996,24819.739999999998
telco,xgb_optuna,200,9,0.3,0.25,52818.14,26409.07
telco,xgb_optuna,200,9,0.3,0.3,60218.87999999999,30109.439999999995
telco,xgb_optuna,200,9,0.3,0.35,64987.12000000001,32493.56
telco,xgb_optuna,200,9,0.3,0.4,67472.41999999998,33736.20999999999
telco,xgb_optuna,200,9,0.3,0.45,70888.68,35444.34
telco,xgb_optuna,200,9,0.3,0.5,72118.48000000001,36059.240000000005
telco,xgb,200,9,0.1,0.05,1346.3199999999997,673.1599999999999
telco,xgb,200,9,0.1,0.1,1998.1400000000012,999.0700000000006
telco,xgb,200,9,0.1,0.15,1070.4599999999991,535.2299999999996
telco,xgb,200,9,0.1,0.2,1026.2200000000012,513.1100000000006
telco,xgb,200,9,0.1,0.25,-57.7599999999984,-28.8799999999992
telco,xgb,200,9,0.1,0.3,-2057.5200000000004,-1028.7600000000002
telco,xgb,200,9,0.1,0.35,-3377.0599999999977,-1688.5299999999988
telco,xgb,200,9,0.1,0.4,-6183.219999999994,-3091.609999999997
telco,xgb,200,9,0.1,0.45,-8963.280000000006,-4481.640000000003
telco,xgb,200,9,0.1,0.5,-11829.859999999993,-5914.929999999997
telco,xgb,200,9,0.2,0.05,7692.639999999999,3846.3199999999997
telco,xgb,200,9,0.2,0.1,13996.280000000002,6998.140000000001
telco,xgb,200,9,0.2,0.15,17140.92,8570.46
telco,xgb,200,9,0.2,0.2,22052.440000000002,11026.220000000001
telco,xgb,200,9,0.2,0.25,24884.480000000003,12442.240000000002
telco,xgb,200,9,0.2,0.3,25884.96,12942.48
telco,xgb,200,9,0.2,0.35,28245.880000000005,14122.940000000002
telco,xgb,200,9,0.2,0.4,27633.560000000012,13816.780000000006
telco,xgb,200,9,0.2,0.45,27073.439999999988,13536.719999999994
telco,xgb,200,9,0.2,0.5,26340.280000000013,13170.140000000007
telco,xgb,200,9,0.3,0.05,14038.96,7019.48
telco,xgb,200,9,0.3,0.1,25994.42,12997.21
telco,xgb,200,9,0.3,0.15,33211.37999999999,16605.689999999995
telco,xgb,200,9,0.3,0.2,43078.66,21539.33
telco,xgb,200,9,0.3,0.25,49826.72,24913.36
telco,xgb,200,9,0.3,0.3,53827.43999999999,26913.719999999994
telco,xgb,200,9,0.3,0.35,59868.82000000001,29934.410000000003
telco,xgb,200,9,0.3,0.4,61450.34000000001,30725.170000000006
telco,xgb,200,9,0.3,0.45,63110.15999999999,31555.079999999994
telco,xgb,200,9,0.3,0.5,64510.42,32255.21
telco,logreg,200,9,0.1,0.05,2471.4399999999996,1235.7199999999998
telco,logreg,200,9,0.1,0.1,3126.7400000000034,1563.3700000000017
telco,logreg,200,9,0.1,0.15,2986.140000000003,1493.0700000000015
telco,logreg,200,9,0.1,0.2,2275.600000000002,1137.800000000001
telco,logreg,200,9,0.1,0.25,2105.600000000002,1052.800000000001
telco,logreg,200,9,0.1,0.3,-30.360000000000582,-15.180000000000291
telco,logreg,200,9,0.1,0.35,-1476.1399999999994,-738.0699999999997
telco,logreg,200,9,0.1,0.4,-3587.2599999999948,-1793.6299999999974
telco,logreg,200,9,0.1,0.45,-5254.259999999995,-2627.1299999999974
telco,logreg,200,9,0.1,0.5,-8458.51999999999,-4229.259999999995
telco,logreg,200,9,0.2,0.05,9942.88,4971.44
telco,logreg,200,9,0.2,0.1,16253.480000000007,8126.740000000003
telco,logreg,200,9,0.2,0.15,20972.280000000006,10486.140000000003
telco,logreg,200,9,0.2,0.2,24551.200000000004,12275.600000000002
telco,logreg,200,9,0.2,0.25,29211.200000000004,14605.600000000002
telco,logreg,200,9,0.2,0.3,29939.28,14969.64
telco,logreg,200,9,0.2,0.35,32047.72,16023.859999999999
telco,logreg,200,9,0.2,0.4,32825.48000000001,16412.740000000005
telco,logreg,200,9,0.2,0.45,34491.48000000001,17245.740000000005
telco,logreg,200,9,0.2,0.5,33082.96000000002,16541.48000000001
telco,logreg,200,9,0.3,0.05,17414.319999999996,8707.159999999998
telco,logreg,200,9,0.3,0.1,29380.22000000001,14690.110000000004
telco,logreg,200,9,0.3,0.15,38958.420000000006,19479.210000000003
telco,logreg,200,9,0.3,0.2,46826.8,23413.4
telco,logreg,200,9,0.3,0.25,56316.8,28158.4
telco,logreg,200,9,0.3,0.3,59908.919999999984,29954.459999999992
telco,logreg,200,9,0.3,0.35,65571.57999999999,32785.78999999999
telco,logreg,200,9,0.3,0.4,69238.22,34619.11
telco,logreg,200,9,0.3,0.45,74237.22,37118.61
telco,logreg,200,9,0.3,0.5,74624.44,37312.22
telco,random,200,9,0.1,0.05,-2648.219,-1324.1095
telco,random,200,9,0.1,0.1,-5296.438,-2648.219
telco,random,200,9,0.1,0.15,-7944.657000000001,-3972.3285000000005
telco,random,200,9,0.1,0.2,-10592.876,-5296.438
telco,random,200,9,0.1,0.25,-13241.095000000001,-6620.547500000001
telco,random,200,9,0.1,0.3,-15889.314000000002,-7944.657000000001
telco,random,200,9,0.1,0.35,-18537.533000000003,-9268.766500000002
telco,random,200,9,0.1,0.4,-21185.752,-10592.876
telco,random,200,9,0.1,0.45,-23833.971,-11916.9855
telco,random,200,9,0.1,0.5,-26482.190000000002,-13241.095000000001
telco,random,200,9,0.2,0.05,-296.4380000000001,-148.21900000000005
telco,random,200,9,0.2,0.1,-592.8760000000002,-296.4380000000001
telco,random,200,9,0.2,0.15,-889.3140000000021,-444.65700000000106
telco,random,200,9,0.2,0.2,-1185.7520000000004,-592.8760000000002
telco,random,200,9,0.2,0.25,-1482.1900000000023,-741.0950000000012
telco,random,200,9,0.2,0.3,-1778.6280000000042,-889.3140000000021
telco,random,200,9,0.2,0.35,-2075.066000000006,-1037.533000000003
telco,random,200,9,0.2,0.4,-2371.504000000001,-1185.7520000000004
telco,random,200,9,0.2,0.45,-2667.9420000000027,-1333.9710000000014
telco,random,200,9,0.2,0.5,-2964.3800000000047,-1482.1900000000023
telco,random,200,9,0.3,0.05,2055.342999999999,1027.6714999999995
telco,random,200,9,0.3,0.1,4110.685999999998,2055.342999999999
telco,random,200,9,0.3,0.15,6166.028999999999,3083.0144999999993
telco,random,200,9,0.3,0.2,8221.371999999996,4110.685999999998
telco,random,200,9,0.3,0.25,10276.714999999997,5138.357499999998
telco,random,200,9,0.3,0.3,12332.057999999997,6166.028999999999
telco,random,200,9,0.3,0.35,14387.40099999999,7193.700499999995
telco,random,200,9,0.3,0.4,16442.74399999999,8221.371999999996
telco,random,200,9,0.3,0.45,18498.086999999992,9249.043499999996
telco,random,200,9,0.3,0.5,20553.429999999993,10276.714999999997
